timestamp,temperature,humidity,pressure,light
0.0,24.04,44.95,1012.26,318.8
1.0,24.0,44.71,1012.3,321.5
2.0,24.0,45.43,1012.33,317.0
3.0,23.97,45.56,1012.44,311.7
4.0,23.88,45.57,1012.53,321.3
5.0,23.81,46.12,1012.2,316.7
6.0,24.09,44.41,1012.58,322.2
7.0,23.89,44.97,1012.53,319.4
8.0,23.98,45.0,1012.24,315.6
9.0,23.88,45.11,1012.17,320.7
10.0,24.03,44.87,1012.37,321.1
11.0,23.99,45.33,1012.46,311.8
12.0,23.86,45.19,1012.41,320.3
13.0,24.04,44.9,1012.46,322.3
14.0,23.93,45.19,1012.38,322.6
15.0,24.11,45.23,1012.45,319.6
16.0,23.84,45.35,1012.53,317.2
17.0,24.06,45.22,1012.25,319.4
18.0,24.06,44.79,1012.38,321.5
19.0,23.94,44.68,1012.26,323.3
20.0,23.8,45.27,1012.37,316.4
21.0,24.01,44.97,1012.41,319.4
22.0,24.22,44.78,1012.41,321.5
23.0,24.02,45.14,1012.5,327.3
24.0,23.92,44.69,1012.53,318.1
25.0,23.99,45.17,1012.49,316.4
26.0,23.93,44.46,1012.47,322.5
27.0,23.98,44.91,1012.31,316.0
28.0,24.1,45.29,1012.43,319.7
29.0,24.08,45.39,1012.4,318.4
30.0,23.99,45.23,1012.34,323.7
31.0,24.07,44.67,1012.53,319.3
32.0,24.03,45.04,1012.38,320.4
33.0,24.06,45.03,1012.3,323.2
34.0,23.96,45.66,1012.58,318.0
35.0,24.15,44.89,1012.52,320.5
36.0,24.02,45.09,1012.22,319.4
37.0,24.1,44.87,1012.27,320.0
38.0,23.9,45.06,1012.24,318.6
39.0,24.04,45.3,1012.47,320.0
40.0,23.94,45.48,1012.19,320.4
41.0,23.99,44.96,1012.47,319.1
42.0,24.05,44.64,1012.28,321.1
43.0,24.03,45.03,1012.66,320.8
44.0,23.97,45.2,1012.6,326.0
45.0,24.06,44.9,1012.24,323.5
46.0,23.86,45.13,1012.56,321.9
47.0,24.08,45.11,1012.37,319.8
48.0,24.08,45.64,1012.37,321.0
49.0,24.02,45.05,1012.54,318.1
50.0,24.03,45.44,1012.65,318.7
51.0,24.03,45.03,1012.32,321.3
52.0,24.09,44.22,1012.38,323.7
53.0,23.95,45.0,1012.41,319.1
54.0,23.93,45.32,1012.41,313.7
55.0,24.03,45.79,1012.45,321.2
56.0,23.97,44.62,1012.54,326.0
57.0,24.11,45.09,1012.35,317.4
58.0,23.98,45.49,1012.39,316.4
59.0,24.19,45.59,1012.57,321.3
60.0,24.01,45.19,1012.52,323.8
61.0,23.97,44.37,1012.38,316.5
62.0,24.0,44.41,1012.39,319.0
63.0,24.02,44.8,1012.35,321.4
64.0,23.97,44.47,1012.41,322.5
65.0,23.95,45.25,1012.46,323.2
66.0,24.0,45.64,1012.33,318.9
67.0,24.11,44.99,1012.55,320.7
68.0,24.01,44.8,1012.16,321.9
69.0,23.99,44.87,1012.67,319.8
70.0,23.98,46.03,1012.55,314.9
71.0,23.97,45.34,1012.07,323.8
72.0,23.87,45.55,1012.28,319.4
73.0,23.95,45.05,1012.46,321.7
74.0,23.95,44.98,1012.25,323.8
75.0,24.08,44.92,1012.57,324.6
76.0,23.96,44.35,1012.47,318.3
77.0,24.0,45.44,1012.47,320.7
78.0,24.04,45.0,1012.48,317.9
79.0,24.04,44.77,1012.46,318.5
80.0,23.99,45.05,1012.36,318.6
81.0,23.86,44.37,1012.7,320.9
82.0,24.02,45.88,1012.26,323.6
83.0,24.01,45.24,1012.51,318.8
84.0,24.03,45.4,1012.3,319.7
85.0,24.08,44.76,1012.46,320.6
86.0,24.05,45.18,1012.51,317.9
87.0,24.09,45.47,1012.64,318.7
88.0,24.03,45.12,1012.26,318.7
89.0,24.08,44.35,1012.33,312.9
90.0,24.07,44.23,1012.56,322.5
91.0,24.08,45.52,1012.46,324.4
92.0,24.09,45.14,1012.32,317.6
93.0,23.96,43.57,1012.52,321.2
94.0,23.98,45.21,1012.42,321.7
95.0,23.88,45.45,1012.54,321.5
96.0,24.01,44.64,1012.4,321.6
97.0,24.12,45.2,1012.21,318.2
98.0,24.02,44.51,1012.4,322.1
99.0,23.98,44.85,1012.25,317.5
100.0,23.98,45.58,1012.46,318.3
101.0,24.04,45.53,1012.31,318.2
102.0,23.99,45.39,1012.6,316.5
103.0,24.03,44.97,1012.51,326.0
104.0,23.99,44.95,1012.63,324.5
105.0,24.07,44.48,1012.28,318.3
106.0,24.04,45.08,1012.48,309.3
107.0,23.94,45.11,1012.47,322.2
108.0,23.99,44.58,1012.45,321.2
109.0,24.04,44.87,1012.3,315.7
110.0,24.08,45.38,1012.29,322.1
111.0,23.9,44.67,1012.28,316.5
112.0,24.05,44.59,1012.49,323.8
113.0,23.96,44.85,1012.59,326.6
114.0,24.1,44.64,1012.32,318.5
115.0,24.12,45.2,1012.87,322.8
116.0,24.04,44.86,1012.62,319.8
117.0,24.01,45.6,1012.56,321.5
118.0,23.87,45.16,1012.41,322.2
119.0,24.05,45.28,1012.16,318.1
120.0,23.93,44.98,1012.4,317.5
121.0,24.07,45.09,1012.3,322.4
122.0,24.06,45.09,1012.57,319.5
123.0,23.99,45.66,1012.35,316.8
124.0,24.15,45.68,1012.0,317.5
125.0,24.02,45.74,1012.47,316.1
126.0,24.04,45.11,1012.58,323.5
127.0,24.02,45.17,1012.38,320.0
128.0,23.85,45.02,1012.21,326.1
129.0,23.99,45.19,1012.4,328.6
130.0,24.17,44.86,1012.51,319.6
131.0,24.05,45.94,1012.55,317.0
132.0,23.95,45.3,1012.53,316.3
133.0,23.94,44.8,1012.45,317.8
134.0,24.04,45.28,1012.3,318.3
135.0,24.07,44.63,1012.61,317.8
136.0,24.0,45.39,1012.22,323.6
137.0,23.95,45.27,1012.54,320.7
138.0,24.05,45.18,1012.51,322.1
139.0,23.97,44.63,1012.47,318.7
140.0,23.94,44.78,1012.52,318.0
141.0,24.08,45.11,1012.42,322.0
142.0,23.93,44.97,1012.42,320.7
143.0,24.06,44.68,1012.17,319.3
144.0,23.95,44.85,1012.34,321.7
145.0,23.95,45.17,1012.35,321.7
146.0,24.03,44.98,1012.41,319.5
147.0,24.03,44.97,1012.22,318.7
148.0,24.16,44.43,1012.39,318.0
149.0,23.99,44.98,1012.05,318.6
150.0,24.03,45.26,1012.5,326.4
151.0,24.05,45.04,1012.48,320.9
152.0,24.09,44.39,1012.24,319.8
153.0,24.08,44.27,1012.18,320.1
154.0,23.92,45.39,1012.54,317.3
155.0,23.95,44.72,1012.57,324.2
156.0,23.97,45.15,1012.25,319.4
157.0,24.04,44.37,1012.56,319.6
158.0,24.06,44.98,1012.24,322.1
159.0,24.1,45.07,1012.12,315.3
160.0,24.0,44.52,1012.37,317.4
161.0,24.01,45.85,1012.49,321.6
162.0,23.99,45.19,1012.27,326.3
163.0,23.82,44.42,1012.09,317.7
164.0,24.1,45.35,1012.37,315.1
165.0,23.98,44.87,1012.54,315.8
166.0,24.12,45.14,1012.57,323.5
167.0,24.0,45.01,1012.71,320.9
168.0,24.05,44.88,1012.56,320.0
169.0,23.87,44.86,1012.46,318.4
170.0,24.03,44.08,1012.74,321.2
171.0,24.02,44.36,1012.13,321.8
172.0,24.12,44.53,1012.47,321.1
173.0,24.03,44.91,1012.55,320.0
174.0,23.97,44.48,1012.59,318.5
175.0,24.01,45.36,1012.67,318.2
176.0,23.95,45.15,1012.47,314.4
177.0,24.09,45.72,1012.29,320.6
178.0,23.97,45.24,1012.28,318.1
179.0,23.96,44.44,1012.41,317.4
180.0,24.04,44.76,1012.31,320.4
181.0,23.92,44.86,1012.68,319.5
182.0,24.15,45.02,1012.65,318.3
183.0,24.01,44.7,1012.38,323.7
184.0,24.07,44.68,1012.48,319.6
185.0,24.05,44.46,1012.44,314.8
186.0,24.1,44.85,1012.45,319.6
187.0,24.0,45.1,1012.18,326.3
188.0,24.03,44.84,1012.29,319.8
189.0,23.95,44.72,1012.36,323.8
190.0,24.2,45.2,1012.41,319.2
191.0,23.96,45.42,1012.49,319.3
192.0,23.97,44.53,1012.58,318.2
193.0,23.78,45.37,1012.19,318.0
194.0,23.79,45.07,1012.15,317.4
195.0,23.98,45.42,1012.18,321.3
196.0,24.07,45.21,1012.32,318.1
197.0,24.01,43.94,1012.39,320.5
198.0,24.04,45.02,1012.28,315.2
199.0,23.97,45.22,1012.37,323.4
200.0,24.08,44.85,1012.38,321.5
201.0,24.05,45.39,1012.51,315.6
202.0,24.01,45.09,1012.32,315.7
203.0,24.06,44.83,1012.62,316.8
204.0,24.09,44.57,1012.51,320.2
205.0,23.92,44.84,1012.35,318.9
206.0,24.0,45.03,1012.28,324.4
207.0,23.92,45.23,1012.24,316.3
208.0,24.02,45.1,1012.26,322.4
209.0,24.06,45.11,1012.36,324.9
210.0,23.99,44.68,1012.28,318.1
211.0,23.96,45.23,1012.46,321.3
212.0,23.97,46.05,1012.42,321.6
213.0,24.03,44.78,1012.22,318.9
214.0,23.93,44.77,1012.29,319.7
215.0,23.84,45.01,1012.16,316.5
216.0,23.89,44.52,1012.29,320.6
217.0,24.17,45.55,1012.28,317.9
218.0,23.95,45.05,1012.32,319.6
219.0,24.05,45.34,1012.42,316.4
220.0,23.96,45.76,1012.49,318.3
221.0,23.95,45.71,1012.58,322.4
222.0,24.11,44.7,1012.73,318.4
223.0,24.03,45.07,1012.45,313.2
224.0,24.02,45.66,1012.57,315.7
225.0,24.0,45.06,1012.25,318.9
226.0,24.1,44.51,1012.34,319.7
227.0,24.0,45.05,1012.3,313.9
228.0,24.04,44.87,1012.32,324.1
229.0,24.13,44.6,1012.43,323.3
230.0,24.01,45.39,1012.68,320.0
231.0,23.92,45.05,1012.47,313.8
232.0,24.07,45.09,1012.54,318.9
233.0,24.04,45.64,1012.71,324.0
234.0,23.91,45.34,1012.24,321.8
235.0,23.96,44.85,1012.43,323.8
236.0,23.97,44.88,1012.35,319.1
237.0,23.97,44.72,1012.34,321.4
238.0,24.07,45.55,1012.13,317.3
239.0,23.89,44.78,1012.56,320.4
240.0,23.82,44.77,1012.39,322.9
241.0,23.98,44.95,1012.17,319.1
242.0,23.92,44.33,1012.44,318.3
243.0,24.0,44.2,1012.49,315.3
244.0,24.13,44.6,1012.42,318.2
245.0,24.12,45.08,1012.48,320.9
246.0,24.06,45.49,1012.38,319.4
247.0,24.08,44.57,1012.26,317.1
248.0,23.91,45.09,1012.35,320.4
249.0,23.99,45.43,1012.13,315.5
250.0,23.94,45.14,1012.27,325.2
251.0,24.1,44.8,1012.15,321.1
252.0,24.0,44.98,1012.61,325.4
253.0,24.0,45.26,1012.48,321.5
254.0,24.02,44.38,1012.38,320.4
255.0,24.03,44.74,1012.36,322.2
256.0,23.98,44.93,1012.39,321.4
257.0,24.02,45.7,1012.4,320.0
258.0,23.92,44.17,1011.96,319.4
259.0,24.11,45.19,1012.18,314.3
260.0,23.98,44.76,1012.65,321.0
261.0,24.03,44.93,1012.44,317.2
262.0,24.05,44.75,1012.59,319.7
263.0,24.06,44.28,1012.38,319.0
264.0,24.03,44.62,1011.97,318.6
265.0,23.97,45.63,1012.37,314.9
266.0,24.16,44.52,1012.57,321.1
267.0,24.09,45.05,1012.33,319.6
268.0,23.95,45.62,1012.22,321.5
269.0,24.0,44.86,1012.43,322.6
270.0,24.08,44.78,1012.65,317.0
271.0,24.09,45.13,1012.56,316.2
272.0,24.13,45.2,1012.69,318.0
273.0,23.98,45.08,1012.53,320.5
274.0,24.04,44.72,1012.57,321.5
275.0,23.98,45.28,1012.17,320.1
276.0,24.06,44.47,1012.38,319.7
277.0,24.04,44.94,1012.12,315.1
278.0,24.06,45.34,1012.4,315.0
279.0,24.0,44.39,1012.47,322.4
280.0,24.1,44.47,1012.69,320.3
281.0,23.93,44.01,1012.37,320.9
282.0,24.01,45.04,1012.3,312.7
283.0,24.06,44.63,1012.34,324.7
284.0,23.9,44.61,1012.56,322.6
285.0,24.11,44.85,1012.3,317.5
286.0,23.98,44.65,1012.58,322.8
287.0,23.98,45.22,1012.5,320.2
288.0,23.98,45.31,1012.15,326.6
289.0,23.87,44.74,1012.39,322.1
290.0,24.03,45.28,1012.32,319.2
291.0,24.07,45.17,1012.48,317.0
292.0,23.87,44.52,1012.33,324.4
293.0,24.02,44.55,1012.3,320.5
294.0,24.01,44.74,1012.7,323.6
295.0,23.97,44.66,1012.51,318.3
296.0,24.04,45.87,1012.34,321.6
297.0,23.97,44.62,1012.3,318.6
298.0,24.18,44.34,1012.33,318.3
299.0,24.01,45.33,1012.61,319.4
300.0,24.07,44.61,1012.45,318.2
301.0,23.96,44.84,1012.22,317.0
302.0,24.16,44.92,1012.58,316.4
303.0,24.04,45.05,1012.5,325.3
304.0,24.09,45.2,1012.37,321.9
305.0,24.02,45.25,1012.36,316.4
306.0,24.03,45.41,1012.27,318.1
307.0,23.95,44.95,1012.3,322.2
308.0,24.01,45.0,1012.6,322.4
309.0,24.0,45.22,1012.43,321.7
310.0,23.83,44.9,1012.33,318.8
311.0,23.99,44.64,1012.31,321.6
312.0,23.99,45.61,1012.17,322.5
313.0,24.01,45.1,1012.41,323.7
314.0,24.0,44.79,1012.47,326.3
315.0,24.05,44.97,1012.22,320.2
316.0,23.97,45.14,1012.44,316.6
317.0,23.97,44.08,1012.38,317.3
318.0,24.03,45.55,1012.19,317.4
319.0,23.92,45.34,1012.53,321.4
320.0,24.07,45.4,1012.25,324.6
321.0,23.86,45.26,1012.24,320.9
322.0,24.02,44.63,1012.3,317.9
323.0,24.01,45.33,1012.72,319.4
324.0,23.94,45.1,1012.36,318.5
325.0,24.06,46.44,1012.57,318.6
326.0,24.05,45.41,1012.28,318.4
327.0,24.06,45.04,1012.47,320.1
328.0,24.07,44.48,1012.16,317.9
329.0,23.98,45.3,1012.37,322.0
330.0,23.92,44.93,1012.6,319.6
331.0,24.02,45.04,1012.42,317.6
332.0,24.18,45.15,1012.38,322.7
333.0,24.05,44.63,1012.37,323.1
334.0,24.0,44.55,1012.39,319.6
335.0,24.08,44.4,1012.38,320.1
336.0,23.92,45.01,1012.35,318.1
337.0,24.03,44.38,1012.23,322.7
338.0,24.03,45.26,1012.47,322.5
339.0,24.07,44.79,1012.74,320.8
340.0,24.09,44.9,1012.13,320.0
341.0,23.9,44.76,1012.24,313.0
342.0,24.05,45.19,1012.43,315.0
343.0,24.06,44.93,1012.44,318.1
344.0,23.98,44.9,1012.45,320.9
345.0,23.95,44.3,1012.4,320.4
346.0,24.06,45.62,1012.13,317.8
347.0,24.05,44.96,1012.53,319.2
348.0,23.99,44.98,1012.48,319.9
349.0,24.04,45.26,1012.52,319.3
350.0,23.93,44.46,1012.63,323.1
351.0,23.9,44.89,1012.21,318.6
352.0,23.93,44.86,1012.34,317.3
353.0,23.97,44.69,1012.24,319.2
354.0,23.92,44.82,1012.3,319.0
355.0,24.0,45.25,1012.12,322.8
356.0,24.13,44.99,1012.5,318.0
357.0,24.07,44.85,1012.5,323.9
358.0,23.94,45.19,1012.72,320.5
359.0,23.88,45.61,1012.19,322.0
360.0,23.84,44.88,1012.43,320.7
361.0,23.95,44.84,1012.3,318.7
362.0,24.1,45.3,1012.33,318.2
363.0,23.93,44.58,1012.17,320.5
364.0,23.93,45.23,1012.5,320.3
365.0,24.07,45.01,1012.4,321.6
366.0,23.94,44.75,1012.62,322.5
367.0,23.98,44.97,1012.28,319.2
368.0,24.1,44.63,1012.49,320.4
369.0,23.93,45.18,1012.31,316.3
370.0,23.89,45.46,1012.25,318.2
371.0,24.06,44.26,1012.33,317.5
372.0,24.06,44.61,1012.6,319.1
373.0,23.93,44.74,1012.38,318.6
374.0,23.91,45.3,1012.49,322.5
375.0,23.91,44.38,1012.47,317.2
376.0,24.03,43.99,1012.51,318.5
377.0,24.01,44.73,1012.41,317.1
378.0,24.07,45.04,1012.12,320.0
379.0,23.97,45.8,1012.02,320.1
380.0,23.89,44.8,1012.4,316.6
381.0,24.11,44.65,1012.57,318.7
382.0,23.89,44.95,1012.35,313.6
383.0,23.86,45.37,1012.46,322.0
384.0,23.92,44.99,1012.63,322.4
385.0,23.95,45.14,1012.26,317.9
386.0,23.99,45.26,1012.46,319.2
387.0,24.04,45.19,1012.44,321.6
388.0,23.92,44.86,1012.41,319.7
389.0,24.15,45.12,1012.15,319.5
390.0,24.05,45.45,1012.23,314.4
391.0,23.91,45.15,1012.26,321.5
392.0,23.87,45.12,1012.04,314.4
393.0,23.9,44.97,1012.48,321.6
394.0,24.09,44.62,1012.48,323.2
395.0,23.95,45.01,1012.36,317.2
396.0,24.03,44.83,1012.29,320.7
397.0,24.0,45.21,1011.96,321.8
398.0,23.93,45.09,1012.0,319.5
399.0,24.04,45.18,1012.73,325.9
400.0,23.86,43.79,1012.47,320.4
401.0,23.95,45.97,1012.56,319.4
402.0,23.94,44.94,1012.32,322.8
403.0,24.02,45.12,1012.31,316.9
404.0,24.12,45.44,1012.33,316.7
405.0,23.97,45.18,1012.69,318.0
406.0,24.09,45.18,1012.36,321.8
407.0,24.0,45.79,1012.51,319.6
408.0,23.9,45.19,1012.46,321.6
409.0,23.98,45.01,1012.22,321.4
410.0,24.11,45.21,1012.53,319.5
411.0,23.85,45.08,1012.21,318.6
412.0,23.92,44.82,1012.52,317.7
413.0,24.04,44.65,1012.27,322.7
414.0,23.89,45.36,1012.41,322.3
415.0,23.77,45.11,1012.53,317.5
416.0,23.88,44.84,1012.52,319.8
417.0,24.06,44.55,1012.45,320.8
418.0,24.11,45.33,1012.36,317.9
419.0,23.99,44.69,1012.5,325.3
420.0,24.08,45.38,1012.5,324.2
421.0,24.01,44.77,1012.4,317.2
422.0,23.99,45.03,1012.52,326.3
423.0,23.89,45.29,1012.49,323.0
424.0,23.93,45.38,1012.64,324.8
425.0,24.01,45.17,1012.5,316.9
426.0,23.92,45.18,1012.77,316.9
427.0,24.02,45.44,1012.2,313.2
428.0,24.04,45.18,1012.27,324.6
429.0,23.94,45.18,1012.49,320.5
430.0,24.03,44.72,1012.53,323.3
431.0,24.04,45.15,1012.54,318.8
432.0,24.08,44.71,1012.41,321.2
433.0,23.97,45.11,1012.43,321.9
434.0,24.13,44.89,1012.58,320.7
435.0,23.95,45.48,1012.09,314.3
436.0,24.07,45.04,1012.21,320.2
437.0,24.07,45.2,1012.23,319.2
438.0,24.03,44.92,1012.55,319.7
439.0,24.0,45.55,1012.27,321.6
440.0,24.04,45.11,1012.47,318.3
441.0,24.02,44.33,1012.25,326.2
442.0,23.98,44.76,1012.41,323.7
443.0,23.85,45.22,1012.44,321.7
444.0,23.99,44.83,1012.4,318.1
445.0,24.02,45.26,1012.3,320.0
446.0,23.95,44.32,1012.52,320.9
447.0,24.02,44.84,1012.29,317.9
448.0,24.02,44.72,1012.37,317.0
449.0,24.01,44.94,1012.5,316.8
450.0,24.07,45.24,1012.4,318.2
451.0,24.05,44.58,1012.23,317.7
452.0,23.98,45.07,1012.25,320.8
453.0,24.08,44.62,1012.46,321.1
454.0,24.08,44.77,1012.29,319.4
455.0,24.02,45.33,1012.24,323.1
456.0,23.94,45.36,1012.07,324.3
457.0,24.0,44.42,1012.22,314.0
458.0,24.04,44.88,1012.47,317.0
459.0,23.9,44.51,1012.34,324.9
460.0,24.06,45.16,1012.19,325.3
461.0,23.96,45.16,1012.44,320.8
462.0,24.0,45.45,1012.4,319.9
463.0,23.99,45.04,1012.27,318.9
464.0,24.1,44.38,1012.36,319.5
465.0,24.0,45.46,1012.35,316.5
466.0,23.95,44.95,1012.24,316.8
467.0,23.85,44.16,1012.66,322.2
468.0,23.99,44.67,1012.41,311.5
469.0,24.05,44.93,1012.25,316.8
470.0,24.06,44.59,1012.58,315.3
471.0,24.0,45.24,1012.62,314.3
472.0,24.16,45.06,1012.42,317.8
473.0,24.18,44.65,1012.54,319.6
474.0,23.98,45.53,1012.57,320.2
475.0,24.13,45.21,1012.48,322.3
476.0,23.96,44.65,1012.44,317.0
477.0,24.06,45.29,1012.31,315.3
478.0,23.93,45.26,1012.44,316.8
479.0,23.97,45.73,1012.4,319.4
480.0,24.16,46.13,1012.32,320.3
481.0,24.04,45.42,1012.52,323.3
482.0,24.11,45.59,1012.48,317.8
483.0,24.01,44.85,1012.58,319.8
484.0,23.91,44.6,1012.36,318.2
485.0,23.98,45.38,1012.31,319.5
486.0,23.95,44.85,1012.31,315.8
487.0,24.01,44.68,1012.45,319.3
488.0,23.89,44.61,1012.42,323.3
489.0,24.0,44.68,1012.4,324.9
490.0,23.99,44.7,1012.32,323.0
491.0,24.13,45.4,1012.2,322.4
492.0,23.87,45.5,1012.63,323.6
493.0,23.84,45.52,1012.24,320.4
494.0,24.03,44.68,1012.22,316.4
495.0,23.95,44.53,1012.38,320.9
496.0,23.98,45.45,1012.31,319.6
497.0,23.98,45.59,1012.34,319.4
498.0,23.97,44.6,1012.54,324.5
499.0,23.97,44.63,1012.58,316.0
500.0,23.9,45.76,1012.29,320.9
501.0,23.99,45.12,1012.38,319.7
502.0,23.97,44.87,1012.54,320.8
503.0,24.2,44.45,1012.49,322.8
504.0,24.03,44.82,1012.43,319.9
505.0,24.03,44.63,1012.44,316.5
506.0,23.97,44.71,1012.22,318.5
507.0,24.02,44.79,1012.13,320.8
508.0,23.97,45.53,1012.43,315.6
509.0,24.11,45.07,1012.28,319.8
510.0,23.91,44.74,1012.54,321.7
511.0,23.97,43.65,1012.38,311.2
512.0,23.99,44.54,1012.78,319.2
513.0,23.95,45.65,1012.46,317.1
514.0,24.12,44.99,1012.53,322.1
515.0,24.02,44.51,1012.43,317.9
516.0,24.02,44.22,1012.25,316.8
517.0,23.88,46.06,1012.51,320.2
518.0,23.92,44.85,1012.35,313.1
519.0,24.07,45.25,1012.23,323.4
520.0,24.04,45.19,1012.32,321.9
521.0,23.91,45.06,1012.09,326.7
522.0,23.93,45.18,1012.51,319.8
523.0,23.88,45.26,1012.4,314.0
524.0,24.01,44.81,1012.37,319.2
525.0,23.82,44.95,1012.68,317.4
526.0,24.0,44.37,1012.44,320.9
527.0,23.81,45.26,1012.32,316.8
528.0,24.08,45.2,1012.4,321.7
529.0,24.06,44.71,1012.23,321.7
530.0,24.05,45.54,1012.43,315.4
531.0,23.98,45.65,1012.14,326.4
532.0,23.98,45.8,1012.39,319.8
533.0,23.92,45.99,1012.27,315.9
534.0,23.95,44.77,1012.53,319.2
535.0,23.99,44.66,1012.46,317.4
536.0,24.06,44.71,1012.38,316.2
537.0,24.03,45.58,1012.38,320.0
538.0,23.94,45.46,1012.79,318.9
539.0,23.99,44.57,1012.33,325.4
540.0,23.97,44.95,1012.42,319.7
541.0,24.05,45.02,1012.34,319.7
542.0,24.16,44.87,1012.33,318.0
543.0,24.03,45.02,1012.52,317.9
544.0,24.05,44.28,1012.13,314.9
545.0,24.0,44.72,1012.32,318.7
546.0,23.88,44.86,1012.6,318.8
547.0,24.04,44.87,1012.48,317.0
548.0,23.98,45.57,1012.33,318.3
549.0,23.9,45.07,1012.41,323.1
550.0,24.03,44.95,1012.37,325.2
551.0,24.09,45.6,1012.52,321.8
552.0,24.05,45.12,1012.38,313.5
553.0,24.01,44.89,1012.36,320.2
554.0,24.02,44.6,1012.32,317.8
555.0,24.03,44.91,1012.52,321.0
556.0,24.06,45.16,1012.61,321.9
557.0,24.02,45.26,1012.52,315.3
558.0,24.06,45.15,1012.34,319.3
559.0,23.95,45.77,1012.25,324.5
560.0,24.05,44.61,1012.48,317.0
561.0,24.01,45.56,1012.25,318.5
562.0,24.04,44.73,1012.48,319.9
563.0,24.13,44.6,1012.53,324.1
564.0,23.96,44.35,1012.47,318.0
565.0,23.96,45.07,1012.43,316.6
566.0,24.02,45.22,1012.42,317.1
567.0,23.89,44.72,1012.34,315.6
568.0,23.96,44.49,1012.73,319.7
569.0,23.88,45.51,1012.68,322.4
570.0,24.02,44.55,1012.47,319.6
571.0,24.0,45.51,1012.46,319.3
572.0,23.96,45.04,1012.51,320.9
573.0,24.08,45.05,1012.42,325.2
574.0,24.07,45.4,1012.46,321.1
575.0,24.09,45.29,1012.24,321.2
576.0,24.18,44.11,1012.22,318.9
577.0,24.07,44.91,1012.47,320.5
578.0,24.08,45.43,1012.38,320.0
579.0,24.11,44.98,1012.42,325.6
580.0,24.11,45.28,1012.4,319.9
581.0,23.92,45.03,1012.4,320.9
582.0,23.99,45.3,1012.36,315.3
583.0,24.05,44.7,1012.4,318.6
584.0,23.86,45.26,1012.37,316.5
585.0,24.12,44.74,1012.38,320.8
586.0,23.92,45.63,1012.4,313.6
587.0,23.96,45.27,1012.41,319.1
588.0,24.1,45.01,1012.21,321.2
589.0,24.0,44.29,1012.11,320.7
590.0,23.88,44.65,1012.13,314.6
591.0,23.84,44.6,1012.31,321.6
592.0,24.16,44.75,1012.15,313.4
593.0,23.97,45.29,1012.52,313.6
594.0,24.08,45.63,1012.49,322.9
595.0,23.87,44.27,1012.12,321.1
596.0,24.02,44.89,1012.38,319.9
597.0,24.11,45.3,1012.45,322.6
598.0,23.96,45.31,1012.61,320.0
599.0,23.97,45.32,1012.43,316.6
600.0,23.9,44.7,1012.2,319.3
601.0,23.92,45.26,1012.65,316.3
602.0,23.99,45.44,1012.25,320.1
603.0,23.96,44.95,1012.48,318.2
604.0,24.0,44.94,1012.39,319.9
605.0,23.86,44.87,1012.59,319.2
606.0,23.97,44.83,1012.4,318.4
607.0,23.98,45.73,1012.21,318.8
608.0,23.92,45.67,1012.21,320.7
609.0,24.03,45.79,1012.3,320.9
610.0,24.07,44.69,1012.24,325.8
611.0,24.02,45.2,1012.28,316.9
612.0,23.87,45.71,1012.42,321.9
613.0,24.09,46.13,1012.47,317.9
614.0,24.05,45.16,1012.26,322.7
615.0,23.85,44.95,1012.53,319.2
616.0,24.05,44.93,1012.19,318.8
617.0,23.99,45.5,1012.52,315.1
618.0,24.01,45.83,1012.07,321.6
619.0,24.09,44.74,1012.22,321.5
620.0,24.0,45.05,1012.37,320.4
621.0,23.9,44.72,1012.57,319.5
622.0,24.01,45.05,1012.49,319.8
623.0,23.96,45.83,1012.53,321.7
624.0,24.06,45.1,1012.44,324.6
625.0,24.04,44.98,1012.27,324.8
626.0,23.89,45.28,1012.51,320.7
627.0,24.1,45.57,1012.35,319.5
628.0,24.06,44.68,1012.19,319.7
629.0,24.05,44.52,1012.43,323.8
630.0,24.03,44.94,1012.34,320.8
631.0,23.95,44.79,1012.54,323.8
632.0,24.15,45.5,1012.28,322.3
633.0,23.9,45.21,1012.33,319.7
634.0,24.05,44.79,1012.36,315.6
635.0,24.0,44.4,1012.32,315.4
636.0,24.1,44.84,1012.45,318.1
637.0,23.98,44.84,1012.28,315.5
638.0,23.99,45.24,1012.51,322.5
639.0,24.03,44.08,1012.24,317.8
640.0,23.94,45.0,1012.62,315.3
641.0,23.91,44.97,1012.63,320.5
642.0,23.99,44.77,1012.38,322.5
643.0,23.92,44.73,1012.07,322.1
644.0,24.0,45.16,1012.48,319.9
645.0,23.99,44.31,1012.28,318.0
646.0,23.9,45.53,1012.2,322.3
647.0,24.07,45.25,1012.4,322.8
648.0,23.96,45.51,1012.15,320.0
649.0,24.0,44.24,1012.53,320.1
650.0,23.88,44.96,1012.6,321.5
651.0,23.94,45.31,1012.31,315.9
652.0,24.09,45.28,1012.18,322.1
653.0,23.95,45.22,1012.38,324.8
654.0,23.89,44.63,1012.26,316.0
655.0,23.94,45.03,1012.17,317.8
656.0,24.05,45.02,1012.42,317.5
657.0,24.02,44.72,1012.5,316.4
658.0,23.96,45.03,1012.5,325.5
659.0,24.14,45.09,1012.21,316.9
660.0,24.0,44.36,1012.42,314.1
661.0,23.81,45.14,1012.3,321.4
662.0,24.05,45.18,1012.46,319.8
663.0,24.0,44.7,1012.31,315.5
664.0,23.83,45.24,1012.37,321.4
665.0,24.07,45.48,1012.28,319.9
666.0,24.02,43.95,1012.28,317.9
667.0,24.08,45.48,1012.45,320.6
668.0,23.91,44.76,1012.21,318.0
669.0,23.97,44.88,1012.42,321.8
670.0,23.98,45.11,1012.19,318.3
671.0,23.97,44.18,1012.43,321.7
672.0,24.03,45.0,1012.64,318.6
673.0,24.03,44.81,1012.48,323.1
674.0,24.04,44.63,1012.61,320.7
675.0,23.93,45.41,1012.28,322.9
676.0,23.87,44.74,1012.27,323.0
677.0,24.16,44.56,1012.11,318.3
678.0,24.08,44.78,1012.28,316.9
679.0,23.83,44.08,1012.45,318.0
680.0,24.05,44.51,1012.51,326.5
681.0,24.04,44.07,1012.46,321.9
682.0,23.94,44.2,1012.26,324.8
683.0,24.06,45.15,1012.47,313.6
684.0,24.0,45.31,1012.48,316.4
685.0,23.85,44.89,1012.4,324.1
686.0,23.94,44.26,1012.63,321.5
687.0,24.02,44.72,1012.66,320.4
688.0,24.0,44.77,1012.57,316.5
689.0,24.0,44.61,1012.32,323.8
690.0,23.91,45.1,1012.29,315.6
691.0,23.87,45.02,1012.54,319.5
692.0,24.05,45.13,1012.66,318.9
693.0,24.04,44.8,1012.25,322.6
694.0,23.96,44.63,1012.63,321.1
695.0,24.1,45.53,1012.13,321.4
696.0,24.12,44.12,1012.41,323.4
697.0,24.06,44.73,1012.42,317.8
698.0,23.93,45.14,1012.5,319.5
699.0,23.99,44.58,1012.43,320.8
700.0,24.09,44.99,1012.49,318.9
701.0,23.92,45.44,1012.38,315.9
702.0,24.0,44.96,1012.21,320.6
703.0,24.07,45.04,1012.08,317.7
704.0,23.91,45.62,1012.6,320.9
705.0,23.88,44.95,1012.25,319.4
706.0,24.12,45.32,1012.57,319.8
707.0,24.05,44.99,1012.22,320.9
708.0,23.98,45.24,1012.66,324.1
709.0,23.91,44.96,1012.34,315.5
710.0,24.14,45.42,1012.27,323.1
711.0,24.04,45.11,1012.32,317.7
712.0,24.07,44.49,1012.3,319.7
713.0,24.18,44.3,1012.1,324.3
714.0,23.96,44.85,1012.25,321.8
715.0,24.0,45.29,1012.56,314.6
716.0,24.01,44.85,1012.22,316.1
717.0,24.03,44.92,1012.67,321.6
718.0,23.9,44.99,1012.53,322.2
719.0,24.02,45.64,1012.16,322.4
720.0,24.13,44.69,1012.47,322.4
721.0,24.05,44.57,1012.3,322.6
722.0,24.11,45.33,1012.19,317.0
723.0,23.89,44.69,1012.39,318.1
724.0,24.04,44.83,1012.69,319.1
725.0,23.98,44.22,1012.54,320.9
726.0,23.94,45.43,1012.38,324.6
727.0,23.96,45.25,1012.34,318.8
728.0,24.03,45.14,1012.39,323.2
729.0,24.0,45.21,1012.59,319.4
730.0,24.0,44.27,1012.27,319.2
731.0,24.04,45.52,1012.38,317.1
732.0,23.97,44.49,1012.61,324.6
733.0,23.98,44.67,1012.25,321.9
734.0,23.96,44.24,1012.5,323.8
735.0,24.05,45.16,1012.22,319.0
736.0,23.99,44.66,1012.51,320.0
737.0,23.96,43.98,1012.5,319.2
738.0,23.91,44.86,1012.3,325.3
739.0,23.98,44.91,1012.38,323.1
740.0,24.0,44.93,1012.52,317.6
741.0,23.97,44.84,1012.38,320.6
742.0,24.01,45.3,1012.39,317.9
743.0,23.97,44.85,1012.4,323.3
744.0,24.03,45.43,1012.34,312.8
745.0,24.03,44.93,1012.49,322.4
746.0,23.96,45.67,1012.38,318.2
747.0,23.98,45.16,1012.14,316.1
748.0,23.97,45.35,1012.27,316.2
749.0,23.9,45.02,1012.39,320.2
750.0,24.06,45.07,1012.33,319.1
751.0,23.91,44.41,1012.36,321.2
752.0,23.98,45.19,1012.46,323.2
753.0,23.98,44.8,1012.36,319.1
754.0,24.01,45.14,1012.61,321.5
755.0,24.12,45.14,1012.49,320.7
756.0,23.98,44.79,1012.28,317.3
757.0,23.88,44.8,1012.59,319.4
758.0,23.89,44.55,1012.44,313.1
759.0,23.84,44.46,1012.6,319.9
760.0,23.99,44.86,1012.66,313.4
761.0,23.98,44.69,1012.59,320.2
762.0,24.01,45.03,1012.46,323.0
763.0,23.94,45.16,1012.62,324.0
764.0,24.11,44.84,1012.26,315.0
765.0,24.01,44.8,1012.27,315.5
766.0,24.01,45.82,1012.28,323.0
767.0,24.02,45.76,1012.41,320.8
768.0,24.14,45.37,1012.45,321.4
769.0,23.88,45.09,1012.51,320.9
770.0,23.93,44.73,1012.53,319.5
771.0,23.98,44.99,1012.35,319.7
772.0,23.92,45.0,1012.48,317.5
773.0,23.97,45.32,1012.03,315.8
774.0,24.12,44.07,1012.43,319.9
775.0,24.07,45.05,1012.32,321.1
776.0,24.02,44.59,1012.51,317.3
777.0,24.01,45.41,1012.42,318.4
778.0,24.01,44.76,1012.37,324.2
779.0,23.98,44.7,1012.44,320.7
780.0,24.13,44.81,1012.56,319.0
781.0,23.9,44.32,1012.33,315.8
782.0,24.02,44.74,1012.52,320.2
783.0,23.98,45.09,1012.46,322.0
784.0,23.92,45.31,1012.3,321.3
785.0,24.14,45.43,1012.25,318.8
786.0,24.04,44.79,1012.35,317.6
787.0,24.07,44.94,1012.44,314.3
788.0,24.0,44.74,1012.2,320.4
789.0,24.03,45.88,1012.49,319.6
790.0,24.06,44.96,1012.67,322.2
791.0,24.0,45.38,1012.28,319.8
792.0,24.13,45.05,1012.42,320.6
793.0,23.98,45.14,1012.75,320.2
794.0,23.95,44.96,1012.33,319.8
795.0,24.09,44.11,1012.55,318.3
796.0,23.94,44.9,1012.59,320.9
797.0,23.96,44.94,1012.56,314.4
798.0,24.06,45.3,1012.54,322.3
799.0,24.12,45.78,1012.51,321.8
800.0,23.94,44.82,1012.35,317.5
801.0,23.92,44.08,1012.43,321.5
802.0,23.92,44.84,1012.39,325.0
803.0,23.98,44.27,1012.69,318.0
804.0,23.93,45.16,1012.51,313.3
805.0,23.97,44.93,1012.34,317.4
806.0,23.97,44.96,1012.41,319.6
807.0,24.03,45.76,1012.23,315.8
808.0,24.06,44.83,1012.31,324.4
809.0,23.89,44.93,1012.48,312.8
810.0,24.07,45.13,1012.15,321.1
811.0,23.96,45.04,1012.25,320.1
812.0,24.03,45.04,1012.26,320.5
813.0,23.92,45.47,1012.26,321.8
814.0,24.06,44.47,1012.56,313.9
815.0,24.0,45.47,1012.26,317.6
816.0,24.0,45.05,1012.54,319.9
817.0,24.03,45.19,1012.59,322.2
818.0,23.96,44.47,1012.51,321.0
819.0,23.93,44.66,1012.28,317.8
820.0,23.94,44.29,1012.26,324.0
821.0,23.98,45.13,1012.6,320.5
822.0,24.0,45.3,1012.55,324.0
823.0,23.85,45.89,1012.56,321.7
824.0,24.03,45.15,1012.55,319.9
825.0,23.99,44.68,1012.56,325.8
826.0,24.0,44.78,1012.48,320.6
827.0,24.14,45.52,1012.29,320.3
828.0,24.1,44.66,1012.45,323.7
829.0,23.96,45.11,1012.55,318.2
830.0,23.85,44.74,1012.62,316.1
831.0,24.06,45.57,1012.29,321.4
832.0,23.97,44.43,1012.59,318.1
833.0,24.02,44.99,1012.58,316.7
834.0,24.0,45.37,1012.56,316.0
835.0,24.06,44.62,1012.26,322.2
836.0,23.88,44.46,1012.39,320.6
837.0,24.07,45.04,1012.69,319.9
838.0,23.86,44.97,1012.45,315.4
839.0,24.06,44.58,1012.33,322.2
840.0,24.01,44.25,1012.23,313.4
841.0,24.03,45.0,1012.41,323.3
842.0,23.85,45.15,1012.36,318.0
843.0,24.02,44.74,1012.49,317.4
844.0,24.03,45.49,1012.5,320.8
845.0,23.95,44.32,1012.25,322.2
846.0,24.02,45.09,1012.38,321.8
847.0,23.93,45.22,1012.41,320.8
848.0,24.07,45.41,1012.39,323.9
849.0,23.96,44.66,1012.32,315.7
850.0,24.04,44.73,1012.27,319.1
851.0,24.03,45.59,1012.3,322.9
852.0,23.9,45.43,1012.51,322.7
853.0,23.97,44.95,1012.61,321.8
854.0,23.98,45.03,1012.29,322.6
855.0,23.97,45.56,1012.61,318.0
856.0,23.96,44.95,1012.82,324.1
857.0,24.08,45.23,1012.27,319.4
858.0,23.96,44.64,1012.62,318.6
859.0,23.93,44.93,1012.34,321.0
860.0,23.95,44.91,1012.29,322.9
861.0,23.97,45.09,1012.41,322.0
862.0,23.94,44.99,1012.64,321.2
863.0,23.96,45.28,1012.34,321.7
864.0,24.1,44.14,1012.34,322.4
865.0,23.99,45.89,1012.49,319.5
866.0,23.84,45.24,1012.89,321.1
867.0,24.12,44.93,1012.51,322.8
868.0,24.07,44.27,1012.48,322.0
869.0,24.04,45.68,1012.43,319.3
870.0,23.86,44.97,1012.43,321.2
871.0,23.93,45.05,1012.36,324.0
872.0,24.1,45.33,1012.45,320.9
873.0,24.07,45.58,1012.58,319.2
874.0,23.86,44.6,1012.52,320.4
875.0,24.0,45.29,1012.31,320.3
876.0,24.06,44.06,1012.3,325.0
877.0,24.04,44.89,1012.53,319.3
878.0,23.91,44.4,1012.37,321.0
879.0,23.95,44.91,1012.52,324.2
880.0,24.12,45.58,1012.5,317.5
881.0,24.02,45.73,1012.69,315.8
882.0,24.06,44.56,1012.36,325.5
883.0,24.02,44.89,1012.24,323.4
884.0,24.04,45.38,1012.36,316.9
885.0,24.04,45.98,1012.37,317.8
886.0,23.98,45.34,1012.49,323.9
887.0,23.83,44.72,1012.24,317.3
888.0,24.07,44.88,1012.56,320.1
889.0,24.03,45.72,1012.58,321.6
890.0,24.02,45.26,1012.39,315.8
891.0,24.1,45.46,1012.5,323.6
892.0,23.91,45.02,1012.15,321.7
893.0,23.98,45.01,1012.53,325.2
894.0,24.03,44.85,1012.53,321.8
895.0,23.86,45.04,1012.72,319.8
896.0,23.94,45.46,1012.34,325.8
897.0,23.92,44.42,1012.28,324.0
898.0,24.08,45.0,1012.36,317.5
899.0,23.81,44.97,1012.42,320.1
900.0,24.04,44.71,1012.36,321.6
901.0,24.04,44.78,1012.49,316.6
902.0,24.01,44.53,1012.39,317.8
903.0,24.11,44.78,1012.17,323.1
904.0,24.2,44.96,1012.29,317.3
905.0,24.04,44.96,1012.48,322.6
906.0,23.91,45.28,1012.42,317.7
907.0,23.96,45.36,1012.33,323.6
908.0,23.97,44.99,1012.27,319.1
909.0,24.09,44.92,1012.61,318.5
910.0,23.93,44.7,1012.07,319.6
911.0,24.01,44.67,1012.11,320.6
912.0,24.0,44.52,1012.43,322.8
913.0,24.1,44.87,1012.47,313.8
914.0,23.97,44.82,1012.47,324.6
915.0,24.04,44.74,1012.38,318.9
916.0,23.93,45.1,1012.45,321.2
917.0,24.02,45.07,1012.35,324.7
918.0,24.01,44.44,1012.29,317.0
919.0,24.01,44.52,1012.58,319.4
920.0,23.95,43.98,1012.18,323.8
921.0,23.97,44.83,1012.42,317.5
922.0,24.08,45.56,1012.2,314.8
923.0,24.04,44.79,1012.57,318.0
924.0,23.91,44.68,1012.32,321.9
925.0,23.87,45.21,1012.56,326.1
926.0,24.01,44.09,1012.39,323.5
927.0,23.96,44.99,1012.29,323.9
928.0,23.88,44.38,1012.64,316.8
929.0,23.99,44.72,1012.41,317.7
930.0,24.12,44.86,1012.35,316.7
931.0,24.1,45.39,1012.64,317.1
932.0,24.16,44.3,1012.67,321.4
933.0,24.04,44.42,1012.72,320.9
934.0,23.97,44.66,1012.5,320.3
935.0,24.07,45.04,1012.61,324.2
936.0,23.87,44.31,1012.43,319.9
937.0,23.92,44.88,1012.65,321.0
938.0,24.16,45.42,1012.29,312.6
939.0,23.95,44.98,1012.04,318.9
940.0,23.93,44.62,1012.45,322.2
941.0,24.06,45.18,1012.25,320.6
942.0,24.01,44.55,1012.38,320.3
943.0,24.11,44.95,1012.42,318.1
944.0,24.07,44.85,1012.5,318.4
945.0,23.87,45.03,1012.71,318.8
946.0,23.94,44.8,1012.39,319.2
947.0,24.05,44.47,1012.19,318.7
948.0,24.13,44.09,1012.67,321.2
949.0,24.04,45.36,1012.2,322.3
950.0,24.01,44.97,1012.42,325.8
951.0,24.07,45.34,1012.49,319.3
952.0,24.06,45.21,1012.37,319.9
953.0,24.04,45.17,1012.54,318.3
954.0,23.98,45.58,1012.57,316.8
955.0,24.01,45.41,1012.38,319.4
956.0,24.06,45.11,1012.2,317.2
957.0,24.16,45.28,1012.43,317.6
958.0,24.04,44.86,1012.17,318.4
959.0,24.03,44.75,1012.48,319.8
960.0,23.98,45.78,1012.54,319.4
961.0,24.04,45.65,1012.29,316.1
962.0,24.07,45.97,1012.26,318.1
963.0,23.86,45.37,1012.41,317.0
964.0,24.06,45.03,1012.48,320.6
965.0,24.02,45.29,1012.31,323.3
966.0,24.08,45.38,1012.34,320.6
967.0,23.93,44.9,1012.55,325.9
968.0,23.92,45.01,1012.4,322.4
969.0,24.08,44.95,1012.25,322.3
970.0,23.98,45.35,1012.27,321.9
971.0,23.97,44.46,1012.5,321.1
972.0,23.98,45.35,1012.37,318.6
973.0,24.07,44.9,1012.69,318.7
974.0,23.88,45.15,1012.26,317.8
975.0,24.06,44.73,1012.29,323.5
976.0,24.06,44.87,1012.33,316.5
977.0,24.07,44.72,1012.18,317.5
978.0,23.85,44.58,1012.26,314.4
979.0,23.95,45.03,1012.42,322.9
980.0,23.97,44.53,1012.32,323.6
981.0,24.05,44.5,1012.28,317.5
982.0,24.02,45.76,1012.64,318.5
983.0,23.97,45.25,1012.28,318.1
984.0,23.97,44.71,1012.17,318.5
985.0,23.98,44.88,1012.5,316.5
986.0,23.99,44.43,1012.5,324.6
987.0,24.09,44.51,1012.39,316.0
988.0,23.94,44.73,1012.61,319.9
989.0,23.96,43.91,1012.48,326.1
990.0,24.08,45.29,1012.22,317.5
991.0,24.05,45.31,1012.5,320.6
992.0,23.86,45.65,1012.33,312.4
993.0,23.93,45.27,1012.29,317.9
994.0,24.0,45.04,1012.18,319.0
995.0,23.99,44.98,1012.54,321.2
996.0,23.98,44.77,1012.23,321.1
997.0,24.16,44.54,1012.23,321.0
998.0,24.22,44.43,1012.48,316.7
999.0,23.94,45.67,1012.43,322.3
1000.0,24.02,44.82,1012.44,322.2
1001.0,24.07,45.09,1012.45,317.5
1002.0,24.01,45.24,1012.64,318.3
1003.0,24.0,44.75,1012.37,317.3
1004.0,23.97,44.92,1012.43,322.0
1005.0,23.91,45.47,1012.55,324.4
1006.0,24.07,45.53,1012.25,324.7
1007.0,24.01,45.02,1012.4,322.2
1008.0,24.01,45.18,1012.27,319.6
1009.0,24.04,44.53,1012.45,321.3
1010.0,24.08,44.7,1012.51,321.6
1011.0,24.04,44.5,1012.2,317.5
1012.0,24.16,44.74,1012.43,320.2
1013.0,24.01,45.26,1012.26,319.1
1014.0,24.15,45.42,1012.45,320.2
1015.0,23.98,45.28,1012.44,321.5
1016.0,24.09,45.08,1012.15,317.0
1017.0,23.9,45.0,1012.52,331.7
1018.0,24.01,45.72,1012.62,321.1
1019.0,24.07,45.05,1012.4,324.7
1020.0,24.02,45.92,1012.41,320.4
1021.0,24.02,44.36,1012.41,320.5
1022.0,23.96,45.44,1012.47,320.8
1023.0,24.11,45.16,1012.49,320.6
1024.0,24.0,44.91,1012.49,323.5
1025.0,23.98,44.69,1012.38,318.7
1026.0,23.98,44.97,1012.58,320.5
1027.0,23.89,45.01,1012.38,317.5
1028.0,24.02,44.86,1012.17,321.8
1029.0,23.97,44.58,1012.23,319.0
1030.0,24.01,44.97,1012.29,318.9
1031.0,24.07,45.19,1012.23,321.7
1032.0,23.92,45.14,1012.22,318.4
1033.0,24.08,45.17,1012.36,319.7
1034.0,24.09,44.47,1012.32,314.6
1035.0,23.92,45.26,1012.53,319.3
1036.0,24.01,45.37,1012.15,318.4
1037.0,24.17,44.81,1012.71,318.4
1038.0,24.14,45.08,1012.51,321.8
1039.0,23.96,44.78,1012.41,322.5
1040.0,24.01,45.04,1012.48,316.6
1041.0,24.09,45.46,1012.38,318.1
1042.0,23.85,45.63,1012.39,321.2
1043.0,23.96,44.4,1012.5,317.9
1044.0,23.91,45.85,1012.69,315.0
1045.0,23.97,44.16,1012.25,319.5
1046.0,23.97,45.21,1012.14,321.1
1047.0,23.99,44.78,1012.17,318.4
1048.0,24.14,44.4,1012.43,323.8
1049.0,24.05,44.9,1012.35,320.4
1050.0,24.15,45.17,1012.2,318.6
1051.0,23.89,44.93,1012.37,323.5
1052.0,23.91,45.39,1012.4,319.7
1053.0,24.04,44.99,1012.19,326.6
1054.0,24.04,45.1,1012.92,321.6
1055.0,23.9,44.51,1012.39,320.4
1056.0,23.97,44.79,1012.54,321.5
1057.0,24.04,44.62,1012.47,317.5
1058.0,24.01,45.75,1012.54,319.0
1059.0,24.06,45.17,1012.12,325.8
1060.0,24.03,44.87,1012.24,324.9
1061.0,23.97,45.09,1012.28,323.0
1062.0,23.96,45.06,1012.43,318.6
1063.0,23.96,44.33,1012.37,323.7
1064.0,23.98,45.04,1012.52,318.8
1065.0,24.02,44.76,1012.43,314.7
1066.0,23.92,45.4,1012.46,324.9
1067.0,23.96,44.59,1012.51,322.6
1068.0,23.83,45.15,1012.41,326.4
1069.0,24.04,44.54,1012.53,319.6
1070.0,24.06,45.29,1012.17,323.3
1071.0,24.11,44.62,1012.41,317.8
1072.0,24.11,45.3,1012.46,323.7
1073.0,24.08,45.34,1012.23,313.5
1074.0,24.12,45.04,1012.53,322.0
1075.0,24.09,45.14,1012.2,320.0
1076.0,24.11,45.16,1012.33,324.2
1077.0,24.0,45.82,1012.15,326.0
1078.0,24.03,44.61,1012.39,320.6
1079.0,23.94,44.61,1012.53,317.5
1080.0,23.98,45.1,1012.32,321.8
1081.0,24.02,44.6,1012.29,315.3
1082.0,24.01,45.08,1012.33,321.1
1083.0,23.86,45.55,1012.29,321.3
1084.0,24.05,44.12,1012.5,322.4
1085.0,24.15,45.28,1012.38,317.3
1086.0,23.93,44.94,1012.29,319.5
1087.0,23.85,45.5,1012.33,322.9
1088.0,24.07,45.27,1012.25,321.4
1089.0,24.15,45.52,1012.41,319.9
1090.0,23.99,44.84,1012.31,325.2
1091.0,23.85,45.03,1012.26,321.8
1092.0,24.16,45.0,1012.49,319.5
1093.0,23.85,45.67,1012.31,317.9
1094.0,23.98,44.9,1012.23,326.8
1095.0,24.19,45.57,1012.56,316.1
1096.0,24.04,45.15,1012.29,318.1
1097.0,24.03,45.37,1012.38,322.5
1098.0,24.04,44.06,1012.07,319.3
1099.0,23.89,44.44,1012.28,314.3
1100.0,24.01,45.02,1012.44,321.0
1101.0,24.04,45.24,1012.43,324.6
1102.0,23.89,44.86,1012.56,319.6
1103.0,23.98,44.59,1012.62,319.2
1104.0,24.11,44.47,1012.38,319.0
1105.0,24.05,44.82,1012.45,318.0
1106.0,24.09,45.39,1012.39,320.2
1107.0,24.03,45.05,1012.38,315.8
1108.0,23.89,45.25,1012.42,322.2
1109.0,23.97,44.74,1012.21,319.1
1110.0,23.97,44.55,1012.41,322.5
1111.0,24.08,45.46,1012.48,318.8
1112.0,24.0,45.07,1011.96,316.8
1113.0,24.08,45.44,1012.33,319.9
1114.0,24.1,44.58,1012.55,321.2
1115.0,23.99,45.2,1012.28,324.6
1116.0,24.0,45.09,1012.34,319.6
1117.0,24.02,45.15,1012.51,324.7
1118.0,23.99,44.62,1012.51,323.5
1119.0,23.95,44.19,1012.47,317.4
1120.0,23.92,45.11,1012.32,321.4
1121.0,24.01,44.9,1012.25,318.8
1122.0,23.99,45.05,1012.4,316.3
1123.0,24.08,45.19,1012.49,322.8
1124.0,23.8,45.08,1012.46,318.2
1125.0,24.13,45.16,1012.29,318.3
1126.0,24.02,44.6,1012.31,316.9
1127.0,23.9,44.3,1012.14,323.0
1128.0,24.11,45.22,1012.53,319.8
1129.0,24.04,44.75,1012.46,320.4
1130.0,23.96,45.18,1012.24,321.2
1131.0,24.06,45.18,1012.57,320.2
1132.0,24.13,44.97,1012.48,324.4
1133.0,24.04,45.8,1012.33,318.4
1134.0,24.09,45.33,1012.47,319.3
1135.0,23.98,44.68,1012.48,315.9
1136.0,24.06,45.03,1012.64,326.1
1137.0,24.0,44.62,1012.59,323.3
1138.0,23.84,45.27,1012.29,321.4
1139.0,24.03,45.34,1012.28,326.8
1140.0,23.95,45.06,1012.58,320.5
1141.0,24.0,45.43,1012.46,320.9
1142.0,24.1,44.64,1012.26,318.6
1143.0,23.84,45.34,1012.27,317.4
1144.0,24.05,45.09,1012.35,318.6
1145.0,24.06,44.83,1012.28,325.5
1146.0,24.04,44.96,1012.38,319.9
1147.0,23.9,45.7,1012.35,319.4
1148.0,23.99,45.65,1012.28,322.4
1149.0,24.02,45.67,1012.53,322.1
1150.0,23.99,45.66,1012.54,322.3
1151.0,23.82,44.93,1012.46,321.7
1152.0,24.0,44.12,1012.34,318.8
1153.0,24.04,44.94,1012.42,318.8
1154.0,23.97,44.74,1012.67,317.1
1155.0,24.16,45.19,1012.22,320.3
1156.0,24.03,44.84,1012.22,313.8
1157.0,24.03,45.07,1012.82,322.5
1158.0,23.96,45.44,1012.41,321.6
1159.0,24.01,44.84,1012.48,322.2
1160.0,24.04,44.85,1012.22,321.6
1161.0,23.94,44.93,1012.11,321.0
1162.0,24.15,45.34,1012.62,321.7
1163.0,23.92,44.84,1012.31,321.6
1164.0,23.9,44.78,1012.53,324.0
1165.0,23.99,45.78,1012.4,329.3
1166.0,24.06,44.65,1012.61,322.7
1167.0,23.95,45.25,1012.29,319.9
1168.0,24.06,45.36,1012.43,316.7
1169.0,24.05,44.97,1012.19,312.8
1170.0,23.99,45.13,1012.28,318.4
1171.0,24.1,44.68,1012.17,322.8
1172.0,23.88,44.95,1012.47,317.5
1173.0,24.0,45.31,1012.29,321.4
1174.0,24.01,44.96,1012.3,318.8
1175.0,23.94,44.45,1012.51,322.8
1176.0,23.99,45.38,1012.67,316.7
1177.0,23.95,44.96,1012.49,320.3
1178.0,23.91,45.0,1012.49,317.5
1179.0,23.88,44.72,1012.28,323.2
1180.0,24.02,45.61,1012.4,317.8
1181.0,23.96,45.5,1012.52,322.9
1182.0,23.96,44.47,1012.39,322.0
1183.0,23.85,44.77,1012.66,317.3
1184.0,23.96,45.32,1012.59,321.5
1185.0,24.0,45.05,1012.38,320.5
1186.0,23.96,44.17,1012.51,318.0
1187.0,23.98,44.68,1012.63,322.7
1188.0,23.92,45.19,1012.39,322.8
1189.0,23.88,44.58,1012.55,316.0
1190.0,23.9,44.59,1012.09,318.9
1191.0,23.93,44.52,1012.36,317.9
1192.0,24.06,44.93,1012.38,316.7
1193.0,23.99,44.8,1012.39,323.1
1194.0,23.89,45.12,1012.31,320.9
1195.0,23.95,44.82,1012.42,319.8
1196.0,23.91,44.61,1012.4,324.1
1197.0,24.02,44.74,1012.27,321.4
1198.0,24.03,45.21,1012.41,321.8
1199.0,24.0,45.55,1012.34,322.4
1200.0,23.96,45.67,1012.78,317.9
1201.0,23.99,45.05,1012.73,321.8
1202.0,23.94,44.96,1012.14,324.3
1203.0,23.97,44.64,1012.13,321.1
1204.0,23.97,45.36,1012.3,315.6
1205.0,23.88,44.85,1012.29,316.2
1206.0,24.02,44.98,1012.2,322.7
1207.0,23.86,44.75,1012.32,316.4
1208.0,23.96,45.45,1012.35,325.0
1209.0,23.88,44.93,1012.6,322.4
1210.0,23.93,45.07,1012.54,322.1
1211.0,24.04,45.02,1012.68,311.9
1212.0,24.0,44.96,1012.27,319.4
1213.0,24.01,45.44,1012.42,320.8
1214.0,24.08,44.76,1012.41,322.8
1215.0,24.08,45.24,1012.38,319.3
1216.0,24.15,45.54,1012.52,321.7
1217.0,24.06,44.98,1012.23,318.6
1218.0,24.12,44.71,1012.16,318.7
1219.0,24.08,44.93,1012.12,325.9
1220.0,24.01,44.91,1012.33,320.8
1221.0,24.04,45.0,1012.3,322.2
1222.0,23.93,45.81,1012.35,318.9
1223.0,23.95,45.12,1012.52,320.1
1224.0,24.1,45.3,1012.42,320.9
1225.0,24.0,45.15,1012.66,315.1
1226.0,24.01,45.67,1012.44,321.1
1227.0,23.83,44.66,1012.38,321.5
1228.0,23.99,45.48,1012.5,322.1
1229.0,23.88,44.44,1012.29,325.0
1230.0,23.92,45.22,1012.05,323.4
1231.0,24.17,44.71,1012.45,326.1
1232.0,24.04,44.93,1012.61,315.9
1233.0,24.03,44.79,1012.63,324.0
1234.0,23.93,45.1,1012.27,319.6
1235.0,23.98,45.13,1012.41,316.4
1236.0,23.97,45.2,1012.48,323.1
1237.0,24.0,44.86,1012.25,321.3
1238.0,23.88,45.33,1012.28,321.1
1239.0,23.92,44.8,1012.42,317.9
1240.0,23.91,45.45,1012.59,317.2
1241.0,24.01,45.39,1012.12,319.6
1242.0,24.0,44.35,1012.42,321.1
1243.0,24.06,45.16,1012.52,319.1
1244.0,23.68,44.79,1012.52,319.5
1245.0,24.03,45.99,1012.53,322.3
1246.0,24.13,44.28,1012.47,321.8
1247.0,23.98,44.47,1012.06,316.4
1248.0,24.04,45.26,1012.4,316.3
1249.0,24.0,44.87,1012.54,318.6
1250.0,23.89,44.63,1012.53,322.1
1251.0,24.05,45.03,1012.66,315.3
1252.0,24.05,44.77,1012.2,323.6
1253.0,23.96,44.87,1011.95,320.5
1254.0,23.91,45.18,1012.43,317.4
1255.0,24.18,45.47,1012.39,322.4
1256.0,23.98,45.53,1012.48,313.9
1257.0,23.79,45.11,1012.24,315.8
1258.0,24.11,45.52,1012.4,316.5
1259.0,24.07,45.1,1012.37,320.5
1260.0,23.95,44.84,1012.43,321.3
1261.0,23.98,44.56,1012.47,323.0
1262.0,23.88,44.68,1012.58,322.5
1263.0,24.09,44.23,1012.24,320.0
1264.0,24.01,44.84,1012.26,321.0
1265.0,23.99,44.87,1012.54,321.0
1266.0,23.99,44.66,1012.47,316.4
1267.0,24.11,45.16,1012.46,323.3
1268.0,24.02,46.07,1012.11,324.4
1269.0,23.94,43.98,1012.37,319.5
1270.0,23.96,44.93,1012.38,325.3
1271.0,24.08,45.06,1012.59,324.9
1272.0,23.89,44.15,1012.63,319.2
1273.0,23.97,45.15,1012.32,317.4
1274.0,24.02,45.68,1012.55,322.2
1275.0,23.92,44.64,1012.62,316.0
1276.0,24.08,44.98,1012.61,320.0
1277.0,24.18,44.65,1012.33,322.6
1278.0,24.15,44.93,1012.53,318.2
1279.0,24.0,45.55,1012.46,323.0
1280.0,24.04,44.94,1012.4,322.3
1281.0,23.97,45.21,1012.67,322.1
1282.0,23.9,45.66,1012.45,319.3
1283.0,23.81,45.18,1012.45,323.0
1284.0,24.19,44.61,1012.35,321.4
1285.0,24.11,44.89,1012.3,320.5
1286.0,23.9,44.86,1012.17,322.0
1287.0,24.01,44.78,1012.5,315.8
1288.0,23.99,44.49,1012.19,321.2
1289.0,23.92,44.97,1012.57,318.6
1290.0,23.98,44.11,1012.46,325.0
1291.0,23.86,45.03,1012.52,321.7
1292.0,24.02,44.77,1012.31,319.8
1293.0,24.12,44.58,1012.69,318.4
1294.0,23.85,45.04,1012.83,319.9
1295.0,23.99,44.73,1012.61,315.2
1296.0,24.07,44.7,1012.26,316.7
1297.0,24.02,45.4,1012.19,318.7
1298.0,24.02,45.11,1012.21,319.9
1299.0,24.13,45.42,1012.38,321.4
1300.0,23.99,45.06,1012.22,318.7
1301.0,24.03,44.88,1012.15,314.7
1302.0,23.97,44.32,1012.63,323.6
1303.0,24.08,45.02,1012.05,317.0
1304.0,24.03,45.24,1012.29,319.8
1305.0,24.09,45.01,1012.24,323.3
1306.0,24.1,45.38,1012.44,318.2
1307.0,23.98,45.42,1012.32,315.7
1308.0,24.02,44.5,1012.58,319.8
1309.0,24.14,45.23,1012.41,318.6
1310.0,23.99,45.47,1012.37,329.1
1311.0,24.11,45.06,1012.16,325.9
1312.0,24.05,45.01,1012.37,319.7
1313.0,23.95,45.21,1012.61,317.9
1314.0,24.02,45.52,1012.53,318.0
1315.0,24.09,45.37,1012.5,319.2
1316.0,24.08,46.11,1012.4,321.9
1317.0,23.96,45.16,1012.23,320.6
1318.0,24.04,44.46,1012.25,323.5
1319.0,24.07,44.99,1012.69,320.0
1320.0,24.05,45.19,1012.37,322.3
1321.0,23.98,44.69,1012.42,318.8
1322.0,23.99,44.3,1012.27,325.1
1323.0,23.92,44.29,1012.55,321.1
1324.0,24.06,44.88,1012.38,319.8
1325.0,23.94,44.81,1012.28,315.9
1326.0,24.01,45.27,1012.5,326.9
1327.0,23.96,44.64,1012.49,321.4
1328.0,23.98,44.98,1012.32,324.2
1329.0,24.02,44.55,1012.36,316.6
1330.0,24.07,45.08,1012.18,317.3
1331.0,24.05,44.96,1012.29,321.7
1332.0,24.05,44.75,1012.42,323.2
1333.0,24.08,44.98,1012.39,320.6
1334.0,23.92,45.23,1012.15,323.1
1335.0,23.96,44.33,1012.24,317.5
1336.0,24.0,44.76,1012.26,324.2
1337.0,23.99,45.46,1012.45,320.2
1338.0,23.96,44.41,1012.69,322.3
1339.0,23.96,44.81,1012.25,325.2
1340.0,24.09,44.47,1012.39,320.4
1341.0,24.12,44.66,1012.34,318.1
1342.0,23.94,45.38,1012.2,323.8
1343.0,24.14,45.63,1012.51,321.2
1344.0,23.95,45.32,1012.22,321.1
1345.0,24.09,45.22,1012.46,315.3
1346.0,23.9,44.75,1012.41,314.7
1347.0,24.01,44.75,1012.22,318.0
1348.0,23.98,44.69,1012.48,326.6
1349.0,23.93,43.89,1012.36,320.8
1350.0,23.99,44.93,1012.41,321.4
1351.0,23.88,44.87,1012.41,327.1
1352.0,23.97,45.09,1012.43,319.8
1353.0,24.01,44.89,1012.43,315.7
1354.0,24.06,44.81,1012.44,323.8
1355.0,24.12,45.27,1012.47,317.4
1356.0,24.05,44.37,1012.46,317.9
1357.0,24.1,44.75,1012.44,319.3
1358.0,24.03,44.41,1012.33,321.9
1359.0,24.05,44.62,1012.46,317.5
1360.0,24.05,45.91,1012.6,312.3
1361.0,24.22,45.53,1012.53,322.0
1362.0,24.03,45.0,1012.35,319.1
1363.0,24.07,44.88,1012.36,321.2
1364.0,23.93,45.34,1012.19,319.2
1365.0,23.96,45.31,1012.34,325.0
1366.0,23.98,44.6,1012.58,323.3
1367.0,23.94,44.91,1012.49,323.1
1368.0,23.99,44.7,1012.18,316.2
1369.0,23.96,45.22,1012.15,319.9
1370.0,24.15,44.98,1012.53,314.6
1371.0,23.97,45.36,1012.28,317.2
1372.0,24.02,45.07,1012.3,319.1
1373.0,24.02,44.36,1012.67,320.1
1374.0,23.96,44.53,1012.54,316.8
1375.0,23.94,45.11,1012.29,323.8
1376.0,24.02,45.14,1012.26,316.3
1377.0,23.98,44.56,1012.41,326.0
1378.0,23.94,45.45,1012.51,320.0
1379.0,23.95,45.48,1012.48,319.3
1380.0,24.12,45.94,1012.39,317.6
1381.0,24.05,45.68,1012.55,321.4
1382.0,24.13,45.09,1012.34,319.5
1383.0,23.99,45.4,1012.43,317.0
1384.0,24.03,44.95,1012.27,322.5
1385.0,23.98,45.35,1012.55,323.0
1386.0,23.89,45.09,1012.57,319.9
1387.0,24.01,45.73,1012.18,323.7
1388.0,24.0,44.83,1012.58,319.8
1389.0,23.93,45.4,1012.71,317.7
1390.0,23.96,44.72,1012.37,321.2
1391.0,24.06,45.04,1012.32,318.5
1392.0,24.0,45.03,1012.34,319.5
1393.0,23.93,44.15,1012.5,323.4
1394.0,24.05,45.52,1012.26,313.9
1395.0,24.01,45.13,1012.42,319.2
1396.0,24.03,45.55,1012.25,325.5
1397.0,24.04,44.86,1012.13,321.7
1398.0,24.07,45.12,1012.51,321.5
1399.0,24.04,44.74,1012.41,317.0
1400.0,23.9,44.61,1012.32,318.2
1401.0,24.11,44.88,1012.24,318.4
1402.0,23.98,44.82,1012.76,317.6
1403.0,23.94,45.57,1012.57,324.8
1404.0,24.06,45.26,1012.28,314.5
1405.0,24.13,44.63,1012.31,324.4
1406.0,24.12,44.69,1012.48,324.6
1407.0,24.0,44.68,1012.43,322.1
1408.0,24.09,45.29,1012.37,319.8
1409.0,24.12,45.06,1012.53,322.6
1410.0,24.02,45.28,1012.23,316.3
1411.0,24.07,45.19,1012.41,318.8
1412.0,24.06,44.03,1012.38,322.6
1413.0,24.0,45.21,1012.41,322.0
1414.0,23.97,44.64,1012.46,320.8
1415.0,23.95,43.98,1012.34,317.1
1416.0,23.99,44.55,1012.29,321.1
1417.0,23.88,44.11,1012.36,322.2
1418.0,24.01,45.03,1012.31,317.6
1419.0,24.03,44.97,1012.76,325.0
1420.0,24.04,44.6,1012.45,323.9
1421.0,24.03,44.54,1012.26,316.6
1422.0,23.9,44.99,1012.44,320.4
1423.0,23.94,45.14,1012.72,320.9
1424.0,23.9,44.52,1012.26,323.6
1425.0,23.98,45.3,1012.51,320.3
1426.0,24.08,45.33,1012.56,321.6
1427.0,24.04,45.11,1012.29,315.9
1428.0,24.01,44.68,1012.51,325.2
1429.0,23.97,44.95,1012.28,318.2
1430.0,23.78,45.21,1012.72,316.4
1431.0,24.03,44.44,1012.39,316.6
1432.0,23.99,45.53,1012.63,318.7
1433.0,23.85,44.8,1012.28,318.1
1434.0,23.94,44.61,1012.33,316.5
1435.0,23.99,45.27,1012.34,321.7
1436.0,24.0,44.55,1012.13,321.8
1437.0,24.02,45.32,1012.44,318.3
1438.0,24.11,45.21,1012.46,321.5
1439.0,24.0,45.23,1012.64,317.4
1440.0,23.98,45.19,1012.44,320.1
1441.0,23.92,44.67,1012.32,317.0
1442.0,24.08,44.82,1012.31,319.4
1443.0,23.88,44.48,1012.44,321.1
1444.0,23.97,45.01,1012.3,320.2
1445.0,23.98,44.37,1012.42,317.9
1446.0,24.05,44.76,1012.41,318.8
1447.0,23.97,44.89,1012.61,320.1
1448.0,23.98,45.18,1012.41,317.2
1449.0,24.01,44.59,1012.45,325.2
1450.0,24.05,44.79,1012.56,322.7
1451.0,24.0,44.69,1012.64,325.8
1452.0,24.08,45.45,1012.35,321.1
1453.0,23.97,45.42,1012.59,320.3
1454.0,24.01,45.31,1012.58,316.3
1455.0,24.06,44.88,1012.4,321.0
1456.0,24.12,44.81,1012.47,317.2
1457.0,23.94,45.35,1012.35,319.5
1458.0,23.96,44.57,1012.18,324.8
1459.0,24.06,45.29,1012.47,321.8
1460.0,24.08,44.67,1012.4,315.9
1461.0,24.04,44.85,1012.42,311.9
1462.0,24.01,44.91,1012.43,321.4
1463.0,24.0,45.52,1012.57,322.4
1464.0,24.01,44.81,1012.4,317.6
1465.0,24.06,45.45,1012.5,317.4
1466.0,24.16,45.33,1012.15,321.7
1467.0,23.99,44.87,1012.4,318.0
1468.0,24.04,45.13,1012.4,321.0
1469.0,24.13,45.05,1012.42,319.9
1470.0,24.03,45.54,1012.45,321.4
1471.0,23.9,45.27,1012.07,323.8
1472.0,23.92,45.25,1012.16,320.8
1473.0,23.98,45.42,1012.62,318.9
1474.0,23.98,45.36,1012.3,319.7
1475.0,23.91,44.75,1012.38,320.3
1476.0,23.98,45.39,1012.5,317.4
1477.0,23.99,45.2,1012.55,319.8
1478.0,24.03,44.93,1012.4,317.2
1479.0,24.0,44.66,1012.46,316.5
1480.0,24.06,44.37,1012.58,320.3
1481.0,24.01,44.59,1012.29,316.8
1482.0,24.04,44.68,1012.4,321.1
1483.0,23.89,45.15,1012.4,319.3
1484.0,24.03,44.87,1012.48,327.6
1485.0,24.13,45.17,1012.1,323.1
1486.0,24.07,45.26,1012.52,322.6
1487.0,24.08,44.77,1012.37,318.5
1488.0,23.94,44.41,1012.64,318.1
1489.0,23.82,44.51,1012.44,316.6
1490.0,23.79,44.92,1012.49,319.7
1491.0,24.03,45.04,1012.68,322.1
1492.0,24.01,45.09,1012.19,318.1
1493.0,23.81,45.53,1012.3,317.4
1494.0,23.98,44.04,1012.17,316.2
1495.0,23.93,45.08,1012.41,319.7
1496.0,24.0,45.44,1012.38,311.5
1497.0,24.12,44.59,1012.3,318.9
1498.0,23.93,45.12,1012.51,323.9
1499.0,24.02,45.97,1012.19,321.7
1500.0,23.95,44.14,1012.31,315.2
1501.0,24.0,44.96,1012.65,318.1
1502.0,24.03,45.1,1012.68,317.9
1503.0,24.09,44.64,1012.31,321.0
1504.0,24.08,44.8,1012.46,324.8
1505.0,24.04,45.17,1012.45,318.5
1506.0,24.03,44.89,1012.65,317.7
1507.0,23.93,44.96,1012.67,318.6
1508.0,23.96,45.2,1012.25,316.7
1509.0,24.03,45.15,1012.35,318.8
1510.0,24.01,44.59,1012.3,319.0
1511.0,24.01,45.46,1012.49,318.7
1512.0,24.0,44.86,1012.24,317.4
1513.0,24.02,45.31,1012.1,319.8
1514.0,24.05,45.01,1012.42,317.0
1515.0,23.99,45.2,1012.51,317.9
1516.0,23.92,44.38,1012.37,320.1
1517.0,24.02,45.19,1012.72,322.2
1518.0,24.02,45.83,1012.21,323.3
1519.0,23.98,44.84,1012.63,314.8
1520.0,23.91,45.02,1012.4,318.8
1521.0,23.91,45.28,1012.44,320.7
1522.0,24.03,44.83,1012.32,325.1
1523.0,23.95,45.37,1012.41,323.6
1524.0,24.02,45.28,1012.23,316.6
1525.0,23.96,45.28,1012.32,320.3
1526.0,23.99,45.09,1012.45,317.7
1527.0,24.03,44.62,1012.38,319.0
1528.0,24.09,45.58,1012.41,316.7
1529.0,23.98,45.74,1012.29,318.9
1530.0,24.09,45.39,1012.29,321.7
1531.0,24.04,45.45,1012.23,313.2
1532.0,24.09,45.84,1012.26,315.5
1533.0,23.98,44.8,1012.28,320.0
1534.0,24.04,45.06,1012.38,322.7
1535.0,24.05,44.72,1012.56,318.4
1536.0,24.05,45.19,1012.42,314.2
1537.0,23.96,45.25,1012.53,319.3
1538.0,23.96,44.67,1012.39,317.3
1539.0,23.96,44.95,1012.12,319.1
1540.0,23.92,45.43,1011.96,320.7
1541.0,24.04,44.73,1012.35,318.2
1542.0,23.91,44.86,1012.64,318.5
1543.0,23.98,45.8,1012.36,319.7
1544.0,23.93,45.28,1012.4,317.1
1545.0,24.1,44.78,1012.35,324.1
1546.0,24.08,44.45,1012.42,327.5
1547.0,23.92,44.52,1012.42,320.4
1548.0,23.99,45.22,1012.5,317.1
1549.0,23.98,45.39,1012.39,323.0
1550.0,24.17,45.16,1012.54,317.3
1551.0,24.07,45.07,1012.35,327.2
1552.0,24.04,44.83,1012.39,322.6
1553.0,24.0,44.67,1012.41,322.1
1554.0,23.94,45.0,1012.39,321.8
1555.0,24.13,44.2,1012.35,317.7
1556.0,23.98,45.13,1012.33,320.8
1557.0,23.98,45.02,1012.58,320.6
1558.0,24.19,44.62,1012.4,320.3
1559.0,23.98,45.22,1012.23,321.8
1560.0,24.08,44.75,1012.61,319.6
1561.0,24.1,45.93,1012.27,320.8
1562.0,24.09,45.18,1012.55,320.3
1563.0,23.97,45.08,1012.38,321.6
1564.0,24.03,44.22,1012.5,321.9
1565.0,23.93,44.62,1012.43,321.3
1566.0,23.92,45.16,1012.26,322.2
1567.0,24.12,44.79,1012.45,317.3
1568.0,24.01,44.94,1012.7,319.2
1569.0,24.02,45.13,1012.68,325.5
1570.0,24.06,45.02,1012.52,322.4
1571.0,24.13,44.59,1012.5,318.3
1572.0,23.99,44.89,1012.51,322.6
1573.0,24.06,45.48,1012.43,319.2
1574.0,24.11,44.87,1012.32,322.4
1575.0,23.97,45.17,1012.35,320.3
1576.0,24.15,44.69,1012.35,316.9
1577.0,24.07,44.75,1012.55,323.7
1578.0,24.04,44.82,1012.51,315.4
1579.0,24.15,45.06,1012.39,322.4
1580.0,24.0,45.83,1012.48,321.0
1581.0,24.12,45.31,1012.15,318.2
1582.0,24.08,44.58,1012.17,313.3
1583.0,23.97,45.15,1012.6,322.1
1584.0,23.98,44.95,1012.39,318.2
1585.0,24.0,44.96,1012.55,323.9
1586.0,23.99,44.47,1012.46,319.0
1587.0,24.02,44.79,1012.47,319.1
1588.0,24.1,45.04,1012.4,316.5
1589.0,24.03,45.46,1012.27,320.0
1590.0,23.98,45.22,1012.44,318.3
1591.0,23.93,45.2,1012.25,317.3
1592.0,24.07,44.98,1012.5,319.4
1593.0,24.05,44.88,1012.6,321.0
1594.0,24.08,44.86,1012.69,318.6
1595.0,24.21,44.65,1012.39,323.8
1596.0,23.91,46.33,1012.6,319.9
1597.0,23.9,45.29,1012.46,319.2
1598.0,24.02,44.82,1012.47,324.3
1599.0,23.95,44.45,1012.49,315.5
1600.0,24.11,45.17,1012.35,316.5
1601.0,24.01,45.24,1012.57,316.1
1602.0,24.0,45.29,1012.42,318.1
1603.0,24.03,45.88,1012.57,321.2
1604.0,24.03,44.24,1012.53,320.3
1605.0,23.89,44.64,1012.42,320.2
1606.0,24.03,44.83,1012.32,317.9
1607.0,24.01,44.59,1012.36,319.6
1608.0,23.95,45.61,1012.2,319.8
1609.0,24.06,44.68,1012.46,323.1
1610.0,24.04,45.8,1012.45,322.2
1611.0,24.0,44.67,1012.53,316.8
1612.0,23.82,45.34,1012.2,316.8
1613.0,24.01,45.15,1012.49,322.3
1614.0,24.01,45.04,1012.63,319.9
1615.0,24.09,45.04,1012.42,326.0
1616.0,23.98,45.0,1012.73,320.4
1617.0,24.01,44.86,1012.55,317.4
1618.0,23.96,44.63,1012.33,323.0
1619.0,24.01,45.47,1012.48,319.6
1620.0,23.94,44.72,1012.54,320.1
1621.0,23.95,44.54,1012.38,320.7
1622.0,23.99,44.73,1012.67,324.0
1623.0,23.96,44.54,1012.36,310.6
1624.0,24.03,45.03,1012.2,316.8
1625.0,24.07,45.1,1012.46,314.2
1626.0,24.17,44.71,1012.31,319.4
1627.0,24.01,44.28,1012.3,321.8
1628.0,24.09,44.5,1012.52,318.8
1629.0,24.05,44.92,1012.31,319.0
1630.0,24.01,44.71,1012.45,318.6
1631.0,24.16,44.07,1012.39,326.4
1632.0,23.85,45.66,1012.61,320.7
1633.0,24.16,44.86,1012.5,319.9
1634.0,23.94,45.43,1012.18,321.9
1635.0,24.08,44.75,1012.59,312.3
1636.0,24.12,44.1,1012.48,324.2
1637.0,23.98,45.63,1012.69,325.1
1638.0,24.01,44.59,1012.5,321.5
1639.0,23.94,45.08,1012.54,320.6
1640.0,23.96,44.77,1012.77,313.8
1641.0,23.8,45.46,1012.45,319.5
1642.0,24.0,45.29,1012.45,317.5
1643.0,24.07,45.14,1012.1,319.3
1644.0,23.91,45.2,1012.42,319.6
1645.0,23.98,45.23,1012.04,320.0
1646.0,23.86,44.27,1012.42,316.5
1647.0,24.04,45.23,1012.66,319.4
1648.0,24.09,45.16,1012.57,320.0
1649.0,23.95,45.16,1012.65,322.6
1650.0,24.22,44.53,1012.52,319.2
1651.0,23.97,44.81,1012.4,319.6
1652.0,23.92,44.46,1012.45,317.8
1653.0,23.93,44.66,1012.57,317.6
1654.0,24.03,45.05,1012.29,320.9
1655.0,24.06,45.03,1012.53,318.9
1656.0,23.96,44.79,1012.43,321.2
1657.0,23.98,45.44,1012.2,319.6
1658.0,23.98,45.26,1012.34,325.1
1659.0,24.18,45.79,1012.43,318.0
1660.0,24.13,44.69,1012.26,322.7
1661.0,23.95,45.08,1012.37,319.0
1662.0,24.08,44.81,1012.32,316.3
1663.0,24.05,44.9,1012.7,320.0
1664.0,23.89,45.43,1012.52,319.8
1665.0,24.1,45.48,1012.35,318.3
1666.0,24.05,44.96,1012.51,322.1
1667.0,24.0,44.88,1012.64,320.4
1668.0,24.0,45.74,1012.35,319.9
1669.0,23.79,45.49,1012.21,323.5
1670.0,23.9,45.66,1012.65,322.5
1671.0,23.88,44.42,1012.51,319.7
1672.0,24.12,44.5,1012.45,319.4
1673.0,24.13,44.03,1012.48,323.9
1674.0,24.05,45.32,1012.49,317.7
1675.0,23.99,44.84,1012.5,316.5
1676.0,24.0,44.52,1012.7,319.9
1677.0,24.06,44.9,1012.29,316.0
1678.0,24.06,45.35,1012.43,314.8
1679.0,24.02,45.35,1012.38,317.6
1680.0,23.88,45.56,1012.58,317.8
1681.0,24.0,45.61,1012.32,319.8
1682.0,24.03,44.37,1012.6,320.0
1683.0,23.98,45.7,1012.25,320.8
1684.0,24.02,44.79,1012.28,320.2
1685.0,24.03,44.84,1012.29,325.1
1686.0,24.02,45.3,1012.4,320.5
1687.0,24.17,44.84,1012.15,316.5
1688.0,24.02,44.45,1012.21,322.6
1689.0,24.11,44.89,1012.23,318.8
1690.0,24.22,44.76,1012.17,314.3
1691.0,24.03,44.88,1012.52,320.0
1692.0,24.09,44.38,1012.53,313.2
1693.0,24.03,44.85,1012.29,319.7
1694.0,24.09,44.77,1012.24,320.9
1695.0,24.02,44.44,1012.36,323.7
1696.0,23.96,45.02,1012.38,320.9
1697.0,23.99,44.31,1012.25,318.4
1698.0,24.03,44.33,1012.21,321.1
1699.0,24.08,45.23,1012.71,319.8
1700.0,24.1,45.05,1012.09,317.7
1701.0,23.97,44.94,1012.47,318.0
1702.0,24.0,44.77,1012.56,321.0
1703.0,24.17,45.14,1012.25,320.5
1704.0,23.96,45.3,1012.13,314.4
1705.0,23.99,44.72,1012.47,321.2
1706.0,23.94,44.97,1012.42,315.7
1707.0,24.04,44.95,1012.29,323.6
1708.0,24.04,45.09,1012.42,321.0
1709.0,23.83,44.51,1012.49,315.8
1710.0,23.9,44.91,1012.43,314.8
1711.0,24.0,44.91,1012.2,321.4
1712.0,23.98,44.37,1012.4,319.3
1713.0,24.27,45.26,1012.27,319.9
1714.0,24.04,45.35,1012.48,320.0
1715.0,23.91,44.32,1012.08,321.5
1716.0,23.94,45.01,1012.43,316.8
1717.0,24.02,45.75,1012.71,328.9
1718.0,24.03,44.91,1012.2,325.6
1719.0,23.99,45.55,1012.38,317.4
1720.0,24.04,45.3,1012.62,318.1
1721.0,23.84,44.75,1012.3,316.2
1722.0,23.98,44.3,1012.03,327.8
1723.0,24.08,45.11,1012.54,320.1
1724.0,23.91,45.27,1012.72,320.5
1725.0,24.09,45.2,1012.34,320.6
1726.0,23.97,44.84,1012.54,310.2
1727.0,23.96,44.81,1012.36,319.1
1728.0,23.97,45.05,1012.39,324.9
1729.0,24.02,44.73,1012.45,321.1
1730.0,24.09,44.88,1012.36,318.2
1731.0,24.14,44.77,1012.39,326.5
1732.0,23.98,44.95,1012.44,318.2
1733.0,24.05,45.28,1012.34,321.0
1734.0,23.98,44.82,1012.24,318.6
1735.0,24.03,45.41,1012.27,317.8
1736.0,24.08,44.54,1012.31,324.4
1737.0,24.11,45.12,1012.24,317.6
1738.0,24.03,45.22,1012.58,324.8
1739.0,23.97,45.27,1012.21,319.8
1740.0,24.09,44.25,1012.45,321.7
1741.0,24.08,44.72,1012.47,322.6
1742.0,23.86,44.8,1012.31,321.0
1743.0,24.04,45.24,1012.43,323.2
1744.0,24.0,45.3,1012.47,316.2
1745.0,24.02,44.99,1012.39,323.5
1746.0,24.12,44.83,1012.37,322.0
1747.0,24.12,44.78,1012.49,319.5
1748.0,23.94,45.32,1012.48,317.5
1749.0,23.96,44.45,1012.36,326.3
1750.0,23.95,45.03,1012.38,319.7
1751.0,24.04,45.21,1012.35,314.2
1752.0,24.05,44.79,1012.48,318.2
1753.0,23.92,44.84,1012.67,319.8
1754.0,23.91,44.89,1012.39,323.3
1755.0,23.97,45.25,1012.5,316.0
1756.0,24.17,45.62,1012.43,324.9
1757.0,23.99,44.89,1012.68,322.9
1758.0,23.94,45.04,1012.31,326.6
1759.0,24.14,44.94,1012.32,320.0
1760.0,23.97,45.01,1012.48,320.9
1761.0,23.94,44.79,1012.53,317.0
1762.0,24.02,45.08,1012.42,319.2
1763.0,24.07,44.36,1012.42,320.8
1764.0,23.98,44.94,1012.31,319.8
1765.0,23.94,44.95,1012.37,319.6
1766.0,23.88,45.5,1012.34,319.8
1767.0,23.95,44.6,1011.96,321.3
1768.0,24.13,45.05,1012.1,317.7
1769.0,24.03,45.24,1012.08,322.1
1770.0,23.94,45.26,1012.66,321.6
1771.0,23.98,44.74,1012.44,320.0
1772.0,24.05,45.43,1012.42,320.3
1773.0,23.9,44.9,1012.38,320.4
1774.0,24.1,44.54,1012.3,318.1
1775.0,24.14,45.21,1012.55,322.4
1776.0,24.13,45.85,1012.42,322.2
1777.0,24.17,44.83,1012.18,319.4
1778.0,24.06,44.99,1012.31,317.8
1779.0,24.01,44.74,1012.09,321.1
1780.0,23.89,44.45,1012.24,319.3
1781.0,24.03,45.53,1012.46,318.8
1782.0,23.94,45.04,1012.4,313.8
1783.0,24.03,45.53,1012.38,317.6
1784.0,23.88,44.7,1012.32,317.2
1785.0,23.93,45.1,1012.6,318.3
1786.0,23.99,44.89,1012.46,325.3
1787.0,24.02,45.09,1012.47,318.5
1788.0,24.05,45.38,1012.24,319.1
1789.0,23.93,45.15,1012.37,321.2
1790.0,23.9,44.55,1012.52,321.0
1791.0,23.91,45.07,1012.36,321.9
1792.0,23.96,44.53,1012.44,315.8
1793.0,23.97,45.02,1012.33,319.4
1794.0,24.01,44.81,1012.31,317.2
1795.0,24.06,44.86,1012.14,325.2
1796.0,24.01,44.58,1012.22,317.2
1797.0,23.95,45.21,1012.44,322.1
1798.0,23.92,44.83,1012.28,322.3
1799.0,24.05,44.52,1012.59,317.5
1800.0,23.99,44.64,1012.51,317.1
1801.0,23.97,45.26,1012.57,320.4
1802.0,24.04,45.51,1012.56,323.3
1803.0,23.94,45.18,1012.46,318.5
1804.0,23.87,44.91,1012.32,320.3
1805.0,23.94,45.25,1012.56,322.2
1806.0,24.0,44.93,1012.39,319.3
1807.0,24.11,44.6,1012.51,318.8
1808.0,24.03,45.15,1012.21,318.2
1809.0,24.01,44.93,1012.26,315.3
1810.0,24.03,45.06,1012.51,319.5
1811.0,24.02,45.54,1012.13,323.2
1812.0,23.94,44.92,1012.28,319.0
1813.0,23.98,44.46,1012.33,315.8
1814.0,24.06,44.45,1012.65,322.4
1815.0,24.06,44.51,1012.46,317.2
1816.0,23.92,44.51,1012.23,316.1
1817.0,23.93,45.56,1012.5,323.2
1818.0,24.05,45.37,1012.18,321.6
1819.0,24.11,45.3,1012.09,317.8
1820.0,24.01,44.17,1012.24,324.6
1821.0,23.97,44.48,1012.6,321.4
1822.0,24.08,44.38,1012.73,319.8
1823.0,24.02,45.09,1012.72,319.8
1824.0,24.1,45.07,1012.22,325.0
1825.0,23.97,44.38,1012.62,322.8
1826.0,24.02,45.39,1012.16,319.4
1827.0,23.94,45.7,1012.2,321.9
1828.0,24.0,45.33,1012.47,323.7
1829.0,24.09,44.72,1012.37,318.8
1830.0,24.0,44.24,1012.67,321.5
1831.0,24.06,46.1,1012.63,324.1
1832.0,23.92,44.64,1012.35,316.8
1833.0,24.07,44.55,1012.37,315.3
1834.0,24.03,45.09,1012.42,319.0
1835.0,24.03,45.35,1012.23,323.1
1836.0,24.01,45.27,1012.6,317.9
1837.0,24.02,44.63,1012.46,317.5
1838.0,24.07,45.3,1012.6,318.2
1839.0,24.02,45.22,1012.5,321.3
1840.0,24.02,44.95,1012.44,320.3
1841.0,24.08,44.85,1012.2,320.5
1842.0,24.03,45.22,1012.28,319.5
1843.0,24.07,45.15,1012.45,317.6
1844.0,23.97,45.3,1012.09,324.9
1845.0,24.06,44.61,1012.26,323.4
1846.0,23.96,44.94,1012.05,319.6
1847.0,23.99,45.31,1012.27,323.8
1848.0,24.01,44.68,1012.48,319.5
1849.0,23.93,45.22,1012.45,320.9
1850.0,24.0,44.96,1012.19,321.0
1851.0,24.06,45.09,1012.4,322.3
1852.0,24.08,44.6,1012.52,324.3
1853.0,24.0,45.2,1012.59,322.6
1854.0,23.92,44.95,1012.33,317.6
1855.0,23.93,44.93,1012.32,320.6
1856.0,23.95,45.52,1012.61,318.1
1857.0,23.88,44.81,1012.62,323.3
1858.0,23.98,44.72,1012.43,318.9
1859.0,23.88,45.78,1012.34,319.4
1860.0,24.01,45.19,1012.41,316.2
1861.0,23.87,45.48,1012.4,321.9
1862.0,24.0,45.12,1012.31,322.8
1863.0,24.07,44.95,1012.72,315.4
1864.0,24.02,44.85,1012.36,319.9
1865.0,23.89,44.62,1012.13,321.3
1866.0,24.11,44.79,1012.25,318.7
1867.0,24.08,44.35,1012.27,318.6
1868.0,24.08,44.51,1012.48,321.7
1869.0,24.01,44.8,1012.36,321.6
1870.0,24.09,45.09,1012.33,317.0
1871.0,24.11,44.6,1012.66,320.6
1872.0,23.97,44.43,1012.52,322.5
1873.0,23.93,45.42,1012.46,326.0
1874.0,23.95,44.95,1012.35,317.3
1875.0,24.04,44.78,1012.49,319.3
1876.0,23.95,44.87,1012.19,321.8
1877.0,24.06,45.11,1012.26,319.5
1878.0,24.1,45.34,1012.48,320.5
1879.0,23.86,44.99,1012.38,317.3
1880.0,24.04,44.75,1012.65,320.8
1881.0,24.03,44.24,1012.7,316.8
1882.0,24.06,44.59,1012.44,320.1
1883.0,23.86,44.88,1012.37,322.9
1884.0,23.93,45.05,1012.6,323.9
1885.0,23.89,44.32,1012.58,321.3
1886.0,23.91,45.1,1012.37,321.8
1887.0,24.0,44.99,1012.22,314.3
1888.0,24.04,45.57,1012.39,315.9
1889.0,24.0,44.76,1012.58,316.1
1890.0,23.94,44.76,1012.26,323.3
1891.0,23.96,45.53,1012.45,315.7
1892.0,24.13,45.26,1012.72,316.3
1893.0,23.98,45.19,1012.13,317.6
1894.0,23.76,45.62,1012.5,320.6
1895.0,23.82,45.05,1012.54,316.9
1896.0,24.04,44.41,1012.56,322.3
1897.0,24.02,44.47,1012.74,317.4
1898.0,23.97,45.2,1012.5,319.9
1899.0,23.9,45.16,1012.5,319.3
1900.0,23.81,45.52,1012.38,321.1
1901.0,24.07,44.28,1012.5,322.1
1902.0,24.05,44.89,1012.36,319.9
1903.0,23.94,44.72,1012.57,324.8
1904.0,24.02,45.52,1012.41,320.6
1905.0,23.9,45.5,1012.34,322.6
1906.0,23.98,44.76,1012.41,320.4
1907.0,24.06,44.35,1012.5,318.4
1908.0,23.93,44.23,1012.51,320.5
1909.0,23.94,44.76,1012.4,319.4
1910.0,23.98,44.74,1012.52,316.3
1911.0,23.96,44.97,1012.26,320.6
1912.0,24.12,44.86,1012.34,320.2
1913.0,23.96,44.38,1012.53,318.4
1914.0,23.97,45.26,1012.5,319.7
1915.0,24.15,45.04,1012.61,319.3
1916.0,24.06,44.85,1012.28,321.2
1917.0,24.12,44.22,1012.36,322.7
1918.0,24.01,44.7,1012.41,321.1
1919.0,24.09,45.16,1012.38,321.9
1920.0,24.04,44.59,1012.21,317.8
1921.0,24.09,45.31,1012.26,324.9
1922.0,24.12,45.23,1012.33,320.2
1923.0,23.89,44.88,1012.59,320.9
1924.0,24.09,45.2,1012.48,318.2
1925.0,24.04,44.66,1012.41,315.7
1926.0,23.96,44.06,1012.37,324.1
1927.0,23.9,44.6,1012.28,320.8
1928.0,23.98,44.66,1012.18,315.4
1929.0,23.99,44.78,1012.29,312.4
1930.0,24.01,45.54,1012.43,318.0
1931.0,24.07,44.55,1012.79,321.3
1932.0,23.98,44.76,1012.54,320.0
1933.0,23.92,45.47,1012.6,316.6
1934.0,23.97,44.97,1012.47,316.8
1935.0,23.95,44.35,1012.37,321.1
1936.0,23.97,45.36,1012.2,320.0
1937.0,23.92,44.54,1012.54,318.7
1938.0,23.93,44.83,1012.39,320.8
1939.0,24.02,45.37,1012.39,317.6
1940.0,23.9,44.87,1012.35,318.3
1941.0,24.03,44.63,1012.46,324.4
1942.0,24.04,44.31,1012.5,317.5
1943.0,23.97,44.74,1012.41,315.5
1944.0,23.86,45.21,1012.35,319.0
1945.0,24.02,45.05,1012.29,317.7
1946.0,23.9,44.71,1012.44,321.0
1947.0,23.95,44.81,1012.4,321.7
1948.0,24.08,45.54,1012.26,322.8
1949.0,24.05,44.7,1012.1,320.9
1950.0,23.92,45.0,1012.32,318.5
1951.0,23.96,45.39,1012.5,318.1
1952.0,24.06,45.2,1012.32,319.3
1953.0,24.06,45.46,1012.42,324.4
1954.0,23.99,44.01,1012.56,314.5
1955.0,23.89,45.15,1012.35,319.7
1956.0,23.95,44.76,1012.32,323.7
1957.0,23.91,44.98,1012.41,321.9
1958.0,24.16,44.59,1012.6,315.4
1959.0,24.03,44.82,1012.47,318.6
1960.0,24.0,44.93,1012.4,322.5
1961.0,23.96,45.13,1012.62,319.7
1962.0,24.1,45.06,1012.52,315.4
1963.0,24.05,44.68,1012.32,317.8
1964.0,23.78,44.48,1012.57,313.4
1965.0,23.98,45.68,1012.37,318.2
1966.0,23.95,44.84,1012.54,324.8
1967.0,23.97,45.04,1012.4,321.5
1968.0,23.86,45.62,1012.53,318.7
1969.0,24.12,45.11,1012.44,318.8
1970.0,23.89,44.3,1012.42,315.8
1971.0,24.05,44.59,1012.24,320.7
1972.0,23.91,45.0,1012.52,314.5
1973.0,23.88,45.01,1012.33,317.9
1974.0,23.84,45.52,1012.27,319.9
1975.0,24.17,45.01,1012.52,318.9
1976.0,23.94,44.81,1012.28,315.9
1977.0,23.96,44.73,1012.42,324.5
1978.0,23.96,44.45,1012.51,317.5
1979.0,23.95,45.59,1012.67,319.6
1980.0,24.01,44.96,1012.45,318.4
1981.0,23.93,44.55,1012.66,322.5
1982.0,23.94,44.73,1012.32,326.6
1983.0,23.85,44.58,1012.55,319.1
1984.0,23.96,46.03,1012.42,323.9
1985.0,23.95,44.64,1012.39,315.6
1986.0,23.93,45.14,1012.34,320.9
1987.0,24.1,45.71,1012.59,318.7
1988.0,24.11,45.59,1012.42,321.8
1989.0,24.17,45.04,1012.79,318.4
1990.0,24.06,44.71,1012.34,322.5
1991.0,23.95,44.79,1012.51,319.1
1992.0,23.97,45.33,1012.34,323.2
1993.0,24.1,44.5,1012.48,319.7
1994.0,23.97,45.2,1012.58,323.1
1995.0,23.98,44.56,1012.21,320.2
1996.0,23.87,45.24,1012.64,322.6
1997.0,24.14,44.7,1012.43,321.7
1998.0,23.95,45.62,1012.5,318.8
1999.0,24.08,45.22,1012.26,319.5
2000.0,23.96,45.26,1012.39,324.4
2001.0,23.89,44.36,1012.51,325.5
2002.0,24.05,44.54,1012.57,316.2
2003.0,23.95,44.95,1012.42,321.6
2004.0,23.89,44.72,1012.24,321.5
2005.0,24.06,44.5,1012.11,321.6
2006.0,23.97,44.99,1012.41,319.0
2007.0,23.92,45.2,1012.36,320.4
2008.0,23.87,44.9,1012.45,314.9
2009.0,23.91,44.28,1012.2,322.9
2010.0,24.03,44.66,1012.11,314.9
2011.0,23.94,45.06,1012.08,320.5
2012.0,24.02,44.99,1012.54,318.6
2013.0,24.06,45.37,1012.42,322.9
2014.0,24.04,45.28,1012.15,318.6
2015.0,23.89,45.47,1012.4,319.7
2016.0,23.96,45.24,1012.44,322.6
2017.0,23.94,45.56,1012.23,319.5
2018.0,24.06,45.26,1012.53,319.4
2019.0,23.92,45.4,1012.22,313.9
2020.0,23.96,45.12,1012.4,321.9
2021.0,23.82,45.05,1012.36,320.3
2022.0,23.9,45.38,1012.11,322.3
2023.0,23.98,45.58,1012.4,317.4
2024.0,24.03,45.2,1012.27,317.6
2025.0,24.04,44.72,1012.37,323.8
2026.0,24.25,45.48,1012.46,323.1
2027.0,24.14,45.14,1012.23,318.2
2028.0,24.11,44.74,1012.53,319.7
2029.0,23.98,44.51,1012.11,315.4
2030.0,24.08,44.29,1012.23,318.5
2031.0,24.18,44.31,1012.5,323.1
2032.0,23.84,44.43,1012.35,318.1
2033.0,24.01,45.5,1012.48,319.8
2034.0,23.91,45.39,1012.34,318.8
2035.0,24.11,45.15,1012.47,315.9
2036.0,23.94,44.78,1012.3,321.2
2037.0,23.93,45.07,1012.4,318.2
2038.0,24.0,44.64,1012.39,317.7
2039.0,24.11,45.1,1012.57,321.2
2040.0,24.01,45.07,1012.27,316.6
2041.0,24.03,45.12,1012.56,315.4
2042.0,24.01,45.14,1012.03,320.2
2043.0,24.06,45.29,1012.51,320.8
2044.0,24.14,45.33,1012.24,319.8
2045.0,23.93,44.38,1012.32,323.9
2046.0,23.89,45.04,1012.26,320.9
2047.0,23.9,44.72,1012.26,320.1
2048.0,24.11,44.34,1012.3,316.1
2049.0,24.12,45.02,1012.46,325.1
2050.0,24.03,44.74,1012.26,322.9
2051.0,24.02,45.02,1012.21,324.2
2052.0,24.11,44.8,1012.33,318.9
2053.0,23.87,44.31,1012.27,319.7
2054.0,23.94,45.53,1012.28,321.6
2055.0,23.89,44.86,1012.45,320.9
2056.0,23.95,44.79,1012.35,320.6
2057.0,24.01,44.66,1012.29,316.9
2058.0,24.0,45.35,1012.51,320.6
2059.0,24.05,44.87,1012.29,321.0
2060.0,24.12,45.66,1012.42,322.1
2061.0,23.92,45.08,1012.62,320.9
2062.0,24.01,45.24,1012.25,321.2
2063.0,24.08,44.63,1012.17,319.8
2064.0,24.05,45.65,1012.39,318.3
2065.0,24.04,44.68,1012.25,326.2
2066.0,24.08,44.91,1012.47,323.4
2067.0,23.94,45.15,1012.63,322.5
2068.0,24.06,44.8,1012.3,321.7
2069.0,24.13,44.98,1012.6,321.6
2070.0,23.98,44.52,1012.2,324.3
2071.0,23.85,44.67,1012.24,324.8
2072.0,23.99,44.61,1012.52,317.2
2073.0,23.96,44.81,1012.13,317.6
2074.0,24.11,44.87,1012.26,318.5
2075.0,23.91,44.52,1012.44,320.4
2076.0,23.96,44.52,1012.41,320.0
2077.0,23.96,45.14,1012.47,318.6
2078.0,23.94,45.9,1012.46,316.5
2079.0,24.02,45.32,1012.25,317.2
2080.0,23.94,44.84,1012.37,320.5
2081.0,24.06,45.29,1012.25,315.7
2082.0,24.02,45.33,1012.36,326.4
2083.0,24.01,44.73,1012.53,317.9
2084.0,24.12,44.48,1012.33,321.9
2085.0,23.94,44.44,1012.52,320.8
2086.0,24.02,44.87,1012.35,323.5
2087.0,23.97,44.56,1012.42,320.3
2088.0,23.82,45.03,1012.47,319.3
2089.0,23.95,44.77,1012.4,321.2
2090.0,24.0,44.31,1012.3,324.7
2091.0,23.92,44.93,1012.29,323.9
2092.0,24.01,44.59,1012.83,316.6
2093.0,23.99,45.15,1012.58,317.0
2094.0,23.87,44.53,1012.44,319.0
2095.0,24.02,44.99,1012.69,318.1
2096.0,24.23,45.19,1012.12,316.5
2097.0,23.92,45.49,1012.43,320.0
2098.0,24.16,44.36,1012.42,319.5
2099.0,24.08,45.18,1012.41,318.6
2100.0,24.05,44.92,1012.38,323.7
2101.0,24.04,44.96,1012.69,318.2
2102.0,23.98,45.52,1012.57,319.3
2103.0,24.07,45.93,1012.21,317.5
2104.0,23.99,45.67,1012.24,314.1
2105.0,24.08,44.38,1012.51,318.6
2106.0,23.99,44.73,1012.29,323.2
2107.0,24.1,45.91,1012.47,317.1
2108.0,24.09,44.78,1012.28,319.9
2109.0,24.11,45.1,1012.49,313.2
2110.0,24.11,44.9,1012.52,319.0
2111.0,24.04,45.27,1012.47,319.7
2112.0,23.96,44.94,1012.5,320.3
2113.0,23.84,45.05,1012.41,320.9
2114.0,24.05,44.95,1012.31,320.7
2115.0,24.09,44.7,1012.38,322.0
2116.0,23.96,44.99,1012.54,322.5
2117.0,23.92,44.59,1012.14,320.7
2118.0,23.96,45.01,1012.26,323.9
2119.0,23.85,44.73,1012.65,317.5
2120.0,23.79,45.43,1012.46,319.8
2121.0,23.96,45.67,1012.59,315.0
2122.0,24.21,45.52,1012.29,318.6
2123.0,23.98,44.95,1012.84,318.3
2124.0,23.96,45.46,1012.32,320.8
2125.0,23.94,45.17,1012.56,317.8
2126.0,24.05,44.77,1012.39,314.9
2127.0,23.98,44.84,1012.43,316.8
2128.0,23.95,44.8,1012.33,315.1
2129.0,23.97,45.1,1012.32,318.4
2130.0,23.91,44.99,1012.52,318.1
2131.0,23.92,44.82,1012.38,323.9
2132.0,23.78,44.95,1012.48,318.7
2133.0,23.96,45.27,1012.49,318.5
2134.0,23.95,44.76,1012.2,314.3
2135.0,23.99,44.5,1012.36,317.2
2136.0,24.06,45.05,1012.61,318.3
2137.0,24.11,44.34,1012.58,321.1
2138.0,24.02,45.27,1012.29,321.1
2139.0,23.92,45.37,1012.37,323.4
2140.0,24.04,45.49,1012.47,319.3
2141.0,23.88,44.43,1012.21,324.1
2142.0,24.16,44.23,1012.47,322.3
2143.0,24.08,45.13,1012.41,314.5
2144.0,23.9,44.6,1012.3,321.2
2145.0,23.7,45.3,1012.35,316.5
2146.0,24.04,45.09,1012.37,320.1
2147.0,23.92,44.77,1012.47,324.9
2148.0,23.98,44.81,1012.33,312.5
2149.0,23.91,45.76,1012.64,322.0
2150.0,24.02,45.24,1012.54,315.7
2151.0,24.03,44.79,1012.22,319.7
2152.0,23.94,44.84,1012.22,313.0
2153.0,24.15,44.98,1012.11,324.4
2154.0,24.05,45.03,1012.29,319.6
2155.0,23.94,44.22,1012.28,322.0
2156.0,24.01,45.05,1012.23,321.3
2157.0,24.0,44.99,1012.41,318.7
2158.0,23.9,45.43,1012.44,318.4
2159.0,24.19,45.48,1012.36,318.0
2160.0,24.0,44.6,1012.46,319.2
2161.0,24.04,45.01,1012.49,316.5
2162.0,23.97,44.53,1012.63,319.7
2163.0,23.91,44.47,1012.45,318.3
2164.0,24.03,44.2,1012.69,321.8
2165.0,24.11,44.44,1012.42,320.5
2166.0,23.98,44.93,1012.23,317.3
2167.0,23.89,44.96,1012.32,318.1
2168.0,23.91,44.64,1012.31,316.1
2169.0,24.09,45.07,1012.12,316.4
2170.0,23.82,44.19,1012.47,319.6
2171.0,24.0,44.75,1012.25,320.2
2172.0,23.89,45.17,1012.5,323.3
2173.0,24.0,45.16,1012.5,321.3
2174.0,24.02,44.81,1012.52,322.6
2175.0,23.98,44.82,1012.58,323.7
2176.0,23.99,45.0,1012.36,319.1
2177.0,23.97,45.32,1012.59,318.4
2178.0,24.04,45.08,1012.36,320.1
2179.0,23.97,44.84,1012.57,322.8
2180.0,23.96,45.54,1012.39,321.1
2181.0,24.1,45.29,1012.55,320.3
2182.0,24.0,44.48,1012.5,321.5
2183.0,23.94,44.36,1012.42,321.6
2184.0,24.06,45.23,1012.33,318.2
2185.0,23.92,45.28,1012.39,323.7
2186.0,24.08,44.94,1012.5,321.9
2187.0,24.1,44.76,1012.71,319.0
2188.0,24.05,44.37,1012.53,321.2
2189.0,24.14,44.76,1012.51,317.4
2190.0,23.98,45.12,1012.3,318.4
2191.0,23.95,45.3,1012.14,315.9
2192.0,23.96,45.21,1012.4,319.7
2193.0,24.0,45.53,1012.29,317.9
2194.0,24.14,45.28,1012.36,316.7
2195.0,24.17,45.48,1012.31,313.4
2196.0,23.97,44.61,1012.38,319.6
2197.0,23.93,44.97,1012.09,325.5
2198.0,23.87,45.22,1012.41,320.6
2199.0,24.12,44.83,1012.33,324.4
2200.0,24.09,45.72,1012.31,323.5
2201.0,24.02,45.02,1012.34,320.7
2202.0,24.13,44.36,1012.72,321.9
2203.0,23.95,44.9,1012.33,312.8
2204.0,24.07,45.68,1012.43,319.1
2205.0,24.05,45.1,1012.42,324.8
2206.0,24.04,45.48,1012.11,320.9
2207.0,24.09,45.06,1012.59,325.1
2208.0,24.11,44.62,1012.62,322.7
2209.0,23.99,44.61,1012.31,326.3
2210.0,24.05,44.84,1012.45,316.9
2211.0,24.03,44.99,1012.33,323.7
2212.0,23.98,45.53,1012.42,321.5
2213.0,24.07,44.52,1012.43,321.4
2214.0,23.97,44.66,1012.33,320.8
2215.0,24.06,44.6,1012.45,320.7
2216.0,23.87,44.94,1012.43,317.3
2217.0,24.12,44.91,1012.31,322.7
2218.0,23.98,44.58,1012.37,323.5
2219.0,24.02,45.41,1012.38,322.2
2220.0,24.04,45.67,1012.42,322.6
2221.0,24.04,45.31,1012.51,322.2
2222.0,24.01,44.59,1012.14,320.9
2223.0,23.93,44.66,1012.48,319.3
2224.0,23.94,44.28,1012.19,319.9
2225.0,24.07,45.52,1012.48,320.8
2226.0,23.76,44.74,1012.52,323.3
2227.0,24.1,45.47,1012.43,325.4
2228.0,24.02,45.48,1012.51,321.7
2229.0,24.1,45.37,1012.35,322.6
2230.0,23.82,45.18,1012.46,320.1
2231.0,24.03,44.72,1012.84,320.2
2232.0,24.03,44.56,1012.26,318.2
2233.0,23.76,44.59,1012.53,313.9
2234.0,23.91,45.4,1012.48,321.0
2235.0,24.11,44.74,1012.44,318.6
2236.0,23.89,45.2,1012.54,312.9
2237.0,23.94,45.22,1012.24,323.6
2238.0,23.9,44.93,1012.53,323.5
2239.0,24.12,45.13,1012.29,320.0
2240.0,24.01,44.73,1012.41,317.5
2241.0,23.92,44.76,1012.33,318.9
2242.0,23.89,44.83,1012.36,316.6
2243.0,23.92,44.91,1012.48,321.6
2244.0,24.11,45.38,1012.19,322.1
2245.0,24.03,44.69,1012.57,321.0
2246.0,24.03,45.2,1012.54,323.7
2247.0,23.94,44.86,1012.27,324.3
2248.0,24.09,44.77,1012.22,322.5
2249.0,24.0,45.29,1012.42,319.3
2250.0,23.89,44.59,1012.09,321.2
2251.0,24.11,45.35,1012.49,322.2
2252.0,24.03,44.35,1012.64,322.5
2253.0,24.09,45.18,1012.57,320.9
2254.0,24.06,45.13,1012.34,323.2
2255.0,23.91,44.9,1012.31,317.5
2256.0,23.94,45.02,1012.65,317.1
2257.0,23.98,44.69,1012.43,323.9
2258.0,24.0,45.0,1012.58,320.1
2259.0,23.99,45.14,1012.42,312.8
2260.0,24.04,45.01,1012.54,318.5
2261.0,23.95,45.19,1012.36,321.5
2262.0,23.9,44.91,1012.12,324.0
2263.0,24.0,44.87,1012.36,318.3
2264.0,24.04,45.51,1012.34,322.0
2265.0,23.93,44.69,1012.29,322.0
2266.0,24.09,44.75,1012.51,321.5
2267.0,23.91,44.57,1012.33,320.6
2268.0,23.92,45.89,1012.38,315.2
2269.0,24.09,44.87,1012.44,318.7
2270.0,24.05,44.64,1012.47,317.6
2271.0,24.18,44.77,1012.35,322.2
2272.0,24.07,45.21,1012.42,320.0
2273.0,24.03,45.58,1012.37,319.3
2274.0,24.01,44.66,1012.08,321.5
2275.0,23.97,45.43,1012.29,319.8
2276.0,24.18,45.28,1012.2,320.7
2277.0,24.03,44.85,1012.2,320.7
2278.0,23.95,45.71,1012.4,317.5
2279.0,23.95,44.53,1012.47,320.1
2280.0,24.02,45.14,1012.17,312.7
2281.0,24.06,44.92,1012.12,319.6
2282.0,23.88,43.8,1012.46,315.3
2283.0,24.01,45.11,1012.35,319.3
2284.0,24.12,44.23,1012.46,316.0
2285.0,23.97,44.82,1012.1,317.8
2286.0,24.05,45.35,1012.61,317.5
2287.0,23.96,45.14,1012.2,322.7
2288.0,24.05,44.91,1012.32,314.4
2289.0,23.95,44.5,1012.64,318.6
2290.0,23.84,44.27,1012.37,318.5
2291.0,24.09,45.05,1012.13,318.9
2292.0,23.92,44.9,1012.24,319.7
2293.0,24.03,45.11,1012.48,322.1
2294.0,24.01,45.39,1012.13,319.1
2295.0,24.04,44.96,1012.13,319.7
2296.0,23.94,44.57,1012.32,323.9
2297.0,23.91,44.77,1012.47,318.9
2298.0,24.2,45.68,1012.45,317.9
2299.0,23.98,44.99,1012.34,322.4
2300.0,23.93,44.31,1012.41,318.2
2301.0,23.98,44.84,1012.43,323.0
2302.0,24.11,44.61,1012.17,317.7
2303.0,24.09,44.11,1012.48,323.0
2304.0,24.11,44.5,1012.33,326.6
2305.0,24.0,44.39,1012.43,316.3
2306.0,24.1,44.63,1012.32,321.6
2307.0,23.89,45.21,1012.45,318.9
2308.0,24.0,45.71,1012.44,319.8
2309.0,24.15,45.73,1012.4,323.2
2310.0,24.0,45.3,1012.69,319.6
2311.0,24.08,44.98,1012.24,319.5
2312.0,24.07,45.56,1012.55,324.2
2313.0,23.93,45.59,1012.52,322.2
2314.0,23.92,45.18,1012.69,319.9
2315.0,24.12,45.3,1012.34,316.5
2316.0,24.04,44.78,1012.44,323.7
2317.0,23.89,45.75,1012.67,315.1
2318.0,24.0,44.62,1012.55,317.5
2319.0,23.83,44.49,1012.46,323.0
2320.0,23.9,45.22,1012.77,320.2
2321.0,23.86,44.59,1012.47,318.3
2322.0,24.02,45.77,1012.39,325.3
2323.0,24.07,44.91,1012.35,318.4
2324.0,24.06,44.68,1012.43,317.1
2325.0,24.09,44.57,1012.34,318.9
2326.0,23.89,45.21,1012.47,320.5
2327.0,23.96,45.48,1012.34,319.4
2328.0,24.03,45.18,1012.43,323.1
2329.0,23.99,45.19,1012.27,319.8
2330.0,23.92,45.14,1012.51,318.8
2331.0,24.05,45.71,1012.08,320.4
2332.0,23.99,45.05,1012.42,319.3
2333.0,24.01,44.62,1012.27,321.6
2334.0,23.91,45.05,1012.46,319.4
2335.0,23.95,44.98,1012.48,323.1
2336.0,23.92,45.84,1012.51,317.3
2337.0,23.85,44.8,1012.37,323.2
2338.0,23.99,45.91,1012.61,319.4
2339.0,23.94,44.89,1012.4,318.7
2340.0,24.03,45.08,1012.19,322.3
2341.0,23.99,45.7,1012.42,323.0
2342.0,23.98,44.15,1012.41,322.2
2343.0,24.15,45.07,1012.63,323.4
2344.0,24.02,45.34,1012.2,324.5
2345.0,24.04,44.88,1012.55,319.2
2346.0,23.92,45.2,1012.55,318.4
2347.0,24.03,45.45,1012.25,319.6
2348.0,24.15,45.07,1012.36,320.3
2349.0,24.03,45.41,1012.0,325.0
2350.0,24.04,45.46,1012.63,323.2
2351.0,23.93,45.21,1012.52,329.0
2352.0,24.15,44.82,1012.56,320.4
2353.0,23.94,44.6,1012.36,320.2
2354.0,24.17,44.68,1012.54,318.9
2355.0,24.14,45.27,1012.31,315.4
2356.0,24.01,45.21,1012.37,316.4
2357.0,24.18,45.23,1012.63,320.3
2358.0,23.82,45.16,1012.58,319.8
2359.0,24.08,45.41,1012.6,319.0
2360.0,23.93,45.05,1012.56,323.4
2361.0,24.0,44.69,1012.4,323.7
2362.0,24.18,44.83,1012.26,319.6
2363.0,23.92,45.1,1012.28,319.8
2364.0,23.88,44.49,1012.43,318.1
2365.0,24.06,45.01,1012.45,320.1
2366.0,24.08,45.31,1012.4,320.3
2367.0,23.95,45.67,1012.39,324.1
2368.0,23.92,45.16,1012.33,323.9
2369.0,24.11,45.22,1012.54,319.7
2370.0,24.07,44.9,1012.31,324.6
2371.0,23.9,45.19,1012.36,320.3
2372.0,23.91,44.85,1012.42,317.9
2373.0,24.07,44.32,1012.63,322.9
2374.0,23.99,46.02,1012.19,316.3
2375.0,24.0,44.87,1012.56,320.5
2376.0,23.86,44.9,1012.35,316.7
2377.0,24.11,44.58,1012.31,319.0
2378.0,24.02,45.24,1012.54,321.4
2379.0,23.94,45.05,1012.43,316.6
2380.0,24.04,45.22,1012.55,324.4
2381.0,24.17,45.45,1012.49,319.4
2382.0,24.05,44.82,1012.53,320.5
2383.0,23.96,44.99,1012.33,321.7
2384.0,23.93,44.75,1012.6,321.0
2385.0,24.02,45.12,1012.17,318.4
2386.0,23.93,44.95,1012.37,318.6
2387.0,23.98,44.61,1012.31,316.4
2388.0,24.0,45.31,1012.33,320.2
2389.0,23.91,45.21,1012.32,324.7
2390.0,24.02,44.79,1012.54,319.5
2391.0,23.94,45.01,1012.56,320.9
2392.0,24.04,44.73,1012.24,325.0
2393.0,23.95,45.3,1012.27,318.6
2394.0,23.93,44.98,1012.46,314.9
2395.0,23.94,44.31,1012.32,320.3
2396.0,24.02,44.8,1012.49,320.8
2397.0,24.04,45.28,1012.39,322.8
2398.0,24.16,44.59,1012.5,322.6
2399.0,24.05,45.3,1012.65,320.8
2400.0,24.0,45.64,1012.27,314.0
2401.0,24.04,44.73,1012.47,327.3
2402.0,24.1,45.21,1012.35,316.6
2403.0,24.07,45.65,1012.49,321.9
2404.0,23.97,44.39,1012.51,320.0
2405.0,23.97,44.86,1012.77,319.1
2406.0,24.08,44.78,1012.38,320.2
2407.0,24.09,44.36,1012.55,323.2
2408.0,24.12,44.67,1012.19,323.3
2409.0,24.03,44.89,1012.41,315.9
2410.0,23.96,44.5,1012.53,324.0
2411.0,23.81,44.77,1012.44,320.9
2412.0,24.02,44.99,1012.33,311.1
2413.0,24.02,44.34,1012.25,317.9
2414.0,23.89,45.23,1012.22,327.3
2415.0,24.01,45.15,1012.21,316.8
2416.0,23.98,45.46,1012.25,312.6
2417.0,23.85,44.35,1012.43,318.7
2418.0,24.04,44.44,1012.17,321.5
2419.0,23.96,45.04,1012.36,317.7
2420.0,23.84,44.55,1012.57,319.0
2421.0,24.02,44.64,1012.16,316.2
2422.0,24.01,45.22,1012.27,317.6
2423.0,23.82,45.1,1012.22,316.4
2424.0,23.89,44.32,1012.66,320.8
2425.0,23.97,45.68,1012.5,320.2
2426.0,24.01,45.04,1012.73,324.4
2427.0,23.96,44.96,1012.8,316.3
2428.0,24.02,44.91,1012.26,318.6
2429.0,23.89,45.12,1012.11,319.3
2430.0,23.97,45.6,1012.32,321.1
2431.0,23.93,44.77,1012.62,320.3
2432.0,23.99,45.09,1012.36,317.8
2433.0,24.02,44.95,1012.46,323.8
2434.0,24.05,45.25,1012.25,321.5
2435.0,24.07,45.31,1012.49,318.4
2436.0,24.01,45.05,1012.24,323.0
2437.0,24.18,44.99,1012.43,320.9
2438.0,23.91,44.95,1012.58,320.7
2439.0,24.09,44.65,1012.11,319.6
2440.0,24.04,44.84,1012.28,319.7
2441.0,24.08,44.54,1012.74,320.0
2442.0,24.21,45.42,1012.21,321.8
2443.0,23.87,45.13,1012.26,322.3
2444.0,24.07,45.04,1012.44,319.8
2445.0,24.14,44.02,1012.48,316.5
2446.0,23.92,45.2,1012.55,319.1
2447.0,23.95,44.97,1012.53,323.7
2448.0,24.1,45.35,1012.35,320.5
2449.0,24.11,45.13,1012.62,318.2
2450.0,24.02,44.86,1012.38,320.0
2451.0,24.04,45.46,1012.42,312.5
2452.0,24.12,44.9,1012.29,322.2
2453.0,23.96,44.97,1012.11,317.8
2454.0,24.02,44.94,1012.52,324.8
2455.0,23.92,45.48,1012.38,320.5
2456.0,23.95,45.24,1012.58,319.5
2457.0,23.74,44.46,1012.15,317.7
2458.0,23.96,45.65,1012.72,313.4
2459.0,24.11,45.38,1012.51,316.3
2460.0,23.95,45.13,1012.63,316.4
2461.0,23.98,44.31,1012.46,320.5
2462.0,24.04,44.99,1012.36,319.4
2463.0,23.95,44.87,1012.26,319.2
2464.0,23.96,44.88,1012.46,325.2
2465.0,24.02,44.49,1012.39,318.6
2466.0,23.9,46.1,1012.53,319.0
2467.0,24.06,44.85,1012.14,322.4
2468.0,23.95,45.26,1012.32,318.3
2469.0,23.97,44.86,1012.45,325.4
2470.0,23.93,44.54,1012.69,321.6
2471.0,24.14,44.7,1012.24,317.5
2472.0,24.15,45.06,1012.5,318.8
2473.0,23.95,44.33,1012.58,320.2
2474.0,24.03,44.88,1012.41,325.4
2475.0,24.08,44.74,1012.24,321.8
2476.0,24.24,45.36,1012.41,319.5
2477.0,23.97,45.01,1012.42,319.8
2478.0,24.02,44.99,1012.36,318.1
2479.0,23.97,45.21,1012.41,318.5
2480.0,24.03,45.83,1012.58,314.7
2481.0,23.95,45.35,1012.14,320.0
2482.0,24.19,44.82,1012.39,323.2
2483.0,23.86,45.05,1012.36,315.4
2484.0,24.06,45.21,1012.46,320.5
2485.0,24.05,44.94,1012.32,321.4
2486.0,23.92,45.11,1012.42,321.3
2487.0,24.03,44.63,1012.21,320.7
2488.0,23.94,44.91,1012.63,321.7
2489.0,24.23,45.55,1012.25,321.0
2490.0,23.9,45.02,1012.37,320.5
2491.0,23.98,45.41,1012.34,319.4
2492.0,23.99,44.89,1012.35,318.0
2493.0,24.14,44.63,1012.36,318.2
2494.0,24.04,44.79,1012.43,318.8
2495.0,23.89,45.25,1012.57,319.9
2496.0,23.98,44.42,1012.35,317.5
2497.0,24.13,44.84,1012.48,322.2
2498.0,23.88,44.67,1012.4,316.7
2499.0,24.08,45.14,1012.53,321.7
2500.0,23.95,44.62,1012.38,318.3
2501.0,23.97,44.72,1012.66,317.3
2502.0,24.1,44.2,1012.12,320.1
2503.0,24.03,44.48,1012.08,320.2
2504.0,23.96,44.68,1012.59,317.9
2505.0,23.88,44.77,1012.42,314.9
2506.0,24.05,44.73,1012.47,322.3
2507.0,23.93,45.35,1012.6,315.5
2508.0,23.83,45.12,1012.39,315.2
2509.0,23.95,45.55,1012.57,319.9
2510.0,24.06,46.11,1012.51,320.6
2511.0,24.0,45.52,1012.32,316.6
2512.0,24.0,44.93,1012.38,321.5
2513.0,24.04,45.67,1012.55,321.9
2514.0,23.91,45.03,1012.49,321.5
2515.0,24.09,45.16,1012.35,315.0
2516.0,24.08,45.05,1012.44,319.0
2517.0,23.97,44.5,1012.52,316.8
2518.0,23.95,44.9,1012.27,312.9
2519.0,24.02,45.37,1012.43,321.7
2520.0,24.03,45.19,1012.09,319.8
2521.0,24.09,44.51,1012.2,322.5
2522.0,23.99,45.02,1012.4,316.7
2523.0,24.04,45.47,1012.68,316.8
2524.0,24.06,45.21,1012.51,320.4
2525.0,23.86,45.11,1012.58,324.3
2526.0,23.92,44.41,1012.47,318.8
2527.0,23.89,44.49,1012.33,321.1
2528.0,24.04,44.84,1012.31,315.2
2529.0,24.04,44.14,1012.3,318.1
2530.0,24.02,45.34,1012.43,317.8
2531.0,23.92,45.33,1012.42,320.8
2532.0,23.92,45.21,1012.4,318.7
2533.0,24.0,45.43,1012.22,321.4
2534.0,23.95,45.13,1012.27,316.8
2535.0,24.07,44.33,1012.32,320.8
2536.0,24.0,44.62,1012.12,318.7
2537.0,23.96,44.71,1012.47,321.8
2538.0,24.02,45.15,1012.77,320.9
2539.0,23.98,45.38,1012.51,315.7
2540.0,24.0,44.76,1012.45,312.4
2541.0,24.02,45.05,1012.33,325.0
2542.0,23.99,44.52,1012.73,316.9
2543.0,23.92,45.24,1012.31,318.2
2544.0,23.97,44.67,1012.66,319.3
2545.0,24.09,44.59,1012.27,318.6
2546.0,23.96,44.85,1012.57,317.7
2547.0,23.97,45.39,1012.54,324.1
2548.0,24.15,44.47,1012.47,314.5
2549.0,24.06,45.27,1012.47,318.9
2550.0,23.9,45.37,1012.65,317.0
2551.0,24.03,45.11,1012.33,316.3
2552.0,23.99,45.03,1012.43,325.5
2553.0,24.03,44.19,1012.65,318.3
2554.0,23.88,45.12,1012.24,318.6
2555.0,24.08,45.34,1012.75,321.9
2556.0,23.99,44.65,1012.29,322.6
2557.0,23.99,44.98,1012.41,318.6
2558.0,23.96,44.94,1012.3,324.1
2559.0,24.04,44.31,1012.4,314.8
2560.0,23.81,44.68,1012.01,319.0
2561.0,24.03,45.28,1012.27,321.5
2562.0,23.94,45.64,1012.66,316.8
2563.0,23.95,44.48,1012.31,318.8
2564.0,24.1,44.22,1012.3,322.2
2565.0,24.04,44.09,1012.48,317.2
2566.0,23.94,44.94,1012.64,326.4
2567.0,24.03,45.34,1012.44,323.5
2568.0,23.81,45.16,1012.38,320.6
2569.0,24.02,45.01,1012.32,317.6
2570.0,24.03,44.65,1012.58,319.7
2571.0,24.02,45.12,1012.48,323.7
2572.0,24.09,44.49,1012.34,319.4
2573.0,23.9,44.71,1012.34,318.1
2574.0,23.94,45.34,1012.36,322.8
2575.0,23.99,45.09,1012.0,326.2
2576.0,23.89,45.51,1012.36,315.3
2577.0,24.01,45.81,1012.4,319.1
2578.0,23.89,44.81,1012.38,322.1
2579.0,24.07,44.55,1012.25,318.8
2580.0,23.94,44.85,1012.37,320.4
2581.0,23.89,45.0,1012.27,320.0
2582.0,24.13,45.28,1012.68,323.8
2583.0,24.13,45.83,1012.73,318.7
2584.0,23.94,45.39,1012.23,320.6
2585.0,24.04,44.37,1012.35,321.5
2586.0,23.86,45.18,1012.18,312.8
2587.0,23.96,45.52,1012.26,322.0
2588.0,23.77,45.13,1012.46,315.1
2589.0,24.06,44.96,1012.58,318.8
2590.0,24.0,44.61,1012.3,323.5
2591.0,23.99,44.88,1012.4,321.5
2592.0,23.95,44.75,1012.45,316.9
2593.0,24.0,45.01,1012.42,322.4
2594.0,23.93,45.16,1012.47,317.8
2595.0,24.11,45.4,1012.2,316.6
2596.0,24.05,44.87,1012.3,321.4
2597.0,24.15,44.57,1012.55,318.4
2598.0,24.04,44.92,1012.51,318.0
2599.0,23.98,44.56,1012.47,325.2
2600.0,24.02,44.76,1012.47,316.7
2601.0,23.87,44.61,1012.46,321.9
2602.0,24.07,44.76,1012.62,324.3
2603.0,24.0,44.9,1012.76,316.0
2604.0,23.93,45.53,1012.48,318.3
2605.0,24.05,44.96,1012.38,322.5
2606.0,23.98,44.62,1012.63,325.2
2607.0,24.1,44.55,1012.21,322.6
2608.0,23.98,45.72,1012.26,323.0
2609.0,23.9,45.06,1012.55,318.2
2610.0,24.19,45.35,1012.46,320.2
2611.0,24.0,45.11,1012.58,314.6
2612.0,24.07,45.64,1012.6,323.8
2613.0,23.99,44.84,1012.52,320.7
2614.0,24.07,45.84,1012.47,317.5
2615.0,24.07,44.47,1012.4,321.1
2616.0,23.93,45.2,1012.43,318.0
2617.0,24.03,45.23,1012.4,318.3
2618.0,23.94,45.79,1012.49,316.5
2619.0,23.76,44.87,1012.38,319.7
2620.0,23.94,44.58,1012.62,316.8
2621.0,24.08,44.45,1012.44,319.8
2622.0,24.13,44.39,1012.36,322.1
2623.0,24.0,44.15,1012.32,315.0
2624.0,23.92,44.43,1012.2,320.1
2625.0,23.98,45.3,1012.45,315.0
2626.0,24.04,44.91,1012.48,319.7
2627.0,23.98,44.65,1012.45,320.9
2628.0,24.09,44.44,1012.44,326.2
2629.0,23.94,44.77,1012.57,321.7
2630.0,24.14,44.78,1012.24,319.5
2631.0,23.97,44.95,1012.68,321.9
2632.0,23.8,45.32,1012.21,321.7
2633.0,24.08,45.03,1012.38,316.6
2634.0,23.96,44.4,1012.26,324.1
2635.0,24.1,44.85,1011.94,318.2
2636.0,23.89,44.76,1012.33,318.2
2637.0,24.01,44.6,1012.49,320.4
2638.0,23.96,45.2,1012.54,320.6
2639.0,24.04,45.47,1012.5,320.2
2640.0,24.02,45.1,1012.52,322.2
2641.0,23.85,45.89,1012.25,321.5
2642.0,23.95,45.14,1012.49,321.9
2643.0,24.02,45.33,1012.57,321.5
2644.0,24.06,44.88,1012.45,321.1
2645.0,23.99,45.23,1012.33,315.1
2646.0,24.11,45.99,1012.26,322.1
2647.0,23.83,45.05,1012.34,320.2
2648.0,24.07,44.93,1012.34,319.9
2649.0,23.87,44.24,1012.38,322.1
2650.0,24.12,45.38,1012.47,322.2
2651.0,24.09,44.61,1012.35,320.0
2652.0,24.1,45.37,1012.57,318.1
2653.0,24.05,45.11,1012.55,319.4
2654.0,23.96,44.86,1012.31,321.2
2655.0,23.97,45.24,1012.36,318.0
2656.0,23.88,45.96,1012.58,316.4
2657.0,23.97,44.34,1012.5,319.6
2658.0,24.02,45.32,1012.68,316.0
2659.0,23.96,45.35,1012.23,323.9
2660.0,24.07,45.23,1012.63,322.5
2661.0,24.1,44.38,1012.33,316.7
2662.0,23.96,44.67,1012.13,322.0
2663.0,23.97,44.76,1012.41,323.1
2664.0,24.04,46.36,1012.29,318.2
2665.0,23.97,45.3,1012.17,318.5
2666.0,23.98,45.01,1012.3,322.2
2667.0,23.99,45.18,1012.47,322.2
2668.0,23.88,45.8,1012.1,318.7
2669.0,23.96,45.17,1012.46,314.7
2670.0,24.03,45.04,1012.55,322.9
2671.0,24.1,44.82,1012.26,324.5
2672.0,23.97,44.67,1012.16,321.6
2673.0,23.97,45.28,1012.67,317.2
2674.0,24.06,45.85,1012.28,314.7
2675.0,23.92,45.64,1012.37,318.3
2676.0,23.83,44.58,1012.39,325.6
2677.0,23.88,45.07,1012.54,321.5
2678.0,23.93,45.19,1012.42,324.3
2679.0,24.01,45.75,1012.32,324.4
2680.0,24.01,45.86,1012.49,323.7
2681.0,23.99,44.1,1012.58,318.4
2682.0,23.95,45.01,1012.44,321.7
2683.0,24.11,44.74,1012.33,318.4
2684.0,24.17,45.0,1012.5,322.7
2685.0,23.93,45.41,1012.41,323.0
2686.0,24.16,43.81,1012.31,318.5
2687.0,23.92,44.51,1012.52,319.3
2688.0,23.95,45.33,1012.25,320.2
2689.0,24.14,44.76,1012.29,320.8
2690.0,23.95,45.06,1012.21,325.3
2691.0,23.79,44.61,1012.26,320.8
2692.0,24.06,45.49,1012.44,319.4
2693.0,23.97,45.38,1012.27,321.3
2694.0,23.96,45.71,1012.73,317.6
2695.0,23.87,44.6,1012.36,319.1
2696.0,23.97,44.73,1012.44,320.4
2697.0,23.9,45.42,1012.33,321.3
2698.0,24.05,45.35,1012.14,320.0
2699.0,24.05,44.21,1012.34,321.8
2700.0,23.93,44.85,1012.33,321.3
2701.0,24.05,44.83,1012.53,320.2
2702.0,23.98,45.32,1012.31,318.9
2703.0,24.01,45.72,1012.45,315.5
2704.0,24.1,45.53,1012.24,320.7
2705.0,24.08,45.13,1012.62,323.9
2706.0,23.89,44.98,1012.71,320.1
2707.0,23.81,45.07,1012.06,321.1
2708.0,23.98,45.78,1012.36,319.3
2709.0,24.02,44.27,1012.19,321.7
2710.0,23.98,45.58,1012.27,315.8
2711.0,24.03,45.08,1012.47,321.3
2712.0,24.06,45.04,1012.54,320.2
2713.0,24.02,45.47,1012.43,322.1
2714.0,24.2,44.82,1012.26,324.9
2715.0,24.11,45.26,1012.52,324.7
2716.0,23.94,44.96,1012.46,319.6
2717.0,23.99,45.3,1012.28,321.8
2718.0,24.02,44.46,1012.33,321.8
2719.0,24.01,45.16,1012.35,323.6
2720.0,24.0,44.87,1012.31,324.7
2721.0,23.96,44.83,1012.27,316.9
2722.0,23.93,44.83,1012.28,320.4
2723.0,23.99,44.44,1012.42,320.4
2724.0,24.05,44.77,1012.31,318.2
2725.0,23.86,44.89,1012.34,321.6
2726.0,24.05,45.36,1012.33,320.0
2727.0,24.08,44.49,1012.31,319.3
2728.0,23.93,44.63,1012.55,321.2
2729.0,24.06,45.75,1012.31,319.3
2730.0,23.81,45.37,1012.15,319.5
2731.0,23.94,44.36,1012.64,325.0
2732.0,24.1,45.29,1012.29,322.6
2733.0,23.93,44.6,1012.48,318.1
2734.0,23.87,44.71,1012.38,321.4
2735.0,23.92,44.63,1012.47,322.7
2736.0,24.07,45.85,1012.26,320.9
2737.0,23.93,45.52,1012.38,318.6
2738.0,24.0,44.57,1012.67,320.7
2739.0,24.07,44.48,1012.53,318.4
2740.0,23.96,44.8,1012.38,323.5
2741.0,23.98,45.11,1012.32,319.8
2742.0,24.01,45.05,1012.44,320.7
2743.0,23.89,45.09,1012.38,319.1
2744.0,24.06,45.09,1011.87,316.3
2745.0,23.99,44.36,1012.59,316.9
2746.0,24.01,45.5,1012.34,318.9
2747.0,23.93,44.62,1012.35,318.0
2748.0,23.92,44.66,1012.21,323.0
2749.0,24.05,44.51,1012.48,320.5
2750.0,23.92,45.31,1012.38,316.5
2751.0,23.92,45.22,1012.26,317.5
2752.0,24.07,45.04,1012.03,323.3
2753.0,24.02,45.24,1012.35,319.5
2754.0,23.97,45.36,1012.33,317.7
2755.0,23.97,45.53,1012.61,315.1
2756.0,23.99,44.79,1012.26,322.3
2757.0,24.03,44.98,1012.33,320.9
2758.0,23.99,44.92,1012.35,320.4
2759.0,24.02,45.57,1012.45,321.9
2760.0,24.07,44.85,1012.19,316.8
2761.0,23.91,45.08,1012.41,320.0
2762.0,24.0,45.31,1012.39,318.5
2763.0,23.99,44.28,1012.23,323.6
2764.0,24.08,45.87,1012.6,318.8
2765.0,24.04,45.58,1012.39,322.6
2766.0,23.99,45.38,1012.48,315.3
2767.0,24.14,44.58,1012.59,320.6
2768.0,24.0,45.18,1012.35,321.9
2769.0,23.98,44.9,1012.55,319.5
2770.0,24.02,45.08,1012.31,317.7
2771.0,24.15,44.52,1012.41,320.6
2772.0,24.2,45.49,1012.5,326.1
2773.0,23.95,44.82,1012.5,323.3
2774.0,23.9,44.75,1012.28,318.6
2775.0,24.06,45.41,1012.67,319.9
2776.0,24.16,44.54,1012.21,315.4
2777.0,24.04,44.43,1012.32,322.6
2778.0,23.93,44.54,1012.48,323.2
2779.0,24.0,45.1,1012.51,319.5
2780.0,24.04,44.45,1012.33,322.2
2781.0,24.08,45.2,1012.37,316.4
2782.0,23.99,45.26,1012.4,317.6
2783.0,24.0,43.87,1012.31,322.5
2784.0,23.99,44.73,1012.39,315.7
2785.0,23.96,45.22,1012.4,324.6
2786.0,24.0,44.58,1012.36,317.1
2787.0,23.94,45.13,1012.51,316.3
2788.0,24.01,45.13,1012.48,315.9
2789.0,23.99,44.97,1012.5,323.4
2790.0,24.05,44.89,1012.44,318.8
2791.0,24.03,44.66,1012.44,318.5
2792.0,23.9,45.5,1012.4,322.3
2793.0,24.06,44.87,1012.36,317.4
2794.0,24.01,44.62,1012.63,320.1
2795.0,23.89,45.42,1012.44,315.7
2796.0,23.97,45.59,1012.57,323.2
2797.0,24.09,44.83,1012.31,318.3
2798.0,24.0,45.19,1012.33,318.9
2799.0,23.9,45.33,1012.37,322.9
2800.0,23.94,45.14,1012.37,323.5
2801.0,23.97,45.53,1012.19,316.8
2802.0,23.96,45.21,1012.43,319.3
2803.0,24.07,45.51,1012.65,321.5
2804.0,24.02,45.32,1012.45,318.4
2805.0,24.08,44.85,1012.41,317.7
2806.0,23.96,45.38,1012.49,323.0
2807.0,23.99,45.64,1012.16,321.3
2808.0,24.04,45.43,1012.25,318.8
2809.0,24.16,45.22,1012.41,323.4
2810.0,23.97,45.43,1012.24,322.5
2811.0,23.91,45.02,1012.21,325.3
2812.0,24.16,45.17,1012.43,317.1
2813.0,24.11,45.77,1012.48,324.9
2814.0,23.89,44.88,1012.47,317.4
2815.0,23.94,45.14,1012.35,317.6
2816.0,24.11,44.45,1012.17,314.2
2817.0,23.99,44.98,1012.31,320.1
2818.0,24.2,45.55,1012.33,324.1
2819.0,23.92,44.93,1012.41,323.7
2820.0,23.96,45.79,1012.24,318.7
2821.0,23.94,44.87,1012.48,318.9
2822.0,24.0,43.82,1012.23,318.8
2823.0,23.98,45.09,1012.09,321.2
2824.0,23.92,45.21,1012.44,320.1
2825.0,24.05,45.07,1012.46,318.7
2826.0,24.04,45.22,1012.25,314.6
2827.0,24.0,44.9,1012.24,321.7
2828.0,23.94,45.0,1012.36,320.7
2829.0,23.99,44.95,1012.34,320.1
2830.0,24.05,45.02,1012.27,320.6
2831.0,24.13,45.58,1012.43,317.2
2832.0,23.93,44.93,1012.42,319.9
2833.0,23.94,44.64,1012.21,321.6
2834.0,24.07,45.51,1012.2,319.5
2835.0,23.98,45.17,1012.45,324.4
2836.0,24.09,44.82,1012.18,318.7
2837.0,23.96,45.37,1012.31,325.7
2838.0,24.06,44.91,1012.28,320.4
2839.0,24.0,44.92,1012.52,317.1
2840.0,23.91,44.82,1012.49,321.4
2841.0,24.04,44.76,1012.4,315.4
2842.0,24.07,44.8,1012.45,318.2
2843.0,24.01,45.27,1012.28,319.4
2844.0,23.99,45.18,1012.22,313.8
2845.0,23.91,44.56,1012.31,319.0
2846.0,23.94,44.74,1012.07,314.6
2847.0,23.92,44.51,1012.23,320.5
2848.0,23.91,44.76,1012.55,315.1
2849.0,23.95,44.84,1012.35,318.0
2850.0,23.95,45.11,1012.21,324.5
2851.0,24.03,44.95,1012.62,316.8
2852.0,23.98,44.95,1012.42,322.0
2853.0,24.19,44.8,1012.34,315.6
2854.0,23.97,45.07,1012.57,321.5
2855.0,23.95,44.27,1012.49,318.9
2856.0,23.96,44.73,1012.39,317.1
2857.0,24.17,44.83,1012.46,321.6
2858.0,24.03,45.56,1012.52,325.8
2859.0,23.91,44.23,1012.54,317.3
2860.0,24.0,45.53,1012.18,321.4
2861.0,24.03,44.94,1012.38,320.2
2862.0,24.02,45.25,1012.29,321.8
2863.0,24.02,45.3,1012.41,322.6
2864.0,24.1,44.83,1012.51,320.7
2865.0,23.98,45.07,1012.44,321.8
2866.0,24.09,45.42,1012.33,317.3
2867.0,23.99,44.45,1012.37,320.3
2868.0,24.05,45.42,1012.58,322.1
2869.0,24.01,45.04,1012.27,317.5
2870.0,24.02,45.37,1012.34,315.2
2871.0,23.96,44.93,1012.43,314.2
2872.0,24.04,44.85,1012.69,324.3
2873.0,24.09,45.49,1012.31,319.3
2874.0,24.05,45.05,1012.24,321.8
2875.0,24.1,45.17,1012.61,321.9
2876.0,24.02,45.12,1012.37,318.7
2877.0,23.97,45.35,1012.63,317.1
2878.0,24.12,44.39,1012.25,320.4
2879.0,23.84,44.72,1012.38,324.1
2880.0,24.04,45.34,1012.71,322.6
2881.0,23.94,45.21,1012.34,319.6
2882.0,24.11,45.01,1012.7,318.9
2883.0,24.01,45.56,1012.39,315.5
2884.0,24.13,45.32,1012.54,322.2
2885.0,23.87,44.31,1012.46,320.8
2886.0,23.91,44.18,1012.48,320.0
2887.0,23.91,44.44,1012.25,321.8
2888.0,23.95,44.05,1012.42,316.1
2889.0,23.97,44.6,1012.52,320.9
2890.0,23.86,45.23,1012.51,320.7
2891.0,24.0,44.77,1012.63,319.5
2892.0,24.04,44.98,1012.57,315.8
2893.0,24.15,45.7,1012.13,322.0
2894.0,24.15,44.33,1012.36,315.7
2895.0,24.03,45.52,1012.49,322.3
2896.0,23.97,45.38,1012.46,320.6
2897.0,23.91,45.61,1012.34,311.2
2898.0,23.87,44.66,1012.36,323.7
2899.0,24.05,44.44,1012.24,318.7
2900.0,23.9,44.88,1012.4,317.3
2901.0,24.03,44.35,1012.49,324.9
2902.0,23.96,45.23,1012.5,318.4
2903.0,24.02,44.62,1012.18,318.1
2904.0,23.96,44.51,1012.46,317.8
2905.0,24.02,44.19,1012.4,320.5
2906.0,24.0,44.65,1012.6,322.6
2907.0,24.13,44.96,1012.41,316.7
2908.0,24.08,45.46,1012.44,320.5
2909.0,23.96,44.7,1012.18,323.2
2910.0,23.94,45.17,1012.61,322.6
2911.0,23.98,45.92,1012.4,320.4
2912.0,23.89,45.44,1012.66,324.0
2913.0,23.91,44.83,1012.48,319.1
2914.0,24.12,45.24,1012.25,326.2
2915.0,23.98,44.17,1012.48,321.7
2916.0,24.04,44.91,1012.38,324.6
2917.0,24.15,45.02,1012.19,316.5
2918.0,23.95,45.5,1012.22,318.6
2919.0,23.98,45.08,1012.52,318.4
2920.0,24.18,45.31,1012.43,323.2
2921.0,24.05,44.58,1012.44,320.0
2922.0,23.94,45.05,1012.65,318.9
2923.0,24.02,44.83,1012.28,323.0
2924.0,23.89,45.3,1012.26,313.4
2925.0,24.08,45.27,1012.24,320.9
2926.0,23.88,44.59,1012.59,317.2
2927.0,24.0,45.05,1012.27,316.8
2928.0,23.91,44.42,1012.25,322.2
2929.0,24.1,44.94,1012.48,317.4
2930.0,24.15,44.82,1012.2,319.1
2931.0,24.19,44.79,1012.31,323.7
2932.0,24.02,45.91,1012.16,319.6
2933.0,23.85,45.22,1012.34,313.3
2934.0,23.88,45.39,1012.34,322.5
2935.0,23.94,45.08,1012.61,324.5
2936.0,23.96,45.41,1012.2,318.8
2937.0,24.07,45.19,1012.37,322.9
2938.0,23.84,45.09,1012.51,321.5
2939.0,24.1,44.43,1012.74,327.2
2940.0,23.99,45.21,1012.36,320.1
2941.0,24.03,45.24,1012.18,322.3
2942.0,24.08,45.48,1012.3,320.0
2943.0,24.05,45.33,1012.46,320.6
2944.0,23.97,44.81,1012.48,319.0
2945.0,23.92,44.81,1012.46,318.9
2946.0,23.96,44.49,1012.48,321.0
2947.0,24.02,44.74,1012.44,320.6
2948.0,24.0,44.61,1012.49,320.3
2949.0,24.0,44.56,1012.51,321.9
2950.0,24.1,44.22,1012.46,324.7
2951.0,24.04,45.18,1012.23,319.9
2952.0,24.03,44.71,1012.35,319.8
2953.0,23.96,45.04,1012.29,318.4
2954.0,23.97,45.0,1012.34,320.4
2955.0,23.91,45.33,1012.26,318.9
2956.0,24.01,45.56,1012.41,318.7
2957.0,24.05,45.09,1012.46,318.6
2958.0,23.95,45.22,1012.28,320.4
2959.0,23.85,45.49,1012.45,323.3
2960.0,23.96,45.56,1012.58,315.7
2961.0,24.01,44.49,1012.29,322.9
2962.0,24.01,44.61,1012.36,328.9
2963.0,24.17,45.4,1012.47,321.3
2964.0,23.97,44.64,1012.55,318.7
2965.0,24.02,44.05,1012.27,320.7
2966.0,24.07,44.89,1012.46,325.1
2967.0,24.02,44.87,1012.53,322.6
2968.0,24.05,44.88,1012.53,319.5
2969.0,24.04,44.72,1012.23,321.7
2970.0,23.76,45.35,1012.33,321.4
2971.0,23.93,44.69,1012.48,318.3
2972.0,24.04,45.51,1012.51,323.1
2973.0,24.11,44.8,1012.17,321.1
2974.0,23.95,45.01,1012.47,321.8
2975.0,24.02,44.55,1012.54,323.9
2976.0,23.89,44.72,1012.54,319.9
2977.0,24.02,44.66,1012.55,316.6
2978.0,23.86,45.61,1012.6,320.1
2979.0,24.01,45.12,1012.62,329.4
2980.0,23.92,45.28,1012.62,320.6
2981.0,24.15,45.71,1012.72,318.7
2982.0,23.93,45.11,1012.61,320.7
2983.0,24.0,45.04,1012.22,319.7
2984.0,24.14,44.44,1012.75,321.9
2985.0,24.08,45.07,1012.27,317.8
2986.0,23.9,44.82,1012.29,321.2
2987.0,24.03,45.07,1012.28,323.4
2988.0,23.91,44.98,1012.58,317.6
2989.0,24.0,44.95,1012.28,319.5
2990.0,23.99,45.17,1012.45,318.8
2991.0,23.86,45.36,1012.25,319.0
2992.0,24.05,44.93,1012.39,325.8
2993.0,24.0,44.68,1012.18,317.1
2994.0,23.96,45.16,1012.7,317.2
2995.0,24.0,44.81,1012.67,322.6
2996.0,23.91,45.13,1012.26,314.2
2997.0,23.82,44.74,1012.65,316.5
2998.0,24.05,44.77,1012.52,320.6
2999.0,24.11,44.75,1012.0,318.2
3000.0,23.87,44.84,1012.54,323.4
3001.0,24.08,45.54,1012.35,324.1
3002.0,24.02,44.33,1012.3,318.7
3003.0,24.16,45.04,1012.03,320.0
3004.0,24.0,45.33,1012.35,320.8
3005.0,24.08,44.29,1012.41,319.3
3006.0,23.97,44.67,1012.23,316.9
3007.0,23.93,45.43,1012.18,319.4
3008.0,23.94,45.44,1012.29,322.2
3009.0,24.02,44.99,1012.37,318.1
3010.0,23.92,44.62,1012.54,320.8
3011.0,23.98,45.82,1012.43,314.0
3012.0,23.92,45.25,1012.51,318.9
3013.0,24.09,44.91,1012.37,315.4
3014.0,23.91,44.75,1012.55,317.2
3015.0,24.02,45.44,1012.24,319.1
3016.0,24.05,45.22,1012.46,318.4
3017.0,24.0,45.59,1012.42,320.4
3018.0,24.08,44.75,1012.51,316.7
3019.0,24.11,45.68,1012.23,317.7
3020.0,23.91,44.85,1012.4,319.4
3021.0,24.02,44.79,1012.55,324.5
3022.0,24.0,45.03,1012.55,318.4
3023.0,23.87,44.66,1012.62,326.9
3024.0,24.02,45.48,1012.57,321.2
3025.0,24.0,45.55,1012.24,314.5
3026.0,24.24,44.44,1012.18,318.5
3027.0,24.05,45.37,1012.45,325.0
3028.0,23.93,44.93,1012.13,314.0
3029.0,24.02,44.36,1012.29,324.2
3030.0,24.09,45.54,1012.19,318.1
3031.0,24.02,45.25,1012.31,321.8
3032.0,24.0,44.98,1012.54,321.0
3033.0,24.14,44.45,1012.15,320.4
3034.0,24.01,44.75,1012.16,319.5
3035.0,23.99,45.12,1012.29,320.2
3036.0,24.05,45.51,1012.3,316.2
3037.0,23.87,45.32,1012.29,322.9
3038.0,23.85,43.64,1012.43,315.7
3039.0,24.08,44.82,1012.26,317.8
3040.0,24.1,45.19,1012.43,323.4
3041.0,23.82,45.36,1012.61,318.2
3042.0,24.06,45.34,1012.28,317.9
3043.0,24.11,45.29,1012.38,322.2
3044.0,24.04,44.95,1012.5,322.4
3045.0,23.92,45.28,1012.33,318.6
3046.0,24.07,45.19,1012.34,324.9
3047.0,23.93,45.76,1012.36,322.2
3048.0,24.0,44.4,1012.17,324.5
3049.0,23.98,45.16,1012.21,320.7
3050.0,23.94,45.55,1012.35,320.4
3051.0,23.89,44.64,1012.12,324.4
3052.0,23.96,45.03,1012.59,324.3
3053.0,23.93,46.0,1012.39,317.7
3054.0,23.95,44.73,1012.32,318.5
3055.0,24.18,45.06,1012.54,320.3
3056.0,24.0,44.6,1012.32,312.4
3057.0,24.04,45.14,1012.19,318.7
3058.0,24.05,45.09,1012.39,320.1
3059.0,23.96,44.89,1012.22,322.2
3060.0,23.84,45.61,1012.32,322.3
3061.0,24.05,44.71,1012.35,318.9
3062.0,23.83,45.3,1012.38,316.0
3063.0,24.17,45.29,1012.78,320.6
3064.0,24.07,44.81,1012.24,318.3
3065.0,24.0,44.86,1012.52,319.1
3066.0,24.08,44.91,1012.75,320.9
3067.0,23.95,45.12,1012.57,316.0
3068.0,24.05,44.36,1012.26,320.3
3069.0,23.99,45.21,1012.42,320.1
3070.0,23.99,45.29,1012.44,320.4
3071.0,24.11,44.75,1012.47,319.2
3072.0,24.04,44.96,1012.4,321.2
3073.0,23.86,45.48,1012.61,319.9
3074.0,23.98,44.58,1012.36,311.7
3075.0,23.88,45.09,1012.48,317.4
3076.0,24.05,45.78,1012.56,320.1
3077.0,23.83,45.16,1012.42,319.8
3078.0,23.97,45.68,1012.27,317.3
3079.0,23.9,44.98,1012.13,320.0
3080.0,23.87,44.36,1012.49,316.9
3081.0,24.05,45.37,1012.31,315.9
3082.0,23.98,44.61,1012.5,320.9
3083.0,24.11,44.8,1012.3,321.8
3084.0,24.09,45.21,1012.32,317.2
3085.0,24.01,44.77,1012.45,320.0
3086.0,24.08,45.47,1012.35,317.8
3087.0,24.0,44.85,1012.28,325.9
3088.0,24.05,45.24,1012.3,318.1
3089.0,23.95,45.59,1012.3,321.8
3090.0,23.98,45.42,1012.49,320.7
3091.0,23.9,45.39,1012.38,317.8
3092.0,24.02,45.37,1012.24,321.8
3093.0,24.08,45.42,1012.53,326.6
3094.0,24.01,44.88,1012.35,318.0
3095.0,24.03,44.98,1012.47,315.3
3096.0,23.93,44.78,1012.47,320.2
3097.0,24.07,44.71,1012.29,324.5
3098.0,24.16,44.84,1012.16,321.9
3099.0,23.99,44.59,1012.44,323.2
3100.0,23.88,44.1,1012.41,324.3
3101.0,23.83,44.67,1012.42,320.5
3102.0,24.1,44.59,1012.29,316.7
3103.0,23.91,44.93,1012.44,316.7
3104.0,23.94,45.57,1012.52,317.7
3105.0,24.02,44.24,1012.36,312.5
3106.0,24.03,44.95,1012.27,319.2
3107.0,23.95,44.55,1012.48,322.2
3108.0,24.14,45.44,1012.28,319.3
3109.0,24.05,44.56,1012.3,324.6
3110.0,24.03,44.9,1012.41,320.2
3111.0,23.92,44.93,1012.4,315.2
3112.0,24.03,45.51,1012.38,318.9
3113.0,23.93,44.83,1012.31,323.2
3114.0,24.12,44.32,1012.35,321.8
3115.0,23.96,44.78,1012.5,322.4
3116.0,24.01,44.67,1012.46,318.3
3117.0,24.14,45.11,1012.24,319.4
3118.0,23.94,44.74,1012.35,322.7
3119.0,24.02,45.33,1012.63,319.7
3120.0,24.03,45.2,1012.37,316.0
3121.0,24.05,45.25,1012.26,320.3
3122.0,23.95,45.52,1012.59,324.3
3123.0,23.99,45.52,1012.48,317.3
3124.0,24.09,44.11,1012.5,318.4
3125.0,24.19,45.1,1012.24,320.9
3126.0,24.02,45.02,1012.49,318.1
3127.0,23.94,44.67,1012.28,319.7
3128.0,23.89,44.58,1012.55,316.8
3129.0,24.07,44.85,1012.7,316.2
3130.0,24.05,45.17,1012.66,320.7
3131.0,23.95,45.33,1012.47,318.1
3132.0,24.08,45.3,1012.3,321.9
3133.0,24.02,45.1,1012.53,317.7
3134.0,23.89,45.26,1012.36,320.0
3135.0,23.99,45.26,1012.25,315.2
3136.0,24.08,44.31,1012.22,319.4
3137.0,23.97,45.3,1012.38,319.6
3138.0,24.0,45.65,1012.5,317.7
3139.0,23.98,45.11,1012.56,321.1
3140.0,24.02,44.79,1012.49,321.9
3141.0,23.98,44.43,1012.61,317.5
3142.0,24.0,44.59,1012.37,322.3
3143.0,24.0,44.78,1012.24,321.3
3144.0,24.0,45.17,1012.52,323.2
3145.0,24.06,44.29,1012.2,317.0
3146.0,24.04,45.0,1012.4,321.6
3147.0,23.89,44.81,1012.37,318.4
3148.0,23.99,45.18,1012.35,321.4
3149.0,24.06,44.98,1012.5,317.1
3150.0,23.99,44.55,1012.71,325.1
3151.0,24.04,45.03,1012.48,317.3
3152.0,24.03,45.24,1012.33,324.6
3153.0,23.89,45.36,1012.12,319.2
3154.0,24.1,44.95,1012.34,317.7
3155.0,24.12,45.16,1012.32,320.8
3156.0,24.05,45.37,1012.15,325.6
3157.0,24.04,44.72,1012.24,319.1
3158.0,24.03,44.85,1012.43,323.2
3159.0,23.9,44.81,1012.11,319.5
3160.0,23.98,45.89,1012.47,322.1
3161.0,23.93,45.14,1012.37,319.1
3162.0,23.99,46.07,1011.98,321.1
3163.0,24.01,44.55,1012.42,318.6
3164.0,23.93,45.11,1012.21,319.3
3165.0,23.96,44.78,1012.64,321.7
3166.0,24.07,45.5,1012.6,323.7
3167.0,24.11,44.78,1012.24,318.4
3168.0,24.08,45.15,1012.53,319.9
3169.0,23.95,45.47,1012.38,321.6
3170.0,24.02,44.72,1012.56,322.6
3171.0,24.23,45.5,1012.52,319.4
3172.0,24.0,45.46,1012.29,319.2
3173.0,23.99,44.83,1012.39,317.3
3174.0,24.05,44.98,1012.48,317.9
3175.0,24.06,45.57,1012.34,321.9
3176.0,24.04,44.83,1012.27,318.4
3177.0,24.1,45.06,1012.41,326.1
3178.0,23.94,45.07,1012.31,320.0
3179.0,23.91,45.46,1012.5,320.2
3180.0,24.04,44.71,1012.26,323.0
3181.0,24.01,44.27,1012.46,320.8
3182.0,23.95,45.03,1012.58,315.0
3183.0,23.88,44.78,1012.26,320.6
3184.0,24.14,45.02,1012.46,317.3
3185.0,24.05,45.17,1012.54,318.0
3186.0,23.97,45.1,1012.46,322.9
3187.0,24.1,44.83,1012.43,324.6
3188.0,23.98,44.55,1012.22,320.3
3189.0,24.02,45.09,1012.5,322.8
3190.0,23.89,45.14,1012.28,320.7
3191.0,24.1,45.1,1012.47,324.4
3192.0,24.16,45.52,1012.42,319.2
3193.0,23.93,44.98,1012.36,320.9
3194.0,23.87,44.37,1012.42,315.7
3195.0,23.98,45.06,1012.52,315.9
3196.0,24.03,45.15,1012.33,319.1
3197.0,23.95,45.26,1012.41,321.2
3198.0,24.02,44.81,1012.28,324.1
3199.0,23.86,44.67,1012.73,319.7
3200.0,23.96,44.88,1012.52,317.4
3201.0,24.08,44.45,1012.3,317.5
3202.0,23.98,45.31,1012.35,318.7
3203.0,23.95,45.28,1012.61,317.7
3204.0,24.06,45.09,1012.3,319.0
3205.0,23.88,45.81,1012.26,321.3
3206.0,24.16,44.37,1012.2,321.9
3207.0,23.92,45.51,1012.44,316.8
3208.0,23.92,44.7,1011.97,321.4
3209.0,24.02,44.94,1012.61,320.9
3210.0,23.84,45.48,1012.28,323.2
3211.0,23.95,44.48,1012.45,323.2
3212.0,24.18,45.19,1012.31,313.1
3213.0,24.06,45.08,1012.29,324.8
3214.0,24.04,44.89,1012.44,318.7
3215.0,23.98,44.94,1012.35,318.2
3216.0,24.07,44.75,1012.55,322.3
3217.0,23.92,45.57,1012.32,321.9
3218.0,24.02,44.36,1012.47,325.1
3219.0,24.07,45.02,1012.48,324.3
3220.0,24.02,44.66,1012.22,315.8
3221.0,23.93,44.86,1012.36,326.2
3222.0,23.89,45.18,1012.75,319.9
3223.0,24.07,44.67,1012.53,322.8
3224.0,24.0,45.04,1012.25,317.8
3225.0,23.92,44.3,1012.5,319.3
3226.0,23.96,45.36,1012.48,322.6
3227.0,23.93,44.77,1012.63,316.4
3228.0,23.98,44.63,1012.18,322.2
3229.0,24.0,44.78,1012.38,322.3
3230.0,24.04,45.11,1012.67,319.6
3231.0,24.03,45.39,1012.19,323.7
3232.0,24.01,44.93,1012.37,319.3
3233.0,24.04,45.02,1012.11,317.7
3234.0,24.03,45.02,1012.18,319.5
3235.0,24.03,45.57,1012.33,316.0
3236.0,24.12,45.5,1012.44,319.6
3237.0,24.04,45.26,1012.16,321.9
3238.0,24.03,44.99,1012.46,320.0
3239.0,24.07,45.15,1012.55,317.4
3240.0,24.07,45.49,1012.41,319.1
3241.0,23.84,45.0,1012.38,324.2
3242.0,24.1,44.65,1012.43,319.4
3243.0,24.01,44.84,1012.3,318.5
3244.0,24.09,45.15,1012.4,321.3
3245.0,23.86,44.72,1012.47,320.9
3246.0,23.93,44.77,1012.38,326.5
3247.0,24.06,45.36,1012.2,318.9
3248.0,23.93,44.87,1012.53,324.2
3249.0,24.1,44.95,1012.43,318.5
3250.0,24.13,45.41,1012.32,320.9
3251.0,23.93,44.99,1012.31,319.5
3252.0,23.97,45.21,1012.54,320.1
3253.0,23.95,44.26,1012.15,324.5
3254.0,24.13,44.38,1012.26,321.7
3255.0,24.03,44.89,1012.6,318.7
3256.0,23.98,44.27,1012.55,317.9
3257.0,24.08,45.05,1012.48,325.1
3258.0,24.24,44.79,1012.39,319.7
3259.0,24.09,45.17,1012.3,324.9
3260.0,24.02,45.17,1012.22,315.2
3261.0,24.04,44.89,1012.47,320.3
3262.0,24.17,44.86,1012.1,317.1
3263.0,23.94,44.7,1012.36,317.3
3264.0,24.05,45.43,1012.51,319.8
3265.0,23.92,45.22,1012.41,319.2
3266.0,24.09,45.46,1012.34,317.5
3267.0,23.94,45.03,1012.31,322.6
3268.0,23.97,44.82,1012.4,319.0
3269.0,24.05,44.7,1012.54,324.4
3270.0,23.96,44.39,1012.24,317.5
3271.0,23.93,44.98,1012.27,321.9
3272.0,24.14,44.92,1012.44,318.8
3273.0,23.97,45.13,1012.51,321.2
3274.0,24.09,44.49,1012.62,321.2
3275.0,23.98,45.0,1012.53,318.9
3276.0,23.96,45.4,1012.49,319.1
3277.0,23.95,45.16,1012.47,314.2
3278.0,23.87,44.92,1012.39,317.8
3279.0,24.03,45.79,1012.4,320.3
3280.0,24.04,45.23,1012.51,314.2
3281.0,24.03,45.74,1012.41,329.1
3282.0,24.14,44.85,1012.25,318.4
3283.0,24.05,44.93,1012.1,318.9
3284.0,23.96,44.79,1012.23,323.5
3285.0,24.07,44.77,1012.3,317.7
3286.0,24.0,45.32,1012.52,323.3
3287.0,23.95,44.44,1012.16,321.3
3288.0,23.88,44.46,1012.43,317.1
3289.0,23.91,45.4,1012.34,322.8
3290.0,24.05,45.11,1012.51,317.5
3291.0,24.03,44.56,1012.3,320.7
3292.0,23.91,44.31,1012.63,321.6
3293.0,24.03,44.57,1012.2,318.2
3294.0,23.9,45.34,1012.5,320.0
3295.0,24.03,45.23,1012.62,320.8
3296.0,24.06,44.91,1012.17,319.4
3297.0,24.0,44.97,1012.32,312.8
3298.0,24.01,45.28,1012.52,315.0
3299.0,23.86,44.94,1012.28,323.2
3300.0,24.01,44.53,1012.44,315.5
3301.0,23.98,45.07,1012.54,320.2
3302.0,24.05,45.39,1012.39,321.3
3303.0,23.9,45.24,1012.24,320.6
3304.0,24.04,44.88,1012.14,321.1
3305.0,23.96,44.96,1012.68,317.5
3306.0,23.91,44.83,1012.37,320.7
3307.0,24.05,45.0,1012.26,320.5
3308.0,24.11,45.06,1012.43,317.4
3309.0,24.04,45.35,1012.14,321.4
3310.0,24.03,45.94,1012.4,321.4
3311.0,24.03,45.77,1012.63,319.2
3312.0,23.99,44.45,1012.42,317.2
3313.0,24.06,45.59,1012.46,324.3
3314.0,24.09,45.5,1012.38,323.6
3315.0,23.96,44.85,1012.46,318.3
3316.0,23.98,45.0,1012.29,324.4
3317.0,23.91,44.93,1012.46,316.1
3318.0,23.97,45.46,1012.46,320.4
3319.0,23.92,44.64,1012.72,320.6
3320.0,24.07,44.63,1012.18,322.4
3321.0,23.97,45.42,1012.3,320.8
3322.0,24.0,45.01,1012.31,315.9
3323.0,24.18,45.73,1012.07,324.0
3324.0,23.91,44.97,1012.71,317.8
3325.0,24.04,44.83,1012.43,322.7
3326.0,23.87,45.49,1012.55,319.3
3327.0,23.92,45.23,1012.44,319.9
3328.0,24.06,45.25,1012.27,320.6
3329.0,24.05,45.5,1012.5,317.3
3330.0,24.04,45.54,1012.24,323.9
3331.0,24.01,44.73,1012.44,317.6
3332.0,24.04,44.9,1012.26,319.4
3333.0,24.18,44.56,1012.24,315.1
3334.0,23.99,45.33,1012.35,316.1
3335.0,24.06,45.1,1012.23,319.7
3336.0,24.0,45.01,1012.31,319.4
3337.0,23.95,44.75,1012.45,321.1
3338.0,24.11,44.79,1012.23,322.2
3339.0,23.94,44.53,1012.36,320.6
3340.0,24.0,45.03,1012.5,317.4
3341.0,24.09,44.64,1012.49,323.9
3342.0,24.04,44.78,1012.47,320.2
3343.0,24.06,44.7,1012.35,322.5
3344.0,24.13,44.71,1012.35,318.3
3345.0,23.76,45.27,1012.22,321.0
3346.0,24.05,44.79,1012.61,319.4
3347.0,23.89,45.02,1012.4,322.2
3348.0,24.01,44.53,1012.5,320.9
3349.0,23.92,44.63,1012.2,319.0
3350.0,23.95,45.05,1012.55,316.6
3351.0,24.04,45.15,1012.32,318.4
3352.0,24.1,44.93,1012.47,314.2
3353.0,23.92,45.13,1012.31,316.9
3354.0,24.08,45.09,1012.08,317.4
3355.0,24.03,44.74,1012.42,315.0
3356.0,23.97,44.82,1012.33,317.0
3357.0,24.0,44.6,1012.33,316.2
3358.0,23.98,45.72,1012.42,317.1
3359.0,24.0,44.36,1012.75,320.5
3360.0,23.95,45.41,1012.36,317.8
3361.0,23.96,44.88,1012.35,318.8
3362.0,24.04,45.03,1012.48,319.0
3363.0,24.05,45.42,1012.24,320.9
3364.0,24.04,45.99,1012.74,316.1
3365.0,24.15,45.15,1012.11,315.2
3366.0,24.03,45.48,1012.41,320.8
3367.0,23.97,45.46,1012.73,325.2
3368.0,23.93,44.9,1012.21,323.1
3369.0,24.02,44.95,1012.51,321.1
3370.0,24.04,44.64,1012.27,316.9
3371.0,24.12,44.46,1012.5,320.6
3372.0,23.94,44.8,1012.59,323.2
3373.0,24.03,44.61,1012.52,321.3
3374.0,23.95,44.9,1012.16,317.5
3375.0,24.07,45.69,1012.36,320.8
3376.0,24.11,44.97,1012.43,329.6
3377.0,24.0,44.12,1012.47,319.7
3378.0,24.04,44.98,1012.54,320.4
3379.0,24.02,45.36,1012.5,318.7
3380.0,24.09,45.51,1012.64,320.0
3381.0,23.95,44.79,1012.11,321.3
3382.0,24.0,44.38,1012.58,317.6
3383.0,24.05,45.17,1012.39,322.6
3384.0,24.15,44.81,1012.68,314.7
3385.0,24.11,44.55,1012.21,322.8
3386.0,23.99,44.29,1012.14,319.2
3387.0,23.95,44.74,1012.33,315.7
3388.0,23.97,45.01,1012.64,321.4
3389.0,24.02,45.37,1012.64,315.3
3390.0,23.96,44.96,1012.27,314.5
3391.0,24.09,45.66,1012.38,314.5
3392.0,24.03,44.91,1012.75,319.4
3393.0,24.08,44.72,1012.31,319.3
3394.0,24.09,45.02,1012.21,323.3
3395.0,24.04,44.59,1012.39,321.9
3396.0,24.16,44.7,1012.44,318.8
3397.0,24.05,45.15,1012.18,320.1
3398.0,23.97,45.39,1012.27,321.8
3399.0,23.85,45.5,1012.53,325.4
3400.0,23.9,44.56,1012.32,320.0
3401.0,23.95,45.2,1012.65,322.2
3402.0,23.96,44.5,1012.5,312.9
3403.0,23.88,44.9,1012.42,317.1
3404.0,23.98,44.84,1012.44,318.2
3405.0,23.91,45.81,1012.48,321.3
3406.0,24.01,45.57,1012.24,317.2
3407.0,24.02,45.23,1012.6,320.3
3408.0,24.03,44.73,1012.46,319.1
3409.0,24.06,44.85,1012.42,316.2
3410.0,24.05,44.57,1012.34,319.0
3411.0,24.02,44.44,1012.26,321.0
3412.0,23.87,45.34,1012.27,315.5
3413.0,23.95,44.69,1012.41,322.2
3414.0,23.86,45.28,1012.55,317.9
3415.0,24.13,44.23,1012.3,318.3
3416.0,23.93,45.05,1012.46,322.1
3417.0,23.99,44.05,1012.3,320.3
3418.0,24.03,44.72,1012.24,321.9
3419.0,23.94,45.9,1012.4,315.7
3420.0,23.94,44.63,1012.33,321.7
3421.0,23.87,45.82,1012.26,319.9
3422.0,24.0,45.91,1012.42,320.9
3423.0,24.03,45.21,1012.49,322.9
3424.0,23.95,45.03,1012.4,320.1
3425.0,24.23,44.38,1012.5,321.8
3426.0,23.83,45.58,1012.56,321.8
3427.0,24.0,45.11,1012.45,320.2
3428.0,24.01,44.62,1012.38,318.2
3429.0,24.11,44.77,1012.58,316.8
3430.0,24.04,44.07,1012.36,319.7
3431.0,24.0,44.81,1012.33,319.9
3432.0,24.07,44.88,1012.41,319.6
3433.0,24.13,45.54,1012.51,319.1
3434.0,24.02,45.12,1012.46,319.2
3435.0,23.94,45.06,1012.62,317.2
3436.0,24.06,45.08,1012.33,314.9
3437.0,23.92,44.41,1011.98,318.9
3438.0,24.12,44.69,1012.52,319.7
3439.0,24.11,44.67,1012.38,323.6
3440.0,24.05,44.89,1012.51,321.1
3441.0,24.02,43.82,1012.32,316.6
3442.0,23.98,44.57,1012.33,321.1
3443.0,24.13,44.22,1012.48,317.8
3444.0,23.96,45.38,1012.49,320.3
3445.0,24.09,44.29,1012.31,317.8
3446.0,23.97,45.04,1012.35,317.9
3447.0,23.95,44.68,1012.11,316.9
3448.0,23.96,45.29,1012.37,323.3
3449.0,24.01,44.28,1012.58,319.4
3450.0,24.01,44.99,1012.47,320.4
3451.0,24.06,45.03,1012.5,316.9
3452.0,23.94,44.96,1012.5,314.7
3453.0,24.07,45.34,1012.39,319.9
3454.0,23.94,45.57,1012.6,320.9
3455.0,24.02,43.93,1012.39,324.1
3456.0,23.9,45.44,1012.29,316.8
3457.0,24.0,44.86,1012.3,324.4
3458.0,24.11,44.96,1012.2,322.1
3459.0,24.05,45.09,1012.6,320.0
3460.0,24.08,45.21,1012.32,323.2
3461.0,23.97,45.3,1012.5,320.2
3462.0,23.97,44.6,1012.58,318.1
3463.0,24.11,44.9,1012.65,321.1
3464.0,24.04,45.17,1012.26,326.2
3465.0,24.1,44.44,1012.31,319.6
3466.0,23.98,44.47,1012.48,321.2
3467.0,24.07,44.95,1012.54,324.0
3468.0,24.05,44.38,1012.39,322.8
3469.0,23.89,45.14,1012.28,321.2
3470.0,24.05,44.95,1012.42,322.4
3471.0,24.15,44.48,1012.22,325.0
3472.0,24.02,44.83,1012.22,317.6
3473.0,24.13,45.12,1012.14,324.0
3474.0,24.07,45.47,1012.4,316.7
3475.0,23.96,45.15,1012.42,321.4
3476.0,24.01,45.64,1012.32,322.0
3477.0,24.17,45.6,1012.54,324.2
3478.0,24.0,44.3,1012.41,316.6
3479.0,23.8,44.94,1012.28,317.6
3480.0,23.87,45.58,1012.41,319.0
3481.0,23.99,44.84,1012.39,319.0
3482.0,23.96,44.74,1012.47,320.5
3483.0,24.02,45.66,1012.58,317.2
3484.0,24.07,44.58,1012.35,317.1
3485.0,23.97,45.63,1012.58,321.7
3486.0,23.94,44.63,1012.64,317.3
3487.0,24.0,44.91,1012.67,324.5
3488.0,23.89,45.15,1012.53,316.5
3489.0,23.88,44.56,1012.65,323.3
3490.0,24.04,45.16,1012.55,319.9
3491.0,23.94,44.6,1012.14,322.3
3492.0,23.9,45.27,1012.33,318.2
3493.0,24.12,44.91,1012.22,319.6
3494.0,24.06,44.96,1012.41,321.2
3495.0,23.94,45.66,1012.47,324.1
3496.0,23.87,45.03,1012.42,319.8
3497.0,24.06,44.59,1012.52,318.8
3498.0,23.88,44.84,1012.51,321.9
3499.0,24.07,44.69,1012.68,322.1
3500.0,24.08,44.9,1012.64,317.7
3501.0,23.94,44.66,1012.17,320.3
3502.0,23.97,44.9,1012.63,318.0
3503.0,23.84,44.72,1012.36,317.6
3504.0,24.03,45.32,1012.31,319.6
3505.0,24.08,45.45,1012.64,322.3
3506.0,24.03,45.23,1012.47,320.5
3507.0,23.98,45.22,1012.34,321.8
3508.0,23.94,44.31,1012.53,317.4
3509.0,24.09,44.96,1012.48,325.8
3510.0,23.95,45.17,1012.46,320.4
3511.0,24.03,45.0,1012.71,316.7
3512.0,24.01,45.06,1012.4,317.8
3513.0,24.04,44.73,1012.06,326.5
3514.0,23.97,45.74,1012.21,323.3
3515.0,24.14,45.05,1012.35,318.6
3516.0,23.98,44.54,1012.38,326.1
3517.0,24.04,45.58,1011.98,317.6
3518.0,24.13,45.14,1012.57,318.0
3519.0,24.1,44.64,1012.57,314.6
3520.0,23.91,45.37,1012.44,318.5
3521.0,23.97,45.3,1012.41,319.5
3522.0,24.24,45.33,1012.42,319.6
3523.0,24.05,45.13,1012.36,322.3
3524.0,23.92,45.41,1012.33,318.2
3525.0,24.16,45.42,1012.57,325.3
3526.0,24.01,44.92,1012.77,314.9
3527.0,23.98,45.24,1012.23,318.3
3528.0,23.91,45.17,1012.36,321.3
3529.0,24.07,45.49,1012.33,315.8
3530.0,23.94,44.21,1012.57,323.8
3531.0,24.03,44.67,1012.12,320.1
3532.0,24.06,45.3,1012.11,323.2
3533.0,23.94,45.67,1012.29,322.9
3534.0,24.04,45.19,1012.33,321.6
3535.0,24.11,45.32,1012.48,317.4
3536.0,24.06,45.17,1012.47,320.8
3537.0,24.02,45.14,1012.55,321.8
3538.0,24.0,44.89,1012.28,314.7
3539.0,24.18,44.59,1012.12,326.1
3540.0,24.04,44.76,1012.07,316.7
3541.0,24.03,44.69,1012.21,322.1
3542.0,23.93,44.84,1012.41,317.4
3543.0,24.01,44.9,1012.33,324.7
3544.0,24.04,44.55,1012.56,318.1
3545.0,24.02,44.31,1012.32,320.3
3546.0,23.95,45.12,1012.57,321.7
3547.0,23.99,44.72,1012.33,321.6
3548.0,23.94,45.25,1012.26,319.8
3549.0,24.02,45.37,1012.44,320.9
3550.0,23.88,45.74,1012.6,318.4
3551.0,23.96,44.59,1012.73,320.4
3552.0,23.9,45.12,1012.36,318.4
3553.0,23.87,45.27,1012.34,319.4
3554.0,24.06,45.29,1012.39,315.2
3555.0,24.02,44.69,1012.23,317.6
3556.0,23.86,44.75,1012.53,315.9
3557.0,24.04,45.16,1012.43,318.8
3558.0,23.73,45.03,1012.24,321.4
3559.0,23.87,44.17,1012.29,317.8
3560.0,24.13,44.97,1012.07,314.7
3561.0,24.08,44.26,1012.2,321.4
3562.0,23.9,45.1,1012.48,320.4
3563.0,23.95,45.99,1012.68,325.8
3564.0,23.99,45.38,1012.33,313.9
3565.0,24.04,45.06,1012.22,319.5
3566.0,24.0,45.59,1012.21,321.6
3567.0,24.08,45.35,1012.27,319.8
3568.0,23.89,44.75,1012.93,319.1
3569.0,24.0,45.24,1012.48,320.4
3570.0,23.91,44.75,1012.32,318.8
3571.0,24.01,44.91,1012.65,322.2
3572.0,23.91,45.8,1012.3,323.1
3573.0,24.07,45.02,1012.32,322.3
3574.0,23.9,45.52,1012.2,322.9
3575.0,24.03,44.58,1012.45,317.6
3576.0,24.06,44.9,1012.54,324.1
3577.0,24.01,45.13,1012.46,319.0
3578.0,24.02,45.95,1012.21,317.0
3579.0,24.09,44.95,1012.49,314.8
3580.0,23.92,44.43,1012.38,321.5
3581.0,23.94,45.05,1012.39,316.2
3582.0,24.02,45.41,1012.33,322.3
3583.0,23.94,44.29,1012.75,317.7
3584.0,23.99,44.94,1012.4,320.7
3585.0,24.04,45.01,1012.32,318.7
3586.0,23.98,45.25,1012.49,320.1
3587.0,24.02,45.58,1012.5,317.8
3588.0,24.0,45.47,1012.44,317.3
3589.0,24.05,44.8,1012.3,319.6
3590.0,24.0,45.56,1012.37,320.6
3591.0,24.04,45.32,1012.5,317.1
3592.0,23.86,44.89,1012.51,318.0
3593.0,24.0,45.45,1012.58,319.8
3594.0,23.9,45.29,1012.32,322.4
3595.0,24.1,44.29,1012.34,320.5
3596.0,24.01,44.72,1012.22,323.9
3597.0,24.03,44.35,1012.35,322.0
3598.0,23.96,44.72,1012.09,316.4
3599.0,24.02,44.54,1012.64,313.3
3600.0,24.02,45.26,1012.25,322.9
3601.0,23.92,45.07,1012.43,315.1
3602.0,24.06,44.93,1012.41,322.1
3603.0,24.16,44.85,1012.33,319.1
3604.0,23.98,44.88,1012.66,322.0
3605.0,23.94,44.81,1012.06,321.7
3606.0,24.11,44.97,1012.13,322.0
3607.0,24.07,45.19,1012.34,315.0
3608.0,23.87,44.7,1012.25,315.1
3609.0,24.01,45.52,1012.57,321.7
3610.0,24.03,45.02,1012.62,319.8
3611.0,24.15,44.58,1012.42,317.2
3612.0,23.97,45.25,1012.27,321.1
3613.0,24.09,45.08,1012.3,318.0
3614.0,24.04,44.88,1012.38,317.6
3615.0,24.0,44.8,1012.45,315.5
3616.0,23.95,44.44,1012.27,320.8
3617.0,24.1,44.57,1012.44,319.1
3618.0,24.0,45.28,1012.36,325.5
3619.0,23.99,44.36,1012.37,320.8
3620.0,24.13,44.63,1012.47,320.6
3621.0,24.03,45.47,1012.49,313.3
3622.0,24.03,44.8,1012.41,322.0
3623.0,24.05,45.09,1012.51,317.8
3624.0,23.91,45.18,1012.73,322.7
3625.0,23.92,45.27,1012.75,322.0
3626.0,24.1,44.92,1012.46,317.7
3627.0,24.07,45.23,1012.19,318.8
3628.0,24.06,45.33,1012.55,315.8
3629.0,24.03,45.57,1012.42,318.2
3630.0,24.06,45.33,1012.61,318.1
3631.0,24.01,45.28,1012.25,319.9
3632.0,23.99,45.16,1012.34,318.0
3633.0,23.76,44.84,1012.41,321.5
3634.0,23.97,44.86,1012.1,322.5
3635.0,23.95,45.67,1012.7,320.1
3636.0,23.92,45.04,1012.44,322.9
3637.0,24.04,45.33,1012.38,317.6
3638.0,24.15,44.26,1012.3,321.0
3639.0,23.79,45.25,1012.4,321.4
3640.0,23.94,45.43,1012.55,320.1
3641.0,24.01,45.59,1012.43,318.4
3642.0,24.15,45.41,1012.29,321.2
3643.0,24.07,45.56,1012.42,324.0
3644.0,23.84,45.74,1012.62,318.8
3645.0,24.05,44.41,1012.44,322.2
3646.0,24.02,45.38,1012.58,325.4
3647.0,24.06,44.77,1012.28,319.3
3648.0,24.02,44.53,1012.4,320.8
3649.0,24.02,45.1,1012.28,321.6
3650.0,23.95,44.6,1012.41,321.6
3651.0,23.93,45.49,1012.43,322.0
3652.0,23.91,45.5,1012.33,316.1
3653.0,24.04,45.4,1012.74,323.4
3654.0,23.98,45.42,1012.23,316.4
3655.0,24.13,45.25,1012.2,319.5
3656.0,23.91,45.74,1012.22,317.8
3657.0,24.06,45.47,1012.26,320.1
3658.0,23.92,44.86,1012.49,321.8
3659.0,23.9,45.3,1012.36,320.8
3660.0,23.98,45.07,1012.55,323.1
3661.0,23.92,44.31,1012.52,325.3
3662.0,24.1,45.38,1012.2,321.8
3663.0,24.08,44.72,1012.42,315.5
3664.0,24.03,45.26,1012.62,320.7
3665.0,23.95,44.78,1012.19,318.9
3666.0,24.07,44.45,1012.68,321.1
3667.0,24.04,45.5,1012.43,316.8
3668.0,23.93,44.7,1012.46,326.1
3669.0,23.89,44.24,1012.4,317.7
3670.0,24.03,45.7,1012.28,316.9
3671.0,24.06,45.11,1012.1,318.7
3672.0,24.09,44.08,1012.51,315.2
3673.0,23.85,44.74,1012.56,321.8
3674.0,24.03,45.05,1012.48,314.1
3675.0,23.94,45.22,1012.33,320.3
3676.0,23.9,44.64,1012.51,318.2
3677.0,23.97,45.28,1012.56,317.2
3678.0,24.0,44.98,1012.51,319.4
3679.0,23.87,45.28,1012.3,315.7
3680.0,23.91,45.27,1012.44,320.2
3681.0,24.05,45.07,1012.56,317.9
3682.0,23.93,44.75,1012.36,323.1
3683.0,24.01,44.84,1012.35,318.0
3684.0,24.08,45.63,1012.29,318.4
3685.0,23.91,45.25,1011.95,319.7
3686.0,24.11,45.13,1012.54,322.0
3687.0,24.02,44.54,1012.4,320.5
3688.0,24.04,44.97,1012.4,317.2
3689.0,24.08,44.77,1012.38,323.4
3690.0,24.07,44.99,1012.28,316.6
3691.0,24.09,44.77,1012.24,318.9
3692.0,24.08,44.92,1012.44,317.0
3693.0,23.84,45.24,1012.27,323.0
3694.0,23.97,44.83,1012.17,318.4
3695.0,24.05,44.78,1012.36,322.8
3696.0,24.01,45.05,1012.31,318.9
3697.0,23.96,44.26,1012.52,320.0
3698.0,24.13,44.83,1012.07,321.1
3699.0,24.11,45.99,1012.25,320.3
3700.0,24.0,45.46,1012.23,320.8
3701.0,24.14,45.09,1012.15,317.3
3702.0,24.02,44.97,1012.47,320.1
3703.0,23.95,44.77,1012.38,318.5
3704.0,24.06,45.03,1012.44,318.0
3705.0,23.93,44.72,1012.19,318.6
3706.0,24.0,45.2,1012.52,315.6
3707.0,24.04,45.12,1012.61,327.3
3708.0,23.97,44.66,1012.29,320.7
3709.0,23.99,44.93,1012.48,319.4
3710.0,24.1,44.91,1012.39,317.6
3711.0,24.01,44.86,1012.3,317.8
3712.0,23.94,45.05,1012.56,317.9
3713.0,23.86,45.11,1012.49,319.9
3714.0,24.06,45.78,1012.44,312.1
3715.0,23.93,44.66,1012.6,322.2
3716.0,24.03,44.84,1012.42,321.4
3717.0,24.16,45.67,1012.27,321.8
3718.0,24.13,44.47,1012.63,325.2
3719.0,23.91,45.23,1012.5,320.5
3720.0,24.07,45.42,1012.36,322.1
3721.0,24.07,44.25,1012.64,320.5
3722.0,23.98,45.17,1012.54,323.2
3723.0,23.96,45.07,1012.41,320.2
3724.0,23.88,44.93,1012.48,321.2
3725.0,23.99,45.28,1012.18,321.2
3726.0,24.01,44.43,1012.21,321.5
3727.0,24.14,45.2,1012.45,324.8
3728.0,24.08,44.47,1012.42,318.4
3729.0,24.0,45.16,1012.64,317.9
3730.0,24.1,45.63,1012.32,317.1
3731.0,24.11,45.39,1012.47,318.0
3732.0,23.98,44.35,1012.41,323.0
3733.0,23.97,45.28,1012.58,324.5
3734.0,24.04,45.69,1012.19,320.0
3735.0,24.1,45.21,1012.21,318.4
3736.0,24.13,44.59,1012.53,319.1
3737.0,23.94,45.72,1012.14,316.9
3738.0,23.94,44.68,1012.18,320.9
3739.0,24.09,44.57,1012.62,321.3
3740.0,24.05,44.75,1012.17,316.9
3741.0,24.16,44.67,1012.16,315.3
3742.0,24.03,45.12,1012.37,322.8
3743.0,24.0,44.89,1012.5,321.0
3744.0,23.96,44.98,1012.36,319.4
3745.0,24.13,44.91,1012.83,313.9
3746.0,23.98,45.07,1012.18,319.5
3747.0,23.99,45.01,1012.52,321.0
3748.0,24.12,45.35,1012.43,318.5
3749.0,23.96,45.06,1012.52,318.1
3750.0,24.1,45.72,1012.27,321.8
3751.0,24.04,44.84,1012.51,317.9
3752.0,24.04,44.08,1012.28,314.2
3753.0,23.99,45.14,1012.51,319.5
3754.0,23.92,44.91,1012.57,324.8
3755.0,23.95,45.17,1012.31,313.9
3756.0,23.87,45.39,1012.29,316.1
3757.0,23.95,44.94,1012.6,317.3
3758.0,23.97,45.77,1012.37,321.0
3759.0,23.84,44.81,1012.28,318.8
3760.0,23.83,45.14,1012.12,326.3
3761.0,24.11,45.36,1012.32,322.3
3762.0,24.11,45.41,1012.46,316.7
3763.0,24.1,44.85,1012.22,321.4
3764.0,23.9,45.61,1012.34,320.7
3765.0,24.04,45.65,1012.36,325.2
3766.0,23.88,44.73,1012.68,322.2
3767.0,23.87,45.29,1012.29,322.2
3768.0,24.09,44.94,1012.27,312.3
3769.0,23.95,44.96,1012.65,321.1
3770.0,23.91,44.98,1012.4,318.2
3771.0,24.13,44.78,1012.59,318.4
3772.0,24.03,45.64,1012.33,319.9
3773.0,24.04,45.21,1012.43,314.1
3774.0,23.83,45.83,1012.42,314.5
3775.0,24.06,45.24,1012.63,319.2
3776.0,24.01,45.41,1012.55,320.9
3777.0,24.05,45.4,1012.54,316.5
3778.0,24.09,45.0,1012.33,322.2
3779.0,24.07,44.72,1012.39,316.3
3780.0,23.95,44.77,1012.05,319.7
3781.0,24.13,44.76,1012.71,321.1
3782.0,24.1,44.85,1012.61,320.8
3783.0,24.05,44.6,1012.19,323.1
3784.0,23.96,44.77,1012.33,317.7
3785.0,24.12,44.89,1012.51,315.9
3786.0,24.09,44.93,1012.43,321.2
3787.0,24.11,45.32,1012.48,316.4
3788.0,24.18,44.76,1012.2,323.9
3789.0,23.98,44.65,1012.36,320.5
3790.0,24.1,45.91,1012.49,320.0
3791.0,24.04,44.85,1012.46,320.4
3792.0,24.08,44.92,1012.09,323.3
3793.0,23.98,44.88,1012.42,320.0
3794.0,23.97,44.99,1012.55,318.3
3795.0,23.89,44.66,1012.44,323.5
3796.0,23.94,44.79,1012.45,317.9
3797.0,24.03,46.02,1012.4,319.6
3798.0,23.98,45.29,1012.4,313.0
3799.0,23.88,45.11,1012.17,317.7
3800.0,23.95,44.63,1012.36,317.8
3801.0,24.04,44.48,1012.3,316.2
3802.0,23.9,44.54,1012.23,318.0
3803.0,24.12,45.14,1012.48,317.6
3804.0,23.96,44.44,1012.42,321.8
3805.0,24.09,44.94,1012.39,319.0
3806.0,24.03,44.98,1012.49,325.5
3807.0,23.92,44.85,1012.49,319.3
3808.0,24.08,44.86,1012.65,318.9
3809.0,23.99,45.12,1012.5,315.6
3810.0,24.1,44.82,1012.31,317.7
3811.0,23.97,45.07,1012.18,321.9
3812.0,24.08,44.67,1012.47,325.0
3813.0,24.0,45.01,1012.26,316.6
3814.0,23.96,44.91,1012.4,318.5
3815.0,24.01,45.09,1012.28,324.7
3816.0,24.15,44.45,1012.38,318.3
3817.0,24.02,44.98,1012.57,323.1
3818.0,24.05,45.47,1012.5,315.7
3819.0,23.95,45.36,1012.3,315.2
3820.0,23.91,45.33,1012.77,316.8
3821.0,23.9,45.35,1012.53,322.2
3822.0,24.0,44.77,1012.55,319.4
3823.0,23.99,45.43,1012.3,319.7
3824.0,24.07,44.56,1012.27,317.3
3825.0,23.95,45.13,1012.76,320.5
3826.0,24.03,44.96,1012.49,317.3
3827.0,23.98,45.29,1012.59,318.3
3828.0,24.09,44.85,1012.25,320.5
3829.0,23.88,45.06,1012.49,317.8
3830.0,23.87,45.1,1012.17,322.2
3831.0,24.14,45.05,1012.56,324.9
3832.0,23.9,44.46,1012.35,322.3
3833.0,24.07,44.74,1012.53,321.5
3834.0,24.0,44.47,1012.5,318.8
3835.0,24.01,44.33,1012.37,319.7
3836.0,23.95,44.51,1012.08,314.2
3837.0,23.86,45.42,1012.6,326.2
3838.0,24.09,45.02,1012.34,323.2
3839.0,23.98,44.12,1012.47,321.5
3840.0,24.03,45.31,1012.24,324.2
3841.0,23.94,44.79,1012.43,324.2
3842.0,23.94,45.21,1012.18,323.5
3843.0,24.05,44.81,1012.25,317.6
3844.0,24.0,44.89,1012.56,321.0
3845.0,23.94,45.55,1012.41,324.1
3846.0,23.92,44.8,1012.54,321.7
3847.0,23.88,45.51,1012.62,320.3
3848.0,24.22,45.08,1012.35,319.2
3849.0,24.14,44.1,1012.38,322.6
3850.0,24.13,45.34,1012.58,322.9
3851.0,23.96,45.28,1012.54,322.8
3852.0,24.0,45.14,1012.24,321.7
3853.0,24.04,44.82,1012.35,320.5
3854.0,23.98,44.78,1012.36,321.8
3855.0,23.94,45.28,1012.5,322.4
3856.0,24.11,45.36,1012.64,317.8
3857.0,24.18,44.77,1012.5,322.9
3858.0,23.94,44.71,1012.4,319.0
3859.0,24.05,43.81,1012.22,314.7
3860.0,23.89,45.69,1012.61,319.5
3861.0,23.93,45.15,1012.24,314.7
3862.0,24.14,44.54,1012.43,316.7
3863.0,24.02,44.88,1012.5,317.6
3864.0,24.05,44.78,1012.3,317.1
3865.0,23.93,45.03,1012.41,317.7
3866.0,24.01,44.99,1012.26,321.4
3867.0,23.92,44.97,1012.48,319.5
3868.0,24.0,45.68,1012.34,318.9
3869.0,24.0,44.99,1012.43,319.7
3870.0,24.03,46.14,1012.52,322.2
3871.0,23.96,44.03,1012.37,321.0
3872.0,24.01,45.23,1012.64,317.8
3873.0,23.96,45.12,1012.55,318.3
3874.0,23.98,45.37,1012.47,325.7
3875.0,23.99,45.98,1012.55,317.3
3876.0,23.94,44.8,1012.46,321.7
3877.0,23.98,44.38,1012.43,325.0
3878.0,24.06,44.12,1012.07,318.9
3879.0,24.04,44.78,1012.47,320.5
3880.0,23.96,45.35,1012.47,323.1
3881.0,24.12,44.8,1012.37,317.9
3882.0,24.02,44.8,1012.36,321.0
3883.0,24.05,45.03,1012.55,319.1
3884.0,23.96,45.1,1012.1,320.9
3885.0,23.92,44.91,1012.44,319.6
3886.0,24.0,45.01,1012.37,316.7
3887.0,23.95,44.86,1012.31,318.7
3888.0,23.96,45.55,1012.43,321.4
3889.0,23.99,45.31,1012.33,322.4
3890.0,24.06,44.85,1012.41,315.9
3891.0,23.95,45.0,1012.61,321.1
3892.0,23.99,45.03,1012.28,321.1
3893.0,23.96,45.74,1012.29,321.7
3894.0,23.94,46.03,1012.34,324.9
3895.0,24.0,44.6,1012.58,320.8
3896.0,24.01,44.85,1012.38,317.4
3897.0,23.94,45.0,1012.44,320.7
3898.0,23.86,45.13,1012.69,319.8
3899.0,23.99,44.18,1012.39,320.1
3900.0,24.08,45.05,1012.38,325.6
3901.0,24.04,44.88,1012.48,315.2
3902.0,23.87,45.33,1012.39,318.0
3903.0,24.09,44.91,1012.64,321.2
3904.0,24.03,44.74,1012.51,318.3
3905.0,24.01,44.68,1012.3,318.2
3906.0,24.07,45.29,1012.56,321.8
3907.0,23.93,45.63,1012.29,323.3
3908.0,23.85,44.88,1012.65,318.3
3909.0,23.8,44.86,1012.62,319.9
3910.0,23.98,45.37,1012.27,320.2
3911.0,24.16,44.68,1012.46,321.7
3912.0,24.01,45.3,1012.37,317.8
3913.0,24.01,45.44,1012.4,314.6
3914.0,24.12,45.44,1012.52,319.8
3915.0,23.86,44.37,1012.5,319.2
3916.0,24.01,44.94,1012.55,317.8
3917.0,23.94,45.33,1012.46,321.3
3918.0,23.95,44.95,1012.42,323.3
3919.0,23.95,45.01,1012.48,319.3
3920.0,23.9,45.29,1012.48,321.2
3921.0,23.86,44.72,1012.53,317.4
3922.0,24.06,45.46,1012.32,319.3
3923.0,24.01,45.26,1012.66,319.0
3924.0,24.15,45.19,1012.42,322.6
3925.0,24.04,44.73,1012.44,315.2
3926.0,23.96,45.23,1012.54,323.7
3927.0,24.02,44.95,1012.48,319.7
3928.0,24.01,44.35,1012.57,313.8
3929.0,23.95,45.82,1012.52,322.9
3930.0,23.95,44.6,1012.5,320.5
3931.0,24.16,45.12,1012.69,319.2
3932.0,23.85,45.69,1012.58,320.4
3933.0,24.19,44.57,1012.27,321.9
3934.0,24.02,44.93,1012.65,319.1
3935.0,23.9,45.68,1012.35,318.6
3936.0,23.97,44.74,1012.47,319.0
3937.0,23.99,44.83,1012.66,319.5
3938.0,24.15,44.85,1012.49,318.8
3939.0,24.0,44.96,1012.5,313.9
3940.0,23.95,44.77,1012.61,319.0
3941.0,23.99,44.67,1012.32,323.1
3942.0,24.0,45.11,1012.47,317.2
3943.0,23.93,44.83,1012.46,317.6
3944.0,24.11,44.7,1012.68,320.2
3945.0,23.91,44.81,1012.46,322.1
3946.0,24.2,44.51,1012.23,320.5
3947.0,24.07,44.5,1012.64,323.7
3948.0,24.0,44.38,1012.07,317.4
3949.0,24.02,45.42,1012.29,324.5
3950.0,23.9,44.61,1012.43,316.2
3951.0,23.96,44.28,1012.46,318.0
3952.0,23.95,45.0,1012.52,323.8
3953.0,24.05,45.04,1012.56,323.4
3954.0,23.85,45.44,1012.37,319.8
3955.0,23.87,44.89,1012.49,321.9
3956.0,24.05,45.7,1012.18,314.6
3957.0,24.03,45.2,1012.44,316.6
3958.0,23.82,45.47,1012.53,318.6
3959.0,24.02,45.36,1012.41,319.7
3960.0,24.02,45.12,1012.32,322.0
3961.0,24.17,44.55,1012.46,319.9
3962.0,24.07,45.1,1012.44,318.5
3963.0,23.97,44.52,1012.47,320.2
3964.0,23.86,44.76,1012.44,325.1
3965.0,24.06,44.83,1012.32,319.4
3966.0,24.05,44.77,1012.22,318.9
3967.0,23.93,44.85,1012.55,319.8
3968.0,23.95,44.96,1012.56,319.1
3969.0,23.93,44.98,1012.25,323.9
3970.0,24.0,45.22,1012.61,322.3
3971.0,24.02,45.51,1012.38,322.1
3972.0,24.05,45.04,1012.11,316.5
3973.0,24.04,44.85,1012.47,326.0
3974.0,24.0,44.86,1012.37,322.8
3975.0,23.97,44.27,1012.39,319.8
3976.0,23.96,44.65,1012.63,320.8
3977.0,23.94,44.8,1012.3,322.8
3978.0,23.99,45.0,1012.43,319.3
3979.0,23.98,45.51,1012.28,322.2
3980.0,24.11,45.08,1012.47,313.8
3981.0,24.13,45.3,1012.15,322.5
3982.0,24.04,44.82,1012.35,318.6
3983.0,23.85,44.84,1012.26,320.6
3984.0,24.14,44.94,1012.37,321.0
3985.0,23.98,45.36,1012.39,320.2
3986.0,24.12,44.68,1012.26,320.2
3987.0,24.07,44.57,1012.49,314.2
3988.0,23.99,44.35,1012.71,317.9
3989.0,23.91,45.06,1012.37,318.8
3990.0,24.05,44.82,1012.56,321.6
3991.0,24.02,45.08,1012.53,324.5
3992.0,23.93,45.0,1012.4,323.5
3993.0,24.08,44.61,1012.29,320.1
3994.0,24.11,44.95,1012.29,322.7
3995.0,24.04,45.04,1012.3,321.3
3996.0,24.01,44.63,1012.25,320.4
3997.0,23.98,45.27,1012.41,323.2
3998.0,23.84,44.92,1012.64,320.6
3999.0,24.08,45.25,1012.27,320.7
4000.0,23.97,45.21,1012.35,314.3
4001.0,23.98,44.91,1012.55,323.7
4002.0,23.97,45.42,1012.59,316.5
4003.0,23.89,44.72,1012.46,322.6
4004.0,23.98,44.8,1012.44,318.0
4005.0,24.0,44.91,1012.28,318.8
4006.0,23.99,44.97,1012.61,320.5
4007.0,23.93,44.58,1012.09,320.0
4008.0,23.86,45.32,1012.39,318.8
4009.0,23.99,45.38,1012.48,320.1
4010.0,23.88,45.26,1012.26,329.9
4011.0,24.03,45.16,1012.17,316.2
4012.0,23.95,45.12,1012.47,323.3
4013.0,24.01,44.75,1012.35,322.2
4014.0,23.97,45.39,1012.3,318.2
4015.0,24.1,44.74,1012.27,322.0
4016.0,23.96,44.86,1012.14,326.0
4017.0,23.88,45.76,1012.44,317.2
4018.0,23.89,45.32,1012.58,318.6
4019.0,23.98,44.13,1012.36,317.9
4020.0,24.13,44.62,1012.39,317.5
4021.0,24.07,44.54,1012.29,319.9
4022.0,24.18,44.7,1012.41,320.5
4023.0,24.07,44.89,1012.9,315.1
4024.0,23.91,45.79,1012.4,318.3
4025.0,24.03,44.78,1012.43,317.6
4026.0,24.05,45.57,1012.62,323.4
4027.0,24.11,45.12,1012.4,316.4
4028.0,24.01,44.67,1012.51,323.2
4029.0,24.04,45.22,1012.23,318.6
4030.0,24.08,44.85,1012.47,320.4
4031.0,23.98,45.42,1012.51,319.0
4032.0,24.01,45.43,1012.28,322.1
4033.0,24.04,44.53,1012.16,318.9
4034.0,24.06,44.91,1012.13,314.9
4035.0,24.02,44.55,1012.49,321.6
4036.0,23.98,44.84,1012.53,314.5
4037.0,24.01,45.2,1012.58,318.7
4038.0,24.1,44.67,1012.39,317.1
4039.0,23.97,44.69,1012.59,315.1
4040.0,24.09,45.19,1012.35,315.7
4041.0,24.0,45.0,1012.28,319.2
4042.0,24.02,44.36,1012.1,321.5
4043.0,23.96,44.79,1012.43,320.9
4044.0,23.98,44.67,1012.51,316.6
4045.0,23.97,45.09,1012.33,326.4
4046.0,23.89,45.2,1012.38,316.7
4047.0,23.96,44.72,1012.39,320.4
4048.0,23.92,45.58,1012.38,323.4
4049.0,23.99,45.35,1012.3,316.9
4050.0,23.97,44.65,1012.29,318.0
4051.0,24.1,45.0,1012.38,323.0
4052.0,24.09,44.44,1012.34,317.4
4053.0,24.04,45.38,1012.59,321.2
4054.0,24.14,44.51,1012.18,320.5
4055.0,24.02,45.43,1012.34,323.5
4056.0,24.04,44.83,1012.52,320.5
4057.0,24.09,45.67,1012.26,322.8
4058.0,23.94,44.76,1012.73,320.4
4059.0,24.06,45.28,1012.2,316.8
4060.0,24.22,44.9,1012.58,318.6
4061.0,23.96,45.09,1012.57,315.3
4062.0,24.07,45.01,1012.32,319.8
4063.0,23.92,45.39,1012.6,327.0
4064.0,24.0,45.21,1012.33,319.6
4065.0,24.03,44.54,1012.39,315.4
4066.0,24.09,44.42,1012.76,319.0
4067.0,24.14,44.9,1012.23,315.3
4068.0,23.93,45.42,1012.41,323.5
4069.0,23.92,44.64,1012.41,321.2
4070.0,23.96,45.03,1012.24,320.2
4071.0,24.09,44.16,1012.42,320.5
4072.0,23.98,44.82,1012.35,316.9
4073.0,23.87,45.02,1012.38,317.3
4074.0,23.98,45.17,1012.47,325.3
4075.0,23.84,44.97,1012.63,319.8
4076.0,24.02,44.31,1012.48,319.6
4077.0,24.15,44.93,1012.45,318.2
4078.0,23.98,45.33,1012.41,319.6
4079.0,24.1,44.91,1012.61,321.0
4080.0,24.16,45.27,1012.46,321.8
4081.0,23.92,44.92,1012.57,318.8
4082.0,24.15,45.45,1012.32,324.3
4083.0,23.91,45.09,1012.64,320.3
4084.0,23.87,45.8,1012.36,322.6
4085.0,23.99,44.97,1012.36,324.3
4086.0,24.11,44.97,1012.3,317.5
4087.0,24.05,44.54,1012.43,316.2
4088.0,24.16,45.31,1012.28,321.0
4089.0,24.13,44.45,1012.31,322.8
4090.0,23.95,44.92,1012.11,323.3
4091.0,24.04,45.13,1012.21,317.9
4092.0,24.01,44.66,1012.56,320.7
4093.0,23.87,44.92,1012.43,320.0
4094.0,23.82,45.2,1012.45,318.0
4095.0,23.94,44.65,1012.35,318.9
4096.0,23.93,44.6,1012.21,318.9
4097.0,24.02,44.44,1012.51,318.8
4098.0,23.99,44.42,1012.58,316.1
4099.0,23.94,44.28,1012.22,314.6
4100.0,24.05,44.63,1012.34,322.0
4101.0,23.92,44.55,1012.38,316.3
4102.0,23.88,44.8,1012.17,321.4
4103.0,24.03,45.05,1012.53,320.5
4104.0,23.98,46.13,1012.54,314.1
4105.0,24.0,45.21,1012.3,314.2
4106.0,23.96,45.21,1012.47,324.9
4107.0,23.91,45.81,1012.61,316.4
4108.0,24.03,45.47,1012.24,315.8
4109.0,23.94,45.46,1012.38,324.9
4110.0,23.93,44.62,1012.16,321.7
4111.0,24.03,45.5,1012.3,315.3
4112.0,24.14,44.69,1012.43,322.6
4113.0,23.99,44.9,1012.5,320.6
4114.0,24.01,44.35,1012.45,316.1
4115.0,23.98,45.54,1012.41,317.7
4116.0,23.87,44.41,1012.46,324.9
4117.0,24.0,45.06,1012.21,320.7
4118.0,24.0,45.16,1012.26,318.5
4119.0,24.01,44.77,1012.25,321.3
4120.0,24.08,44.75,1012.37,321.2
4121.0,24.0,45.21,1012.42,316.8
4122.0,24.0,45.27,1012.38,316.3
4123.0,24.02,44.34,1012.39,317.7
4124.0,23.96,45.45,1012.52,319.7
4125.0,24.02,44.8,1012.43,316.9
4126.0,24.0,45.66,1012.52,316.8
4127.0,23.93,44.49,1012.43,317.4
4128.0,24.15,44.84,1012.15,321.7
4129.0,24.08,45.26,1012.32,325.9
4130.0,24.08,45.01,1012.37,320.6
4131.0,24.15,44.88,1012.29,319.8
4132.0,24.0,45.1,1012.27,316.4
4133.0,23.96,44.65,1012.21,316.0
4134.0,23.99,45.36,1012.16,321.2
4135.0,23.91,45.41,1012.42,320.9
4136.0,24.08,44.99,1012.65,319.6
4137.0,24.17,44.87,1012.3,319.9
4138.0,24.12,44.44,1012.34,318.1
4139.0,23.94,45.66,1012.49,320.5
4140.0,24.03,44.76,1012.29,316.8
4141.0,23.98,45.47,1012.44,319.6
4142.0,24.1,45.72,1012.5,314.7
4143.0,24.09,45.38,1012.39,323.6
4144.0,24.02,45.25,1012.28,322.8
4145.0,23.93,45.3,1012.3,316.4
4146.0,23.88,44.73,1012.24,322.5
4147.0,23.93,45.13,1012.23,316.0
4148.0,24.09,44.93,1012.48,319.9
4149.0,24.05,45.46,1012.44,323.4
4150.0,23.87,44.56,1012.56,323.0
4151.0,24.02,44.54,1012.33,317.5
4152.0,24.04,44.69,1012.46,320.9
4153.0,23.85,45.02,1012.59,322.2
4154.0,24.01,45.26,1012.3,323.0
4155.0,23.85,45.59,1012.26,320.3
4156.0,23.88,45.14,1012.34,317.7
4157.0,24.11,44.57,1012.29,319.7
4158.0,23.87,45.09,1012.45,317.2
4159.0,23.99,46.05,1012.67,313.9
4160.0,23.93,45.7,1012.48,323.4
4161.0,23.99,45.35,1012.5,319.7
4162.0,23.99,44.84,1012.19,317.7
4163.0,24.01,44.16,1012.63,315.3
4164.0,24.07,44.21,1012.26,318.8
4165.0,23.9,44.73,1012.36,317.1
4166.0,24.08,45.45,1012.48,319.9
4167.0,24.08,45.57,1012.22,320.3
4168.0,24.03,44.65,1012.32,322.1
4169.0,23.94,45.03,1012.3,318.8
4170.0,24.11,45.52,1012.24,316.5
4171.0,24.15,45.25,1012.51,316.3
4172.0,23.89,44.61,1012.42,316.8
4173.0,24.23,44.84,1012.19,319.1
4174.0,23.97,44.9,1012.3,320.7
4175.0,24.05,45.3,1012.4,317.2
4176.0,24.02,45.01,1012.44,318.4
4177.0,24.03,44.76,1012.52,323.5
4178.0,24.02,45.55,1012.38,321.7
4179.0,24.09,45.06,1012.55,321.8
4180.0,24.03,44.94,1012.51,322.9
4181.0,23.97,44.62,1012.3,319.1
4182.0,23.9,45.63,1012.35,319.1
4183.0,23.95,45.0,1012.54,324.3
4184.0,24.12,45.25,1012.22,319.8
4185.0,23.96,45.19,1012.52,320.8
4186.0,23.9,44.96,1012.12,321.6
4187.0,24.1,44.89,1012.53,321.6
4188.0,23.94,43.87,1012.34,322.2
4189.0,23.96,45.76,1012.26,320.2
4190.0,24.0,46.02,1012.62,317.4
4191.0,23.86,45.13,1012.62,319.4
4192.0,23.99,44.8,1012.5,316.4
4193.0,23.94,45.03,1012.4,313.6
4194.0,24.0,44.23,1012.37,317.5
4195.0,24.03,45.09,1012.3,315.9
4196.0,24.2,44.49,1012.27,322.9
4197.0,24.12,45.39,1012.4,318.3
4198.0,24.06,45.07,1012.43,317.0
4199.0,23.96,44.66,1012.41,324.8
4200.0,24.02,44.58,1012.28,319.3
4201.0,23.92,45.3,1012.43,318.2
4202.0,23.99,44.65,1012.32,321.8
4203.0,23.98,45.04,1012.24,322.1
4204.0,23.93,44.69,1012.41,321.3
4205.0,24.21,44.54,1012.58,318.2
4206.0,24.01,44.77,1012.58,321.3
4207.0,24.05,44.18,1012.55,320.8
4208.0,24.02,43.94,1012.31,323.5
4209.0,24.0,45.1,1012.14,317.1
4210.0,24.01,45.36,1012.34,317.0
4211.0,24.03,44.68,1012.22,322.8
4212.0,24.02,45.25,1012.52,321.2
4213.0,23.93,45.2,1012.48,318.0
4214.0,23.99,44.71,1012.26,317.8
4215.0,23.93,44.85,1012.24,319.2
4216.0,24.03,44.84,1012.57,318.1
4217.0,23.9,44.51,1012.31,324.2
4218.0,24.01,45.08,1012.74,319.4
4219.0,23.97,44.84,1012.09,317.9
4220.0,23.96,45.24,1012.6,319.0
4221.0,23.97,45.07,1012.56,320.0
4222.0,23.96,44.68,1012.42,319.8
4223.0,24.12,44.61,1012.22,323.3
4224.0,23.95,44.83,1012.43,320.6
4225.0,24.15,45.24,1012.26,320.0
4226.0,23.85,45.39,1012.36,320.0
4227.0,23.95,44.69,1012.49,316.7
4228.0,23.99,44.84,1012.5,319.3
4229.0,24.07,44.84,1012.48,322.9
4230.0,23.89,45.14,1012.38,321.8
4231.0,24.05,44.7,1012.44,319.7
4232.0,23.97,44.61,1012.2,320.5
4233.0,24.09,45.08,1012.4,317.6
4234.0,24.02,44.82,1012.43,321.1
4235.0,23.81,44.9,1012.54,319.0
4236.0,23.9,44.79,1012.38,322.4
4237.0,23.97,45.21,1012.46,322.8
4238.0,24.07,45.13,1012.14,317.6
4239.0,23.98,45.02,1012.15,320.1
4240.0,23.94,45.21,1012.12,323.2
4241.0,23.96,45.12,1012.82,317.1
4242.0,23.96,45.34,1012.28,315.3
4243.0,23.91,45.58,1012.37,321.3
4244.0,24.08,45.09,1012.34,316.4
4245.0,24.12,45.05,1012.34,319.6
4246.0,24.13,45.6,1012.35,316.6
4247.0,24.1,44.55,1012.41,320.6
4248.0,24.07,45.33,1012.24,324.0
4249.0,24.06,45.44,1012.27,319.9
4250.0,23.87,44.8,1012.12,320.8
4251.0,24.03,44.75,1012.04,316.8
4252.0,23.9,45.17,1012.54,325.8
4253.0,23.95,46.17,1012.52,322.4
4254.0,24.19,44.85,1012.47,317.6
4255.0,24.07,45.27,1012.49,318.5
4256.0,24.09,44.97,1012.35,322.4
4257.0,23.93,45.29,1012.3,322.2
4258.0,23.97,44.66,1012.55,321.2
4259.0,24.02,44.87,1012.47,324.7
4260.0,24.18,44.93,1012.43,314.9
4261.0,23.93,45.86,1012.13,324.7
4262.0,23.91,44.56,1012.14,318.9
4263.0,24.1,45.73,1012.44,320.6
4264.0,23.95,44.97,1012.41,321.2
4265.0,24.04,44.85,1012.32,326.5
4266.0,24.02,44.91,1012.59,317.1
4267.0,24.07,44.94,1012.57,318.5
4268.0,24.12,46.03,1012.23,322.0
4269.0,23.95,44.79,1012.43,319.9
4270.0,24.06,45.07,1012.55,319.1
4271.0,23.94,45.05,1012.58,322.1
4272.0,24.08,45.05,1012.42,321.3
4273.0,24.06,44.69,1012.31,322.9
4274.0,23.96,44.43,1012.09,316.4
4275.0,23.94,45.03,1012.32,321.1
4276.0,23.92,45.24,1012.41,326.4
4277.0,23.96,44.4,1012.15,319.4
4278.0,23.99,45.38,1012.71,321.4
4279.0,24.08,44.85,1012.18,321.8
4280.0,24.06,44.71,1012.41,318.5
4281.0,23.96,44.71,1012.28,318.9
4282.0,24.18,44.32,1012.62,315.9
4283.0,24.09,44.74,1012.26,319.5
4284.0,23.74,44.56,1012.37,320.6
4285.0,24.02,45.29,1012.6,317.2
4286.0,23.92,45.76,1012.46,309.6
4287.0,23.89,44.51,1012.49,323.8
4288.0,24.15,44.82,1012.34,320.2
4289.0,24.12,44.93,1012.03,316.1
4290.0,23.98,44.67,1012.52,322.1
4291.0,23.9,44.8,1012.54,315.7
4292.0,24.0,44.37,1012.26,324.4
4293.0,24.04,45.02,1012.48,317.4
4294.0,23.91,44.95,1012.55,321.6
4295.0,24.02,45.23,1012.42,319.3
4296.0,23.97,45.45,1012.43,317.2
4297.0,23.94,45.33,1012.32,317.1
4298.0,24.07,44.92,1012.74,322.7
4299.0,23.86,45.61,1012.3,320.9
4300.0,23.95,44.33,1012.41,320.7
4301.0,23.98,45.31,1012.5,316.0
4302.0,24.17,44.93,1012.64,319.7
4303.0,24.04,45.4,1012.26,321.8
4304.0,23.84,45.43,1012.47,320.0
4305.0,24.0,45.52,1012.31,318.7
4306.0,24.0,45.45,1012.51,321.8
4307.0,23.97,44.84,1012.47,320.2
4308.0,24.1,45.01,1012.51,324.3
4309.0,24.08,45.21,1012.26,320.6
4310.0,24.03,45.48,1012.28,316.1
4311.0,24.01,44.84,1012.17,321.4
4312.0,23.9,44.69,1012.35,325.0
4313.0,24.02,44.82,1012.36,322.0
4314.0,24.01,44.88,1012.34,323.5
4315.0,24.06,45.15,1012.18,318.7
4316.0,24.0,44.88,1012.34,322.5
4317.0,24.08,45.38,1012.26,318.6
4318.0,24.04,45.45,1012.33,320.9
4319.0,23.95,44.96,1012.55,321.3
4320.0,24.06,44.7,1012.44,323.3
4321.0,23.99,45.34,1012.39,318.2
4322.0,24.05,44.82,1012.27,319.0
4323.0,24.02,45.23,1012.53,324.8
4324.0,24.07,44.12,1012.6,320.1
4325.0,23.86,44.85,1012.3,319.8
4326.0,23.97,45.28,1012.48,315.3
4327.0,24.02,44.83,1012.49,318.8
4328.0,24.05,45.3,1012.39,318.5
4329.0,23.96,44.83,1012.47,320.7
4330.0,24.09,44.93,1012.48,322.1
4331.0,24.0,45.44,1012.26,321.9
4332.0,24.05,44.9,1012.33,317.7
4333.0,23.94,45.56,1012.55,315.0
4334.0,23.97,45.81,1012.24,319.1
4335.0,24.02,44.86,1012.03,318.8
4336.0,24.03,45.18,1012.35,317.1
4337.0,23.95,44.93,1012.47,317.2
4338.0,24.09,44.54,1012.35,319.5
4339.0,23.88,45.27,1012.43,328.2
4340.0,23.8,44.52,1012.28,316.8
4341.0,23.93,45.09,1012.49,318.6
4342.0,24.09,45.52,1012.26,319.1
4343.0,23.98,44.63,1012.26,319.4
4344.0,23.89,46.09,1012.34,318.6
4345.0,24.12,45.33,1012.42,320.1
4346.0,23.98,45.22,1012.76,314.7
4347.0,24.08,44.9,1012.18,323.1
4348.0,24.03,45.2,1012.52,317.5
4349.0,23.89,44.85,1012.59,321.8
4350.0,24.04,45.14,1012.35,321.9
4351.0,23.99,44.88,1012.16,320.9
4352.0,24.04,45.3,1012.42,319.8
4353.0,24.04,44.91,1012.42,317.8
4354.0,23.92,45.17,1012.33,317.4
4355.0,23.91,44.79,1012.64,316.4
4356.0,24.11,45.13,1012.48,318.5
4357.0,24.02,45.61,1012.45,320.7
4358.0,23.97,45.55,1012.22,315.5
4359.0,24.1,44.85,1012.31,321.8
4360.0,23.96,45.1,1012.3,317.5
4361.0,24.08,45.87,1012.24,316.4
4362.0,23.89,44.65,1012.34,320.8
4363.0,23.88,44.92,1012.36,319.5
4364.0,24.01,45.21,1012.39,317.3
4365.0,23.98,44.53,1012.34,320.9
4366.0,23.93,45.31,1012.3,323.0
4367.0,23.98,44.97,1012.34,319.3
4368.0,23.91,44.48,1012.13,321.8
4369.0,24.04,44.97,1012.27,320.2
4370.0,23.98,45.25,1012.2,321.4
4371.0,24.02,44.93,1012.04,316.8
4372.0,24.03,45.64,1012.28,318.6
4373.0,24.21,45.27,1012.37,313.1
4374.0,24.14,44.96,1012.25,319.8
4375.0,23.99,44.74,1012.36,322.8
4376.0,24.12,44.16,1012.42,321.2
4377.0,24.05,44.56,1012.46,326.1
4378.0,24.01,45.16,1012.44,317.5
4379.0,23.95,44.85,1012.33,324.6
4380.0,24.11,45.71,1012.28,320.3
4381.0,23.95,45.11,1012.44,326.3
4382.0,23.97,45.36,1012.24,320.2
4383.0,24.03,45.35,1012.28,324.1
4384.0,24.04,44.96,1012.56,319.5
4385.0,23.94,44.15,1012.55,323.3
4386.0,23.98,45.12,1012.55,323.2
4387.0,23.97,44.85,1012.34,319.1
4388.0,24.09,45.57,1012.55,320.0
4389.0,23.99,44.36,1012.25,320.4
4390.0,24.01,45.36,1012.38,318.7
4391.0,24.06,45.61,1012.16,322.9
4392.0,23.88,45.64,1012.45,319.8
4393.0,23.86,45.19,1012.2,320.8
4394.0,23.87,45.3,1012.28,319.1
4395.0,23.98,45.7,1012.22,319.7
4396.0,23.99,44.76,1012.36,315.2
4397.0,23.97,45.24,1012.53,318.3
4398.0,24.03,44.53,1012.33,321.7
4399.0,24.07,45.9,1012.4,319.6
4400.0,24.03,44.96,1012.41,319.9
4401.0,24.02,45.18,1012.31,320.5
4402.0,23.89,45.0,1012.3,320.1
4403.0,23.9,44.47,1012.42,319.6
4404.0,24.03,45.48,1012.2,317.2
4405.0,23.97,45.41,1012.64,323.8
4406.0,24.08,44.95,1012.03,323.8
4407.0,23.91,45.19,1012.41,318.3
4408.0,23.88,45.67,1012.43,318.9
4409.0,24.07,44.42,1012.69,315.7
4410.0,23.94,45.2,1012.28,314.9
4411.0,23.98,44.92,1012.6,316.0
4412.0,23.92,44.33,1012.5,318.6
4413.0,23.93,45.21,1012.38,314.9
4414.0,23.96,45.09,1012.25,315.4
4415.0,23.95,45.1,1012.61,322.6
4416.0,24.01,45.25,1012.61,322.5
4417.0,23.93,44.61,1012.33,319.2
4418.0,23.99,44.9,1012.64,320.0
4419.0,24.13,45.18,1012.3,326.9
4420.0,24.03,45.35,1012.19,321.2
4421.0,24.05,44.71,1012.54,319.8
4422.0,24.08,44.95,1012.27,317.0
4423.0,23.99,44.96,1012.74,317.0
4424.0,24.0,45.33,1012.68,314.4
4425.0,23.97,45.08,1012.32,314.4
4426.0,24.09,44.2,1012.44,315.8
4427.0,23.99,45.46,1012.32,316.2
4428.0,23.96,45.13,1012.47,322.9
4429.0,23.86,44.96,1012.44,318.4
4430.0,24.15,44.68,1012.42,325.3
4431.0,24.03,45.07,1012.59,320.8
4432.0,23.88,44.59,1012.4,320.8
4433.0,24.05,45.33,1012.52,318.7
4434.0,24.0,45.88,1012.17,317.9
4435.0,24.15,45.39,1012.5,322.5
4436.0,23.97,45.15,1012.45,316.8
4437.0,23.94,44.55,1012.2,323.5
4438.0,23.99,45.65,1012.57,318.3
4439.0,23.92,45.23,1012.32,316.9
4440.0,24.11,45.59,1012.39,316.4
4441.0,23.94,45.47,1012.47,312.6
4442.0,24.06,46.04,1012.49,319.4
4443.0,23.92,45.37,1012.44,316.7
4444.0,23.89,45.35,1012.32,319.7
4445.0,23.98,44.66,1012.6,320.0
4446.0,24.02,45.32,1012.56,316.6
4447.0,24.05,44.42,1012.12,324.8
4448.0,24.06,45.76,1012.42,321.7
4449.0,24.05,44.58,1012.33,318.4
4450.0,24.05,45.78,1012.19,319.5
4451.0,24.07,45.12,1012.21,317.1
4452.0,23.95,44.92,1012.4,321.4
4453.0,23.98,45.45,1012.34,318.1
4454.0,23.96,45.11,1012.05,315.1
4455.0,23.99,44.41,1012.68,324.3
4456.0,23.93,44.57,1012.35,322.3
4457.0,23.97,45.51,1012.26,323.7
4458.0,23.86,44.81,1012.24,319.6
4459.0,24.14,45.42,1012.18,321.5
4460.0,23.91,44.87,1012.63,317.2
4461.0,23.9,45.43,1012.37,317.9
4462.0,24.01,45.11,1012.45,321.8
4463.0,24.06,45.1,1012.37,321.3
4464.0,23.96,44.8,1012.37,319.7
4465.0,23.92,44.88,1012.46,324.8
4466.0,23.78,44.94,1012.59,316.1
4467.0,23.96,44.67,1012.5,323.5
4468.0,24.11,44.81,1012.36,317.0
4469.0,24.01,45.01,1012.33,316.3
4470.0,23.91,45.44,1012.37,324.3
4471.0,24.01,44.7,1012.56,320.9
4472.0,23.97,44.74,1012.42,317.3
4473.0,23.95,44.9,1012.51,319.0
4474.0,24.01,45.44,1012.38,320.8
4475.0,24.11,45.4,1012.21,322.3
4476.0,24.02,44.76,1012.45,323.8
4477.0,24.08,45.18,1012.47,321.7
4478.0,24.0,45.06,1012.33,322.7
4479.0,23.97,45.59,1012.35,317.7
4480.0,23.92,44.88,1012.52,319.3
4481.0,24.01,45.1,1012.53,320.6
4482.0,23.92,44.44,1012.47,324.2
4483.0,23.92,45.37,1012.53,316.5
4484.0,24.0,45.39,1012.35,328.8
4485.0,24.01,44.83,1012.61,321.1
4486.0,24.01,44.65,1012.46,317.0
4487.0,24.02,45.27,1012.64,316.1
4488.0,23.96,45.27,1012.66,326.3
4489.0,24.0,44.65,1012.47,317.4
4490.0,24.0,45.02,1012.12,320.0
4491.0,23.92,45.2,1012.28,316.1
4492.0,24.18,45.13,1012.32,318.7
4493.0,24.02,45.39,1012.43,325.4
4494.0,24.07,44.03,1012.36,321.9
4495.0,23.99,45.3,1012.38,314.9
4496.0,24.02,45.15,1012.15,318.7
4497.0,24.05,45.44,1012.46,313.8
4498.0,23.91,44.83,1012.56,318.0
4499.0,24.03,45.44,1012.41,317.6
4500.0,24.11,44.65,1012.44,319.0
4501.0,23.93,45.28,1012.5,320.3
4502.0,24.01,44.93,1012.28,316.7
4503.0,24.05,45.57,1012.31,325.8
4504.0,24.11,44.8,1012.2,321.1
4505.0,23.94,45.65,1012.43,321.5
4506.0,24.01,45.55,1012.16,313.0
4507.0,23.92,44.92,1012.04,320.0
4508.0,23.81,45.27,1012.5,317.5
4509.0,24.03,44.38,1012.2,320.7
4510.0,24.06,45.65,1012.01,317.6
4511.0,24.04,44.77,1012.4,315.0
4512.0,24.12,45.49,1012.15,324.9
4513.0,23.92,45.07,1012.65,319.1
4514.0,23.98,45.34,1012.21,323.0
4515.0,24.12,44.62,1012.36,314.1
4516.0,24.18,45.49,1012.62,324.3
4517.0,24.14,45.73,1012.33,322.0
4518.0,24.02,45.09,1012.45,316.5
4519.0,24.01,44.88,1012.21,318.5
4520.0,23.98,44.92,1012.25,319.8
4521.0,23.94,45.3,1012.44,315.9
4522.0,24.01,45.18,1012.59,322.4
4523.0,24.09,46.04,1012.24,318.4
4524.0,24.08,44.82,1012.33,323.7
4525.0,24.02,44.61,1012.62,320.6
4526.0,23.98,45.44,1012.46,317.5
4527.0,23.93,44.19,1012.48,320.7
4528.0,24.14,44.43,1012.18,324.6
4529.0,24.06,45.34,1012.19,320.5
4530.0,23.99,45.54,1012.35,319.6
4531.0,23.9,44.83,1012.28,323.7
4532.0,24.1,45.11,1012.41,322.0
4533.0,23.91,44.95,1012.47,318.1
4534.0,23.82,45.34,1012.53,320.8
4535.0,23.95,44.63,1012.58,320.1
4536.0,24.02,45.05,1012.5,320.6
4537.0,24.13,44.16,1012.49,318.0
4538.0,24.08,45.13,1012.32,319.3
4539.0,24.05,45.22,1012.24,315.8
4540.0,23.99,45.1,1012.25,317.3
4541.0,24.0,44.96,1012.63,321.9
4542.0,23.96,45.4,1012.26,324.0
4543.0,24.05,44.46,1012.51,322.1
4544.0,23.99,44.5,1012.25,323.1
4545.0,23.93,44.94,1012.41,321.7
4546.0,24.11,44.67,1012.36,315.6
4547.0,24.06,45.44,1012.41,320.7
4548.0,24.09,44.29,1012.45,323.2
4549.0,23.97,44.87,1012.54,322.6
4550.0,23.95,45.09,1012.55,319.1
4551.0,24.03,44.59,1012.47,317.3
4552.0,23.89,44.96,1012.15,323.8
4553.0,24.03,45.32,1012.15,318.5
4554.0,23.74,44.89,1012.25,323.5
4555.0,23.9,45.11,1012.57,321.5
4556.0,23.95,45.62,1012.52,319.9
4557.0,24.0,44.86,1012.34,319.8
4558.0,23.97,45.43,1012.38,318.9
4559.0,23.84,44.51,1012.35,322.3
4560.0,24.19,44.99,1012.4,319.5
4561.0,23.95,44.43,1012.2,321.8
4562.0,24.08,44.96,1012.06,318.4
4563.0,24.0,44.52,1012.11,318.7
4564.0,23.95,45.37,1012.39,321.0
4565.0,24.04,45.22,1012.41,321.9
4566.0,24.0,45.43,1012.44,318.4
4567.0,23.98,45.18,1012.56,314.2
4568.0,23.84,45.34,1012.35,320.3
4569.0,23.97,45.05,1012.53,320.0
4570.0,24.01,44.23,1012.67,317.8
4571.0,24.08,44.97,1012.35,324.1
4572.0,24.05,45.03,1012.59,319.6
4573.0,23.99,44.73,1012.38,317.7
4574.0,23.98,44.54,1012.7,319.3
4575.0,23.87,45.09,1012.27,316.4
4576.0,23.92,44.95,1012.39,325.9
4577.0,24.09,45.21,1012.32,322.8
4578.0,24.08,44.77,1012.46,316.0
4579.0,24.12,44.93,1012.59,318.9
4580.0,24.16,44.81,1012.51,320.8
4581.0,24.13,44.87,1012.51,319.2
4582.0,23.99,45.16,1012.36,317.5
4583.0,23.95,45.09,1012.2,320.5
4584.0,23.88,44.67,1012.21,324.6
4585.0,24.0,45.06,1012.3,319.3
4586.0,24.0,45.58,1012.43,315.5
4587.0,24.04,45.21,1012.28,321.1
4588.0,24.01,44.93,1012.12,318.6
4589.0,24.17,45.44,1012.51,319.1
4590.0,23.92,44.73,1012.36,317.9
4591.0,23.9,45.97,1012.64,318.9
4592.0,23.9,45.35,1012.62,317.2
4593.0,24.06,44.43,1012.54,314.2
4594.0,23.89,45.33,1012.32,325.3
4595.0,24.05,44.94,1012.39,323.5
4596.0,23.91,45.5,1012.48,323.9
4597.0,24.03,44.39,1012.16,317.5
4598.0,23.98,44.99,1012.54,319.6
4599.0,24.01,45.08,1012.21,316.8
4600.0,24.03,44.66,1012.34,325.3
4601.0,24.02,45.27,1012.59,322.4
4602.0,23.85,43.97,1012.5,322.3
4603.0,24.06,46.12,1012.52,319.3
4604.0,24.0,45.31,1012.42,314.6
4605.0,24.01,45.07,1012.39,319.5
4606.0,24.08,45.11,1012.39,321.4
4607.0,24.19,45.16,1012.15,323.6
4608.0,24.06,44.18,1012.37,319.9
4609.0,23.78,45.0,1012.35,317.8
4610.0,24.07,45.14,1012.34,321.1
4611.0,23.88,45.04,1012.36,322.8
4612.0,24.0,45.47,1012.36,318.7
4613.0,23.83,45.19,1012.35,320.0
4614.0,24.05,44.89,1012.31,323.7
4615.0,24.09,45.2,1012.46,317.4
4616.0,23.94,45.63,1012.5,326.3
4617.0,24.02,44.58,1012.19,327.0
4618.0,24.15,44.6,1012.56,316.9
4619.0,23.99,45.09,1012.18,317.5
4620.0,23.98,44.93,1012.4,322.3
4621.0,23.93,44.51,1012.33,326.6
4622.0,23.84,44.64,1012.3,318.0
4623.0,23.99,44.7,1012.38,319.9
4624.0,24.1,44.79,1012.35,323.0
4625.0,23.96,45.58,1012.31,324.0
4626.0,23.89,45.15,1012.24,316.6
4627.0,24.03,45.01,1012.56,320.0
4628.0,23.96,45.31,1012.23,322.5
4629.0,24.0,45.31,1012.32,316.1
4630.0,23.93,45.45,1012.24,317.8
4631.0,23.93,45.21,1012.67,323.7
4632.0,23.95,44.99,1012.47,319.3
4633.0,23.93,44.33,1012.55,323.1
4634.0,24.01,44.92,1012.03,319.6
4635.0,23.96,45.12,1012.36,327.3
4636.0,23.9,45.38,1012.43,318.3
4637.0,23.95,45.3,1012.13,320.0
4638.0,24.06,45.1,1012.42,319.7
4639.0,23.94,45.56,1012.4,316.8
4640.0,24.0,44.81,1012.35,323.0
4641.0,23.99,43.77,1012.25,324.6
4642.0,24.08,45.01,1012.79,322.8
4643.0,23.99,45.28,1012.39,320.5
4644.0,24.1,45.71,1012.35,322.6
4645.0,23.98,45.41,1012.59,321.4
4646.0,24.04,45.57,1012.26,319.6
4647.0,23.97,45.09,1012.46,321.8
4648.0,23.92,45.43,1012.47,321.2
4649.0,23.93,44.78,1012.38,322.7
4650.0,24.06,44.41,1012.42,319.0
4651.0,24.05,45.56,1012.35,323.7
4652.0,24.13,44.45,1012.44,321.4
4653.0,24.01,45.27,1012.49,315.9
4654.0,24.09,45.14,1012.5,321.7
4655.0,23.93,45.36,1012.32,325.1
4656.0,24.11,44.98,1012.44,317.9
4657.0,23.88,44.78,1012.53,319.2
4658.0,24.02,44.99,1012.56,320.5
4659.0,23.98,44.98,1012.23,318.6
4660.0,23.97,45.32,1012.57,317.7
4661.0,24.06,44.88,1012.12,317.3
4662.0,23.98,44.64,1012.46,320.2
4663.0,24.06,44.91,1012.49,322.3
4664.0,23.97,44.66,1012.48,318.6
4665.0,24.06,44.81,1012.47,323.9
4666.0,24.04,44.98,1012.36,319.7
4667.0,24.15,45.58,1012.35,317.4
4668.0,24.01,45.18,1012.36,315.2
4669.0,24.03,45.01,1012.44,321.7
4670.0,23.91,45.63,1012.34,320.8
4671.0,23.97,45.18,1012.58,318.7
4672.0,24.07,44.81,1011.92,321.4
4673.0,24.03,44.29,1012.2,320.8
4674.0,23.96,44.91,1012.45,323.3
4675.0,24.05,44.79,1012.34,326.1
4676.0,23.97,44.45,1012.37,324.5
4677.0,24.01,45.24,1012.31,322.2
4678.0,23.97,45.38,1012.4,322.5
4679.0,24.0,45.76,1012.34,320.7
4680.0,23.99,45.4,1012.34,322.4
4681.0,24.1,44.62,1012.23,317.6
4682.0,24.07,45.13,1012.19,322.4
4683.0,24.06,44.7,1012.51,314.8
4684.0,23.93,45.42,1012.28,319.7
4685.0,24.04,45.33,1012.3,323.8
4686.0,23.96,45.07,1012.48,319.7
4687.0,24.0,45.06,1012.27,319.7
4688.0,23.93,45.14,1012.26,323.6
4689.0,24.02,45.38,1012.15,322.1
4690.0,24.0,45.54,1012.23,317.2
4691.0,23.88,44.89,1012.32,320.4
4692.0,23.92,44.64,1012.49,319.7
4693.0,24.03,44.44,1012.46,320.8
4694.0,23.94,44.85,1012.41,319.7
4695.0,24.04,45.18,1012.29,321.6
4696.0,23.95,45.4,1012.46,314.6
4697.0,24.0,45.46,1012.66,322.1
4698.0,23.97,45.14,1012.32,322.2
4699.0,24.13,44.73,1012.3,322.7
4700.0,24.12,44.74,1012.26,320.6
4701.0,24.02,45.38,1012.35,323.9
4702.0,24.08,45.56,1012.65,318.8
4703.0,24.09,44.95,1012.63,320.8
4704.0,24.19,45.32,1012.44,320.8
4705.0,24.11,44.72,1012.46,317.2
4706.0,23.99,44.85,1012.37,323.0
4707.0,24.0,45.29,1012.39,327.8
4708.0,24.09,45.25,1012.32,321.3
4709.0,23.94,44.46,1012.33,316.4
4710.0,23.92,45.11,1012.39,323.9
4711.0,24.06,44.9,1012.32,325.7
4712.0,23.85,44.71,1012.35,318.3
4713.0,24.03,45.69,1012.41,320.6
4714.0,23.95,45.33,1012.41,322.0
4715.0,24.08,45.6,1012.42,322.2
4716.0,24.14,45.68,1012.4,317.8
4717.0,23.93,45.02,1012.55,321.1
4718.0,24.04,44.61,1012.14,320.8
4719.0,24.13,44.97,1012.18,319.0
4720.0,24.03,45.27,1012.58,321.1
4721.0,23.87,45.39,1012.44,321.6
4722.0,23.97,46.11,1012.39,323.4
4723.0,24.09,45.43,1012.1,319.1
4724.0,24.01,44.39,1012.27,322.2
4725.0,23.98,45.18,1012.68,322.6
4726.0,24.07,44.89,1012.26,322.0
4727.0,23.99,45.22,1012.52,320.5
4728.0,23.97,44.98,1012.53,321.1
4729.0,24.08,45.03,1012.32,316.9
4730.0,24.06,44.89,1012.49,317.6
4731.0,24.02,44.75,1012.47,317.4
4732.0,23.99,45.03,1012.36,321.4
4733.0,23.89,44.6,1012.63,315.8
4734.0,23.98,44.87,1012.63,319.9
4735.0,24.06,44.86,1012.15,319.7
4736.0,23.98,44.58,1012.15,324.2
4737.0,23.99,45.12,1012.49,322.2
4738.0,23.92,44.74,1012.31,320.0
4739.0,24.06,45.44,1012.76,318.8
4740.0,23.98,45.37,1012.47,322.2
4741.0,23.95,44.66,1012.33,315.9
4742.0,24.06,45.33,1012.23,321.1
4743.0,23.98,45.21,1012.37,315.5
4744.0,23.98,45.16,1012.33,315.5
4745.0,24.05,45.43,1012.4,318.8
4746.0,23.98,45.36,1012.64,318.0
4747.0,24.11,44.28,1012.51,320.4
4748.0,23.96,45.17,1012.27,321.6
4749.0,23.98,44.86,1012.56,321.1
4750.0,24.11,45.26,1012.41,318.5
4751.0,24.01,44.43,1012.4,318.1
4752.0,24.06,45.17,1012.74,318.0
4753.0,24.04,45.28,1012.5,321.5
4754.0,23.95,45.13,1012.63,323.0
4755.0,23.99,44.54,1012.36,323.2
4756.0,24.02,45.04,1012.45,321.3
4757.0,23.95,45.84,1012.38,319.9
4758.0,23.97,44.68,1012.27,316.4
4759.0,23.75,45.14,1012.39,325.0
4760.0,23.95,45.46,1012.32,320.9
4761.0,24.04,44.47,1012.53,319.7
4762.0,23.99,44.1,1012.33,319.4
4763.0,24.11,45.34,1012.29,320.8
4764.0,23.98,45.45,1012.34,318.4
4765.0,23.93,45.68,1012.38,319.6
4766.0,23.94,44.61,1012.38,319.3
4767.0,23.94,44.69,1012.48,320.8
4768.0,24.07,44.54,1012.6,321.4
4769.0,23.97,45.01,1012.74,321.7
4770.0,23.94,44.66,1012.58,317.5
4771.0,24.02,44.76,1012.45,318.6
4772.0,24.08,44.84,1012.51,324.1
4773.0,24.09,45.19,1012.41,318.4
4774.0,24.09,44.86,1012.25,318.7
4775.0,24.06,44.91,1012.27,324.0
4776.0,24.0,45.49,1012.41,325.9
4777.0,24.06,43.96,1012.33,319.4
4778.0,23.99,44.91,1012.39,324.3
4779.0,23.96,44.68,1012.41,319.3
4780.0,24.08,44.87,1012.46,322.8
4781.0,23.95,45.18,1012.07,320.9
4782.0,23.95,45.31,1012.39,321.1
4783.0,23.98,45.01,1012.63,322.1
4784.0,24.01,44.79,1012.2,318.2
4785.0,23.97,44.36,1012.54,321.8
4786.0,24.08,45.33,1012.27,323.9
4787.0,24.03,45.52,1012.31,321.6
4788.0,23.92,44.46,1012.36,319.3
4789.0,23.91,44.11,1012.3,321.9
4790.0,24.03,45.15,1012.55,319.1
4791.0,24.0,45.19,1012.36,322.1
4792.0,23.92,44.65,1012.43,320.6
4793.0,23.96,45.23,1012.41,320.6
4794.0,23.97,44.64,1012.33,318.3
4795.0,23.94,45.43,1012.53,316.1
4796.0,23.93,45.23,1012.58,324.2
4797.0,23.98,44.8,1012.59,320.1
4798.0,23.95,44.64,1012.31,323.4
4799.0,24.01,45.08,1012.22,321.5
4800.0,24.06,44.78,1012.28,320.5
4801.0,23.88,44.52,1012.15,318.2
4802.0,23.86,44.6,1012.22,322.5
4803.0,24.05,45.39,1012.3,320.8
4804.0,23.92,45.14,1012.42,324.4
4805.0,24.01,44.99,1012.49,318.4
4806.0,23.96,44.68,1012.11,320.5
4807.0,24.22,45.32,1012.24,320.1
4808.0,23.97,44.93,1012.35,318.3
4809.0,24.02,45.38,1011.93,318.9
4810.0,23.96,44.31,1012.31,321.9
4811.0,24.06,44.75,1012.5,323.3
4812.0,23.93,45.16,1012.39,320.1
4813.0,23.96,45.31,1012.63,319.2
4814.0,24.03,44.75,1012.61,318.7
4815.0,24.2,44.73,1012.53,318.9
4816.0,24.03,45.52,1012.3,318.2
4817.0,24.14,45.02,1012.43,316.2
4818.0,23.93,45.17,1012.26,318.0
4819.0,24.14,44.55,1012.49,318.7
4820.0,23.94,45.15,1012.61,321.6
4821.0,23.95,45.24,1012.32,317.9
4822.0,23.97,44.21,1012.3,318.2
4823.0,24.04,45.18,1012.45,324.5
4824.0,24.0,44.62,1012.5,315.5
4825.0,24.04,45.53,1012.51,318.3
4826.0,23.9,44.96,1012.72,318.5
4827.0,24.09,44.9,1012.43,322.6
4828.0,24.0,44.58,1012.19,322.8
4829.0,24.04,44.86,1012.38,318.8
4830.0,24.09,45.19,1012.41,323.6
4831.0,24.11,45.41,1012.27,316.0
4832.0,24.04,44.89,1012.32,313.8
4833.0,24.06,44.37,1012.55,322.5
4834.0,23.97,45.34,1012.18,321.8
4835.0,24.14,44.57,1012.29,321.0
4836.0,24.08,45.68,1012.43,316.3
4837.0,23.94,45.11,1012.42,313.0
4838.0,24.08,45.04,1012.57,321.8
4839.0,23.88,44.6,1012.48,318.0
4840.0,24.01,44.49,1012.5,324.9
4841.0,24.08,44.29,1012.6,315.3
4842.0,23.9,44.99,1012.16,318.5
4843.0,24.1,44.87,1012.51,318.3
4844.0,23.93,45.01,1012.27,320.9
4845.0,24.0,45.03,1012.5,322.2
4846.0,24.1,45.28,1012.28,325.5
4847.0,23.92,45.22,1012.32,318.2
4848.0,24.05,45.38,1012.45,323.2
4849.0,23.98,44.94,1012.53,321.1
4850.0,24.02,44.71,1012.46,317.1
4851.0,23.78,45.22,1012.2,319.5
4852.0,24.0,45.58,1012.4,316.6
4853.0,23.96,45.29,1012.38,319.3
4854.0,24.08,44.3,1012.32,324.1
4855.0,24.05,44.64,1012.66,319.1
4856.0,23.95,44.94,1012.55,319.9
4857.0,23.99,44.99,1012.55,324.1
4858.0,24.04,44.91,1012.46,316.3
4859.0,24.04,44.77,1012.27,320.2
4860.0,24.14,44.69,1012.3,325.0
4861.0,23.94,45.08,1012.45,318.2
4862.0,23.91,45.06,1012.49,318.3
4863.0,24.04,44.57,1012.45,324.5
4864.0,23.97,45.14,1012.42,318.5
4865.0,24.02,45.11,1012.4,320.7
4866.0,24.08,44.98,1012.29,316.2
4867.0,24.1,44.98,1012.33,323.0
4868.0,24.05,45.42,1012.25,316.2
4869.0,24.11,44.83,1012.26,319.6
4870.0,24.08,45.38,1012.33,320.6
4871.0,24.09,45.27,1012.36,320.5
4872.0,23.86,44.65,1012.3,320.4
4873.0,24.01,45.38,1012.34,318.3
4874.0,24.15,45.18,1012.51,319.2
4875.0,23.94,45.3,1012.37,321.1
4876.0,23.88,45.32,1012.06,311.9
4877.0,24.01,45.16,1012.62,327.8
4878.0,24.12,44.95,1012.33,321.5
4879.0,24.07,44.1,1012.39,312.3
4880.0,24.12,45.13,1012.4,321.8
4881.0,23.96,44.74,1012.34,316.7
4882.0,24.01,44.3,1012.26,320.4
4883.0,23.81,45.37,1012.31,320.8
4884.0,23.89,44.91,1012.18,322.1
4885.0,23.95,45.3,1012.64,319.0
4886.0,24.04,44.97,1012.6,319.9
4887.0,24.02,45.21,1012.55,320.9
4888.0,23.99,45.4,1012.21,318.2
4889.0,23.91,44.99,1012.44,319.7
4890.0,24.11,45.23,1012.62,325.5
4891.0,23.94,44.68,1012.58,322.3
4892.0,24.14,44.6,1012.29,318.4
4893.0,24.1,44.71,1012.56,320.2
4894.0,24.0,45.15,1012.32,320.0
4895.0,24.0,44.57,1012.31,323.7
4896.0,24.14,44.83,1012.33,321.8
4897.0,23.98,45.14,1012.51,319.8
4898.0,24.06,44.77,1012.52,314.5
4899.0,24.1,45.35,1012.33,320.2
4900.0,24.06,45.7,1012.32,327.5
4901.0,23.92,45.46,1012.75,319.3
4902.0,24.11,44.84,1012.43,316.2
4903.0,24.03,45.48,1012.56,320.9
4904.0,23.94,44.49,1012.46,318.6
4905.0,23.95,44.03,1012.28,318.0
4906.0,24.0,44.57,1012.11,323.4
4907.0,24.01,45.57,1012.44,320.4
4908.0,24.1,45.06,1012.48,318.5
4909.0,23.98,44.4,1012.15,317.7
4910.0,24.08,44.95,1012.38,316.9
4911.0,23.94,44.94,1012.34,322.7
4912.0,23.83,45.31,1012.45,317.8
4913.0,24.09,44.71,1012.55,318.8
4914.0,24.0,43.94,1012.17,327.4
4915.0,24.04,44.81,1012.59,318.8
4916.0,23.99,45.52,1012.35,318.4
4917.0,23.79,45.26,1012.59,323.1
4918.0,24.03,45.13,1012.43,321.7
4919.0,24.04,45.15,1012.49,323.2
4920.0,24.01,44.39,1012.55,320.6
4921.0,23.9,44.71,1012.39,320.9
4922.0,23.99,44.99,1012.35,322.4
4923.0,23.97,44.78,1012.21,316.2
4924.0,23.93,45.18,1012.47,318.9
4925.0,24.07,44.7,1012.22,318.8
4926.0,24.03,45.32,1012.15,316.5
4927.0,23.97,45.05,1012.3,310.1
4928.0,23.92,45.65,1012.55,322.4
4929.0,23.98,44.84,1012.42,322.7
4930.0,24.04,45.3,1012.63,321.5
4931.0,23.99,45.28,1012.11,315.0
4932.0,23.98,45.7,1012.53,318.6
4933.0,23.88,45.12,1012.52,325.0
4934.0,24.07,44.85,1012.52,318.7
4935.0,23.84,44.47,1012.38,321.1
4936.0,23.94,45.39,1012.68,325.2
4937.0,23.9,45.11,1012.5,319.8
4938.0,24.04,44.59,1012.36,320.9
4939.0,23.91,44.74,1012.54,319.1
4940.0,23.96,44.92,1012.34,322.5
4941.0,24.01,44.81,1012.52,322.9
4942.0,23.98,45.01,1012.4,317.2
4943.0,23.96,45.53,1012.27,325.3
4944.0,23.98,44.58,1012.44,321.5
4945.0,24.02,44.97,1012.28,320.1
4946.0,23.86,45.45,1012.23,318.0
4947.0,23.9,45.4,1012.34,322.2
4948.0,24.05,45.15,1012.12,320.5
4949.0,24.02,45.29,1012.71,322.8
4950.0,23.99,45.31,1012.14,319.6
4951.0,24.08,45.44,1012.22,321.0
4952.0,24.05,45.19,1012.48,316.7
4953.0,23.96,44.67,1012.35,320.0
4954.0,23.96,44.73,1012.28,325.6
4955.0,24.09,44.75,1012.38,319.3
4956.0,23.93,45.09,1012.24,322.5
4957.0,23.72,45.57,1012.33,321.1
4958.0,23.88,45.12,1012.32,324.4
4959.0,23.99,44.56,1012.51,317.5
4960.0,24.12,44.87,1012.52,319.0
4961.0,24.2,44.79,1012.39,318.6
4962.0,23.97,45.08,1012.15,312.3
4963.0,23.97,45.4,1012.49,322.7
4964.0,24.05,45.42,1012.28,316.6
4965.0,23.85,44.0,1012.63,319.4
4966.0,24.0,45.38,1012.37,319.0
4967.0,23.95,45.06,1012.32,325.4
4968.0,23.91,45.14,1012.31,320.4
4969.0,24.11,44.58,1012.56,319.1
4970.0,23.93,45.47,1012.46,318.1
4971.0,23.84,45.06,1012.2,319.1
4972.0,24.08,44.43,1012.47,317.9
4973.0,23.96,44.98,1012.53,321.6
4974.0,23.99,45.48,1012.46,322.1
4975.0,24.05,44.75,1012.49,317.5
4976.0,24.01,44.89,1012.35,322.2
4977.0,23.94,45.03,1012.61,313.5
4978.0,24.12,44.27,1012.51,315.2
4979.0,24.05,45.14,1012.48,317.5
4980.0,23.94,44.93,1012.65,320.2
4981.0,23.88,44.27,1012.42,317.1
4982.0,23.85,45.51,1012.32,316.7
4983.0,24.13,45.07,1012.46,322.1
4984.0,24.05,44.71,1012.21,317.4
4985.0,23.77,44.16,1012.4,322.4
4986.0,24.17,45.63,1012.33,322.6
4987.0,24.03,45.46,1012.54,315.5
4988.0,24.1,44.98,1012.11,321.4
4989.0,24.08,45.33,1012.63,319.4
4990.0,24.04,45.43,1012.06,322.1
4991.0,23.94,45.21,1012.3,320.4
4992.0,23.89,44.82,1012.46,320.7
4993.0,23.96,44.49,1012.2,317.9
4994.0,24.08,45.57,1012.36,322.3
4995.0,23.97,44.8,1012.64,321.6
4996.0,24.04,44.69,1012.28,321.2
4997.0,24.0,44.86,1012.24,318.1
4998.0,24.07,45.23,1012.18,321.0
4999.0,24.17,44.85,1012.33,316.0
5000.0,24.09,44.97,1012.53,323.7
5001.0,23.94,45.35,1012.5,325.3
5002.0,23.9,45.54,1012.33,318.5
5003.0,24.0,44.27,1012.61,321.6
5004.0,23.85,45.16,1012.43,319.9
5005.0,23.96,44.6,1012.5,321.6
5006.0,23.95,44.71,1012.49,324.1
5007.0,24.06,45.49,1012.52,332.2
5008.0,23.99,44.93,1012.26,320.7
5009.0,24.04,45.51,1012.28,319.2
5010.0,24.03,45.87,1012.42,316.6
5011.0,23.9,44.69,1012.23,318.8
5012.0,24.01,44.91,1012.33,320.8
5013.0,24.0,44.95,1012.28,319.5
5014.0,24.18,44.79,1012.44,313.2
5015.0,24.05,44.74,1012.37,320.2
5016.0,23.96,46.02,1012.12,321.9
5017.0,24.03,44.9,1012.29,314.3
5018.0,23.87,44.65,1012.44,318.1
5019.0,23.96,45.07,1012.51,325.4
5020.0,24.22,44.98,1012.64,319.4
5021.0,24.07,44.95,1012.45,325.8
5022.0,24.03,45.16,1012.49,323.0
5023.0,23.87,45.05,1012.22,315.9
5024.0,23.97,45.6,1012.56,318.5
5025.0,23.8,45.27,1012.4,317.4
5026.0,23.86,44.46,1012.37,319.6
5027.0,23.96,45.26,1012.07,322.0
5028.0,23.99,44.79,1012.41,316.8
5029.0,23.94,45.2,1012.56,315.9
5030.0,24.06,45.2,1012.57,321.3
5031.0,24.09,45.15,1012.27,318.5
5032.0,24.09,45.15,1012.19,323.7
5033.0,24.12,44.97,1012.35,321.0
5034.0,23.84,44.62,1012.49,319.9
5035.0,24.06,44.44,1012.48,325.0
5036.0,23.95,45.11,1012.15,318.9
5037.0,23.99,44.57,1012.67,319.5
5038.0,23.84,44.89,1012.38,316.6
5039.0,24.19,45.25,1012.4,318.4
5040.0,23.93,45.32,1012.66,317.5
5041.0,24.0,44.91,1012.25,321.6
5042.0,24.11,45.42,1012.38,318.8
5043.0,24.17,45.31,1012.47,317.7
5044.0,24.02,44.64,1012.46,317.8
5045.0,23.91,44.92,1012.44,321.7
5046.0,24.09,44.61,1012.31,324.3
5047.0,24.01,45.16,1012.51,317.7
5048.0,24.07,44.74,1012.24,322.3
5049.0,24.21,44.62,1012.54,314.7
5050.0,24.02,44.37,1012.68,322.2
5051.0,24.18,44.75,1012.35,317.0
5052.0,24.06,44.86,1012.61,323.0
5053.0,24.0,45.35,1012.5,319.2
5054.0,24.1,44.51,1012.83,318.8
5055.0,23.83,44.88,1012.59,317.9
5056.0,23.96,44.66,1012.37,321.4
5057.0,23.95,44.66,1012.29,318.7
5058.0,23.91,44.65,1012.34,318.1
5059.0,24.07,45.34,1012.59,318.1
5060.0,23.96,44.67,1012.37,321.4
5061.0,24.02,44.2,1012.32,320.4
5062.0,23.9,45.5,1012.57,317.2
5063.0,23.94,44.52,1012.39,319.8
5064.0,23.9,44.73,1012.57,319.9
5065.0,23.93,45.02,1012.56,322.7
5066.0,23.97,44.69,1012.42,317.4
5067.0,24.09,45.03,1012.54,320.6
5068.0,24.06,44.97,1012.49,319.2
5069.0,24.09,45.0,1012.42,317.9
5070.0,23.96,44.8,1012.28,320.2
5071.0,23.93,44.49,1012.25,320.8
5072.0,23.95,44.98,1012.37,316.3
5073.0,24.04,44.91,1012.69,321.1
5074.0,24.02,43.93,1012.51,319.8
5075.0,23.99,44.79,1012.31,319.7
5076.0,24.05,45.15,1012.47,327.2
5077.0,24.0,45.24,1012.58,318.4
5078.0,24.1,45.63,1012.64,317.0
5079.0,23.9,44.83,1012.54,317.4
5080.0,23.97,45.78,1012.4,320.8
5081.0,24.04,45.16,1012.46,317.6
5082.0,23.86,44.8,1012.33,319.5
5083.0,24.08,44.52,1012.48,319.5
5084.0,24.0,44.95,1012.37,321.0
5085.0,23.95,44.66,1012.38,317.1
5086.0,24.1,45.31,1012.36,314.3
5087.0,23.94,44.79,1012.36,317.8
5088.0,23.99,45.27,1012.31,320.7
5089.0,23.97,44.5,1012.33,321.0
5090.0,24.0,45.06,1012.25,321.4
5091.0,23.9,45.26,1012.46,317.8
5092.0,24.0,46.0,1012.58,318.1
5093.0,23.95,44.47,1012.26,323.9
5094.0,24.05,44.82,1012.32,317.8
5095.0,23.9,44.92,1012.37,325.0
5096.0,24.04,45.02,1012.38,318.1
5097.0,23.95,45.07,1012.65,314.5
5098.0,24.04,45.2,1012.45,316.6
5099.0,23.93,44.5,1012.0,325.4
5100.0,23.99,45.6,1012.5,319.5
5101.0,24.16,45.1,1012.28,319.5
5102.0,23.84,44.9,1012.59,318.5
5103.0,24.03,44.53,1012.58,321.3
5104.0,23.87,45.16,1012.72,320.6
5105.0,23.91,45.25,1012.58,324.1
5106.0,23.99,44.69,1012.45,319.8
5107.0,23.96,44.4,1012.42,321.2
5108.0,24.06,45.02,1012.32,323.6
5109.0,24.01,45.43,1012.06,316.8
5110.0,24.08,44.56,1012.62,315.7
5111.0,24.02,45.28,1012.58,318.2
5112.0,24.01,44.75,1012.59,325.6
5113.0,24.1,44.82,1012.41,323.2
5114.0,24.06,44.61,1012.61,321.5
5115.0,24.0,45.1,1012.5,324.5
5116.0,24.07,44.38,1012.49,322.8
5117.0,24.02,44.42,1012.07,316.0
5118.0,24.07,44.79,1012.35,320.5
5119.0,24.01,45.15,1012.27,318.2
5120.0,24.09,44.24,1012.24,327.5
5121.0,23.89,45.47,1012.52,318.3
5122.0,24.01,45.42,1012.53,324.0
5123.0,23.96,46.03,1012.17,319.7
5124.0,23.96,45.17,1012.44,320.2
5125.0,23.99,44.58,1012.38,315.7
5126.0,23.9,45.3,1012.22,322.4
5127.0,23.9,45.56,1012.42,322.8
5128.0,24.05,45.13,1012.44,319.7
5129.0,24.05,44.65,1012.08,317.0
5130.0,24.09,45.64,1012.35,315.7
5131.0,24.05,45.49,1012.46,315.6
5132.0,24.06,45.42,1012.28,318.1
5133.0,23.97,44.96,1012.21,321.5
5134.0,23.98,44.61,1012.23,323.4
5135.0,24.0,45.24,1012.73,315.6
5136.0,24.01,44.63,1012.31,320.9
5137.0,24.03,45.0,1012.41,316.1
5138.0,23.9,45.07,1012.58,319.4
5139.0,23.93,44.82,1012.47,321.2
5140.0,24.07,44.57,1012.18,318.6
5141.0,24.01,45.17,1012.35,325.6
5142.0,23.95,45.42,1012.47,321.1
5143.0,23.99,44.17,1012.59,314.1
5144.0,23.98,44.41,1012.43,322.6
5145.0,24.02,44.33,1012.64,318.5
5146.0,23.99,45.27,1012.27,320.5
5147.0,23.98,44.96,1012.18,321.5
5148.0,23.92,44.56,1012.15,318.0
5149.0,24.06,45.06,1012.61,320.1
5150.0,24.12,44.52,1012.49,319.6
5151.0,24.05,45.37,1012.37,317.9
5152.0,23.94,45.31,1012.32,316.5
5153.0,23.94,45.19,1012.35,322.3
5154.0,24.08,44.98,1012.45,320.5
5155.0,23.92,45.15,1012.58,313.9
5156.0,24.13,44.92,1012.37,321.6
5157.0,24.17,44.97,1012.28,317.8
5158.0,24.04,44.98,1012.31,321.4
5159.0,24.08,45.92,1012.45,318.5
5160.0,24.07,44.55,1012.5,319.9
5161.0,24.0,44.87,1012.77,318.3
5162.0,23.99,45.01,1012.28,323.6
5163.0,23.98,44.82,1012.42,319.6
5164.0,24.08,45.23,1012.49,320.2
5165.0,24.06,45.22,1012.45,318.7
5166.0,24.08,44.84,1012.49,321.7
5167.0,24.0,44.5,1012.43,318.8
5168.0,23.94,44.66,1012.27,321.8
5169.0,23.89,44.74,1012.69,321.2
5170.0,23.96,44.99,1012.34,316.8
5171.0,23.99,44.37,1012.29,321.7
5172.0,23.95,45.3,1012.17,316.3
5173.0,23.98,44.68,1012.5,321.0
5174.0,24.01,44.64,1012.48,317.8
5175.0,24.17,45.68,1012.36,320.0
5176.0,23.98,45.59,1012.33,315.9
5177.0,24.05,44.75,1012.37,321.9
5178.0,23.97,44.24,1012.35,320.1
5179.0,24.01,46.12,1012.2,319.3
5180.0,23.91,44.77,1012.38,319.7
5181.0,24.04,44.37,1012.42,323.1
5182.0,23.95,44.57,1012.33,321.6
5183.0,23.96,45.21,1012.34,319.2
5184.0,24.06,44.68,1012.49,317.9
5185.0,23.87,45.6,1012.51,315.8
5186.0,23.9,45.01,1012.31,322.0
5187.0,23.92,45.34,1012.42,315.2
5188.0,24.09,45.31,1012.43,322.7
5189.0,24.04,45.08,1012.26,318.5
5190.0,23.98,45.06,1012.32,313.9
5191.0,23.96,45.34,1012.52,320.4
5192.0,24.12,45.4,1012.32,317.7
5193.0,24.12,45.14,1012.5,319.7
5194.0,23.93,45.22,1012.76,320.7
5195.0,23.97,44.33,1012.35,323.5
5196.0,24.02,44.91,1012.28,315.2
5197.0,24.03,45.8,1012.42,318.4
5198.0,24.09,45.46,1012.15,325.0
5199.0,23.95,44.75,1012.51,318.5
5200.0,24.06,44.27,1012.28,321.8
5201.0,23.99,45.51,1012.34,318.4
5202.0,24.06,44.88,1012.33,322.3
5203.0,24.09,44.85,1012.56,324.9
5204.0,24.06,45.42,1012.22,324.0
5205.0,24.0,44.28,1012.37,322.8
5206.0,24.01,44.84,1012.39,315.8
5207.0,24.08,44.74,1012.28,321.6
5208.0,24.02,44.99,1012.55,322.6
5209.0,24.05,44.93,1012.53,316.8
5210.0,23.97,45.21,1012.25,327.0
5211.0,24.01,44.17,1012.56,318.2
5212.0,23.96,45.26,1012.29,320.4
5213.0,24.17,44.91,1012.37,315.6
5214.0,23.98,45.44,1012.38,319.1
5215.0,24.05,44.59,1012.34,321.6
5216.0,23.94,44.72,1012.37,320.0
5217.0,23.96,44.9,1012.41,322.5
5218.0,24.02,45.16,1012.45,320.8
5219.0,24.13,44.62,1012.42,319.2
5220.0,23.94,45.21,1012.17,321.1
5221.0,23.98,45.45,1012.32,321.0
5222.0,23.92,45.17,1012.5,318.2
5223.0,23.93,45.07,1012.37,320.8
5224.0,23.99,44.63,1012.68,321.4
5225.0,24.1,44.91,1012.63,320.5
5226.0,23.99,45.39,1012.3,320.6
5227.0,23.97,45.12,1012.49,317.5
5228.0,24.08,44.87,1012.45,322.3
5229.0,23.86,45.56,1012.38,322.1
5230.0,24.07,45.17,1012.57,320.6
5231.0,24.06,44.05,1012.16,321.0
5232.0,23.98,44.29,1012.39,320.5
5233.0,24.0,46.28,1012.63,318.4
5234.0,24.03,45.13,1012.33,318.9
5235.0,24.04,44.68,1012.6,319.0
5236.0,23.9,44.6,1012.43,322.2
5237.0,24.09,44.97,1012.48,320.9
5238.0,23.94,45.23,1012.36,323.6
5239.0,24.0,45.14,1012.42,322.4
5240.0,24.02,44.87,1012.53,322.2
5241.0,24.08,44.6,1012.54,319.2
5242.0,24.0,44.69,1012.45,317.2
5243.0,23.91,44.87,1012.36,321.5
5244.0,23.93,45.07,1012.32,322.5
5245.0,24.09,43.56,1012.39,325.4
5246.0,24.03,44.72,1012.35,315.2
5247.0,23.98,44.74,1012.88,316.2
5248.0,24.04,45.72,1012.1,320.4
5249.0,24.06,45.33,1012.47,320.0
5250.0,23.92,45.71,1012.3,326.1
5251.0,24.0,44.67,1012.62,316.2
5252.0,24.1,44.94,1012.74,323.4
5253.0,23.89,44.79,1012.36,316.2
5254.0,24.05,44.87,1012.56,318.7
5255.0,23.89,45.06,1012.45,319.9
5256.0,23.95,45.03,1012.56,318.2
5257.0,24.03,45.16,1012.23,326.9
5258.0,24.05,44.32,1012.4,324.5
5259.0,24.03,44.63,1012.17,319.4
5260.0,24.06,44.93,1012.69,321.3
5261.0,24.1,44.77,1012.66,320.9
5262.0,23.94,45.25,1012.5,316.3
5263.0,24.06,44.93,1012.47,322.5
5264.0,23.92,45.34,1012.42,327.4
5265.0,23.9,44.47,1012.44,316.0
5266.0,24.06,45.26,1012.66,320.1
5267.0,23.86,44.53,1012.47,318.1
5268.0,23.93,45.16,1012.39,317.5
5269.0,23.97,45.53,1012.47,318.3
5270.0,23.92,44.37,1012.39,320.5
5271.0,24.0,45.37,1012.31,318.8
5272.0,24.06,45.41,1012.62,323.4
5273.0,23.99,44.71,1012.39,320.5
5274.0,23.95,45.22,1012.09,323.1
5275.0,24.15,44.41,1012.39,318.3
5276.0,24.05,45.0,1012.47,321.2
5277.0,23.97,44.84,1012.34,315.3
5278.0,23.98,44.94,1012.3,319.8
5279.0,24.07,44.78,1012.48,320.0
5280.0,23.95,44.29,1012.46,319.5
5281.0,24.1,44.78,1012.4,322.7
5282.0,24.0,44.59,1012.48,322.4
5283.0,23.9,44.37,1012.53,315.3
5284.0,23.93,45.38,1012.31,321.0
5285.0,24.14,45.11,1012.6,321.9
5286.0,24.04,45.35,1012.51,328.5
5287.0,24.12,45.63,1012.36,318.2
5288.0,24.08,44.86,1012.73,321.2
5289.0,24.0,44.57,1012.53,316.3
5290.0,23.99,45.45,1012.47,321.8
5291.0,23.98,44.78,1012.56,317.2
5292.0,23.97,45.28,1012.23,318.5
5293.0,23.9,44.09,1012.32,321.7
5294.0,23.97,44.45,1012.71,320.3
5295.0,23.93,45.72,1012.49,321.9
5296.0,24.03,45.51,1012.64,325.8
5297.0,23.88,45.67,1012.15,315.6
5298.0,24.1,44.73,1012.43,321.3
5299.0,23.85,45.34,1012.22,317.1
5300.0,24.1,44.59,1012.28,316.8
5301.0,23.89,44.88,1012.36,318.5
5302.0,23.93,44.88,1012.51,319.5
5303.0,23.98,44.81,1012.43,320.4
5304.0,23.99,44.73,1012.43,324.6
5305.0,23.89,45.35,1012.57,318.9
5306.0,24.0,45.22,1012.29,320.3
5307.0,23.89,44.68,1012.5,317.4
5308.0,24.07,45.22,1012.34,319.5
5309.0,24.06,44.46,1012.28,312.3
5310.0,23.91,45.11,1012.2,323.2
5311.0,24.01,44.5,1012.39,321.4
5312.0,23.89,44.84,1012.5,318.0
5313.0,23.91,45.21,1012.08,318.0
5314.0,23.99,44.34,1012.53,320.3
5315.0,24.0,44.94,1012.36,321.5
5316.0,23.96,45.02,1012.43,318.3
5317.0,23.79,45.15,1012.51,315.6
5318.0,23.98,45.16,1012.47,321.9
5319.0,24.05,45.14,1012.39,321.8
5320.0,24.14,45.1,1012.51,316.5
5321.0,23.91,45.19,1012.2,323.6
5322.0,23.84,45.06,1012.27,322.8
5323.0,24.06,45.6,1012.27,321.1
5324.0,24.05,45.62,1012.41,318.5
5325.0,24.07,45.68,1012.58,320.6
5326.0,23.91,44.93,1012.38,322.7
5327.0,23.98,44.78,1012.49,320.9
5328.0,23.99,44.64,1012.42,322.2
5329.0,24.06,44.31,1012.27,324.3
5330.0,23.94,45.15,1012.18,314.2
5331.0,24.09,45.45,1012.33,322.0
5332.0,23.98,45.27,1012.02,315.8
5333.0,23.89,45.75,1012.23,321.6
5334.0,24.08,44.77,1012.57,315.1
5335.0,23.98,44.26,1012.31,320.3
5336.0,24.03,45.18,1012.33,317.2
5337.0,23.89,44.83,1012.36,314.9
5338.0,24.11,44.81,1012.19,317.3
5339.0,23.93,45.29,1012.41,316.8
5340.0,23.93,45.34,1012.31,321.8
5341.0,24.06,44.47,1012.54,319.0
5342.0,23.93,44.96,1012.3,320.0
5343.0,24.02,45.38,1012.45,325.3
5344.0,24.08,44.65,1012.39,323.7
5345.0,24.1,45.32,1012.34,313.4
5346.0,24.07,44.9,1012.56,316.1
5347.0,23.9,44.85,1012.08,323.1
5348.0,24.04,45.4,1012.13,319.6
5349.0,24.1,45.36,1012.32,319.0
5350.0,24.1,44.21,1012.07,317.5
5351.0,23.84,44.88,1012.47,319.1
5352.0,23.83,44.79,1012.25,315.2
5353.0,23.98,44.92,1012.35,315.0
5354.0,24.05,45.49,1012.56,318.3
5355.0,23.98,45.24,1012.61,319.8
5356.0,23.93,45.35,1012.31,318.2
5357.0,24.03,45.49,1012.53,322.1
5358.0,23.88,44.52,1012.35,325.2
5359.0,24.05,44.43,1012.56,323.1
5360.0,24.04,44.81,1012.3,319.4
5361.0,23.98,45.15,1012.0,317.8
5362.0,23.92,45.26,1012.51,321.7
5363.0,24.02,44.8,1012.46,322.9
5364.0,24.09,44.55,1012.37,321.0
5365.0,24.05,44.97,1012.4,319.5
5366.0,23.97,44.95,1012.3,320.1
5367.0,23.96,44.83,1012.47,317.0
5368.0,24.04,44.94,1012.28,320.6
5369.0,24.12,44.53,1012.46,326.6
5370.0,23.9,45.05,1012.4,323.8
5371.0,23.99,45.32,1012.41,322.0
5372.0,23.87,45.76,1012.34,319.2
5373.0,24.07,44.99,1012.46,312.4
5374.0,24.0,45.47,1012.17,317.7
5375.0,24.07,45.24,1012.33,321.0
5376.0,24.13,44.76,1012.28,318.2
5377.0,24.03,45.18,1012.24,318.8
5378.0,24.3,45.09,1012.37,319.8
5379.0,23.99,44.42,1012.36,321.9
5380.0,23.97,44.37,1012.43,320.4
5381.0,24.07,44.87,1012.31,317.3
5382.0,23.93,44.37,1012.44,318.5
5383.0,24.12,45.3,1012.4,318.2
5384.0,23.91,46.67,1012.57,320.5
5385.0,23.96,45.06,1012.48,319.9
5386.0,23.95,45.89,1012.39,322.0
5387.0,23.92,44.74,1012.32,322.9
5388.0,24.03,45.78,1012.51,320.7
5389.0,23.94,44.91,1012.45,318.4
5390.0,23.96,44.67,1012.52,317.6
5391.0,24.18,45.35,1012.41,318.0
5392.0,24.13,44.95,1012.45,321.6
5393.0,24.14,45.35,1012.43,323.2
5394.0,24.04,45.22,1012.42,320.1
5395.0,23.96,44.86,1012.58,318.4
5396.0,24.04,45.55,1012.42,325.0
5397.0,23.95,45.29,1012.45,319.5
5398.0,23.93,44.9,1012.56,317.7
5399.0,23.94,45.49,1012.46,323.2
5400.0,23.98,45.29,1012.23,320.4
5401.0,24.12,45.45,1012.17,319.2
5402.0,24.13,44.71,1012.37,324.4
5403.0,23.85,44.45,1012.34,318.1
5404.0,24.04,44.57,1012.46,322.2
5405.0,24.06,45.24,1012.79,320.0
5406.0,24.07,45.73,1012.59,321.5
5407.0,24.12,45.09,1012.31,318.7
5408.0,24.03,45.4,1012.54,321.5
5409.0,24.09,44.35,1012.26,318.0
5410.0,23.91,44.82,1012.24,318.6
5411.0,24.04,45.29,1012.48,320.2
5412.0,24.03,46.14,1012.33,321.3
5413.0,24.05,44.5,1012.32,325.5
5414.0,23.91,44.39,1012.59,317.9
5415.0,23.88,44.98,1012.39,328.0
5416.0,23.98,44.88,1012.54,324.7
5417.0,24.02,45.52,1012.21,321.1
5418.0,24.08,44.7,1012.38,323.5
5419.0,24.13,44.77,1012.26,324.7
5420.0,24.08,45.25,1012.38,322.8
5421.0,23.91,45.05,1012.31,320.9
5422.0,23.82,44.92,1012.1,320.5
5423.0,23.93,45.42,1012.37,319.2
5424.0,23.88,44.54,1012.41,321.6
5425.0,23.92,45.34,1012.82,317.8
5426.0,23.85,44.99,1012.51,312.2
5427.0,23.94,45.03,1012.48,320.0
5428.0,23.96,44.65,1012.43,318.4
5429.0,24.12,45.36,1012.6,322.3
5430.0,23.98,45.25,1012.54,317.3
5431.0,23.99,44.9,1012.43,319.0
5432.0,23.91,45.0,1012.24,321.0
5433.0,23.88,44.18,1012.42,323.4
5434.0,23.9,45.46,1012.43,323.2
5435.0,24.21,44.74,1012.5,315.7
5436.0,24.11,44.75,1012.32,319.6
5437.0,23.97,44.35,1012.62,315.3
5438.0,24.01,45.26,1012.38,321.4
5439.0,24.07,44.92,1012.4,323.6
5440.0,24.0,44.79,1012.27,324.5
5441.0,23.89,44.82,1012.35,324.1
5442.0,23.94,45.66,1012.09,319.9
5443.0,24.1,44.58,1012.56,318.1
5444.0,24.0,44.37,1012.39,321.5
5445.0,24.02,45.46,1012.32,326.0
5446.0,23.91,46.18,1012.58,314.4
5447.0,24.08,44.61,1012.61,316.0
5448.0,24.0,45.17,1012.16,321.8
5449.0,24.11,45.4,1012.64,316.2
5450.0,23.85,44.69,1012.63,320.7
5451.0,23.98,45.11,1012.43,318.2
5452.0,24.08,45.3,1012.28,318.7
5453.0,23.95,44.5,1012.35,324.5
5454.0,24.1,44.88,1012.39,315.5
5455.0,23.98,44.83,1012.44,321.0
5456.0,24.04,45.1,1012.54,321.5
5457.0,23.87,44.31,1012.31,316.1
5458.0,23.99,45.44,1012.73,319.6
5459.0,24.08,45.3,1012.39,315.5
5460.0,23.92,44.55,1012.65,326.9
5461.0,24.1,45.12,1012.43,322.2
5462.0,23.94,45.22,1012.44,314.8
5463.0,24.0,43.97,1012.46,319.2
5464.0,24.06,45.47,1012.53,318.8
5465.0,23.93,44.41,1012.26,319.8
5466.0,24.03,44.74,1012.61,314.0
5467.0,24.08,45.11,1012.2,317.9
5468.0,23.89,44.98,1012.62,323.0
5469.0,24.0,45.01,1012.23,318.6
5470.0,24.0,44.76,1012.48,323.2
5471.0,24.09,44.83,1012.42,323.6
5472.0,24.02,44.67,1012.24,318.5
5473.0,24.06,45.78,1012.47,321.0
5474.0,24.07,45.2,1012.4,321.0
5475.0,23.98,44.94,1012.66,320.3
5476.0,23.97,44.85,1012.43,322.5
5477.0,23.96,45.01,1012.3,323.3
5478.0,24.07,44.26,1012.43,321.0
5479.0,24.05,45.36,1012.25,322.2
5480.0,23.96,44.92,1012.53,325.8
5481.0,23.9,45.09,1012.1,318.3
5482.0,23.97,45.78,1012.53,316.9
5483.0,23.89,45.01,1012.41,313.6
5484.0,24.07,45.12,1012.21,316.1
5485.0,24.09,44.92,1012.38,318.8
5486.0,24.11,44.4,1012.3,322.0
5487.0,24.02,45.38,1012.41,316.0
5488.0,24.04,44.65,1012.43,317.6
5489.0,23.99,45.43,1012.37,318.9
5490.0,23.95,44.91,1012.23,317.1
5491.0,23.97,45.07,1012.63,315.8
5492.0,24.16,44.81,1012.68,320.9
5493.0,23.87,45.03,1012.32,321.6
5494.0,24.02,45.17,1012.38,309.9
5495.0,23.94,46.28,1012.38,319.3
5496.0,24.06,45.35,1012.27,322.1
5497.0,24.12,44.89,1012.42,319.8
5498.0,24.06,45.74,1012.45,320.8
5499.0,23.97,43.6,1012.34,322.8
5500.0,24.05,45.18,1012.56,318.7
5501.0,23.96,44.5,1012.34,319.9
5502.0,23.99,45.19,1012.38,313.4
5503.0,24.0,44.82,1012.44,318.2
5504.0,24.06,44.07,1012.54,317.9
5505.0,23.95,45.1,1012.55,317.2
5506.0,24.11,45.76,1012.56,320.5
5507.0,23.97,44.53,1012.33,319.0
5508.0,23.98,45.88,1012.59,321.7
5509.0,23.98,44.85,1012.74,321.9
5510.0,23.87,45.34,1012.17,322.3
5511.0,23.96,44.89,1012.36,317.3
5512.0,23.92,44.85,1012.57,322.4
5513.0,23.85,45.84,1012.62,324.1
5514.0,23.87,44.63,1012.46,320.7
5515.0,24.09,44.55,1012.23,324.7
5516.0,23.7,44.79,1012.45,321.1
5517.0,23.97,45.53,1012.24,325.2
5518.0,24.05,45.92,1012.37,317.8
5519.0,23.94,45.2,1012.2,320.6
5520.0,23.94,45.02,1012.38,319.9
5521.0,23.92,44.9,1012.4,320.3
5522.0,23.94,44.8,1012.29,319.8
5523.0,24.01,44.89,1012.2,323.3
5524.0,23.88,45.09,1012.23,318.7
5525.0,24.05,45.7,1012.63,315.5
5526.0,24.05,44.81,1012.22,322.6
5527.0,23.98,45.16,1012.36,319.9
5528.0,23.93,44.96,1012.47,317.4
5529.0,24.01,45.32,1012.49,321.0
5530.0,24.1,45.01,1012.32,325.3
5531.0,24.07,44.25,1012.17,316.1
5532.0,23.87,45.3,1012.53,317.0
5533.0,24.17,44.31,1012.63,321.1
5534.0,24.04,44.49,1012.47,320.6
5535.0,24.08,44.96,1012.49,317.6
5536.0,23.94,44.93,1012.36,325.8
5537.0,23.93,44.97,1012.47,321.8
5538.0,24.09,44.92,1012.5,321.2
5539.0,24.06,44.72,1012.26,317.3
5540.0,24.02,45.64,1012.56,321.4
5541.0,23.91,44.51,1012.57,323.2
5542.0,24.04,45.06,1012.32,320.9
5543.0,24.1,44.83,1012.29,322.2
5544.0,24.04,44.76,1012.4,321.8
5545.0,23.91,44.71,1012.56,321.0
5546.0,24.13,45.5,1012.3,316.6
5547.0,24.01,45.41,1012.21,319.5
5548.0,24.08,44.7,1012.44,318.4
5549.0,23.97,44.45,1012.63,319.8
5550.0,23.95,45.31,1012.41,322.7
5551.0,24.02,46.05,1012.5,321.2
5552.0,24.16,45.39,1012.14,321.8
5553.0,23.88,44.71,1012.42,316.7
5554.0,23.87,44.79,1012.33,322.7
5555.0,23.91,44.64,1012.44,322.9
5556.0,24.07,45.2,1012.33,323.0
5557.0,24.0,44.64,1012.49,316.4
5558.0,23.86,45.33,1012.33,321.4
5559.0,24.04,44.38,1012.36,325.1
5560.0,23.95,45.56,1012.53,320.1
5561.0,24.01,44.78,1012.23,316.6
5562.0,23.99,44.86,1012.47,320.8
5563.0,24.0,45.24,1012.2,320.5
5564.0,24.04,44.81,1012.52,320.0
5565.0,23.86,44.93,1012.58,325.2
5566.0,24.08,44.32,1012.59,319.1
5567.0,24.01,44.37,1012.53,319.4
5568.0,23.96,45.59,1012.36,319.9
5569.0,24.01,45.29,1012.61,322.7
5570.0,23.95,44.73,1012.34,318.1
5571.0,23.94,45.4,1012.57,319.1
5572.0,24.13,45.14,1012.43,322.9
5573.0,23.99,44.63,1012.37,318.9
5574.0,23.94,44.55,1012.51,319.9
5575.0,24.16,45.24,1012.36,315.7
5576.0,23.93,44.7,1012.32,319.5
5577.0,24.03,45.42,1012.61,320.4
5578.0,23.85,44.98,1012.33,316.8
5579.0,24.04,44.61,1012.54,320.9
5580.0,24.01,44.92,1012.36,324.3
5581.0,24.04,44.96,1012.36,319.6
5582.0,24.13,44.72,1012.1,317.9
5583.0,24.05,45.2,1012.48,318.8
5584.0,24.09,44.82,1012.09,320.4
5585.0,23.84,45.12,1012.42,320.7
5586.0,24.04,44.79,1012.46,323.3
5587.0,24.06,45.14,1012.12,319.5
5588.0,23.85,45.23,1012.47,321.5
5589.0,23.98,44.58,1012.52,317.4
5590.0,24.04,44.87,1012.4,322.9
5591.0,24.01,44.85,1012.46,319.3
5592.0,24.01,44.74,1012.56,322.5
5593.0,24.01,44.97,1011.96,326.2
5594.0,23.96,44.85,1012.17,320.2
5595.0,23.93,45.1,1012.1,322.9
5596.0,24.07,44.93,1012.66,321.7
5597.0,24.12,44.46,1012.33,319.1
5598.0,23.86,46.01,1012.66,317.4
5599.0,23.98,46.01,1012.46,320.8
5600.0,23.92,45.07,1012.35,321.0
5601.0,23.94,45.0,1012.35,322.6
5602.0,24.09,44.83,1012.75,321.9
5603.0,23.81,44.61,1012.5,318.1
5604.0,23.93,45.0,1012.16,315.5
5605.0,23.98,44.45,1012.34,316.2
5606.0,23.98,44.65,1012.38,317.6
5607.0,24.02,44.88,1012.48,319.6
5608.0,24.01,44.53,1012.24,321.3
5609.0,23.99,45.25,1012.35,325.6
5610.0,24.2,45.09,1012.52,323.4
5611.0,24.01,45.12,1012.48,316.2
5612.0,24.15,45.99,1012.7,318.4
5613.0,23.98,44.97,1012.31,320.3
5614.0,23.98,44.88,1012.44,319.5
5615.0,24.08,45.41,1012.52,317.7
5616.0,24.0,44.78,1012.47,320.4
5617.0,23.91,44.68,1012.38,321.1
5618.0,23.93,45.09,1012.35,316.3
5619.0,24.02,44.71,1012.21,317.5
5620.0,24.03,45.53,1012.54,318.8
5621.0,23.85,44.41,1012.49,321.6
5622.0,24.11,45.06,1012.6,321.5
5623.0,23.9,45.29,1012.46,320.7
5624.0,23.97,45.48,1012.42,323.3
5625.0,24.03,44.66,1012.49,322.6
5626.0,23.99,45.14,1012.35,320.5
5627.0,23.89,45.25,1012.42,322.0
5628.0,24.03,45.07,1012.21,317.7
5629.0,23.97,45.04,1012.44,323.0
5630.0,24.12,45.39,1012.34,317.1
5631.0,24.06,44.75,1012.63,316.2
5632.0,24.08,45.27,1012.7,321.3
5633.0,24.14,44.92,1012.68,318.8
5634.0,23.92,45.73,1012.52,319.1
5635.0,23.89,44.94,1012.66,318.3
5636.0,24.1,44.66,1012.7,315.4
5637.0,23.97,45.04,1012.53,319.0
5638.0,23.85,45.55,1012.32,320.0
5639.0,24.15,45.47,1012.23,321.1
5640.0,24.02,45.03,1012.24,318.4
5641.0,23.93,44.98,1012.35,319.5
5642.0,24.25,45.19,1012.47,322.6
5643.0,24.02,45.43,1012.37,322.3
5644.0,23.96,45.13,1012.22,324.3
5645.0,23.96,44.26,1012.6,319.5
5646.0,24.08,44.93,1012.29,318.3
5647.0,24.06,44.39,1012.62,321.0
5648.0,23.96,44.48,1012.18,317.7
5649.0,24.1,44.43,1012.52,321.0
5650.0,23.84,44.7,1012.38,315.1
5651.0,24.14,45.64,1012.33,319.5
5652.0,23.96,45.28,1012.32,319.2
5653.0,24.01,44.7,1012.49,317.6
5654.0,23.95,44.92,1012.48,318.0
5655.0,23.99,44.33,1012.09,323.6
5656.0,24.03,44.82,1012.31,319.5
5657.0,24.07,44.44,1012.44,323.2
5658.0,23.94,44.64,1012.12,323.1
5659.0,24.01,45.01,1012.53,327.5
5660.0,23.84,45.27,1012.27,321.5
5661.0,24.07,45.2,1012.74,317.5
5662.0,23.97,44.52,1012.29,324.6
5663.0,24.12,44.46,1012.49,321.0
5664.0,24.06,46.05,1012.1,319.4
5665.0,23.95,44.63,1012.51,318.7
5666.0,24.06,44.69,1012.26,321.9
5667.0,24.01,44.57,1012.37,319.5
5668.0,23.94,44.22,1012.23,312.5
5669.0,23.98,44.94,1012.65,320.0
5670.0,23.96,45.14,1012.27,317.6
5671.0,24.23,44.64,1012.39,324.3
5672.0,23.87,45.35,1012.4,324.7
5673.0,24.0,44.79,1012.54,320.8
5674.0,23.97,45.43,1012.47,320.6
5675.0,23.93,45.03,1012.21,319.0
5676.0,24.07,44.84,1012.44,322.4
5677.0,24.08,44.96,1012.34,313.3
5678.0,23.95,45.13,1012.44,318.8
5679.0,24.13,44.64,1012.1,318.6
5680.0,24.0,45.38,1012.39,321.3
5681.0,24.02,44.57,1012.6,321.2
5682.0,23.98,44.79,1012.48,319.4
5683.0,24.03,45.04,1012.27,319.4
5684.0,23.97,45.35,1012.44,320.2
5685.0,23.95,44.73,1012.37,317.6
5686.0,24.03,44.97,1012.48,322.0
5687.0,23.89,44.49,1012.29,325.2
5688.0,24.01,44.5,1012.49,316.8
5689.0,24.05,45.51,1012.4,321.1
5690.0,24.03,45.65,1012.24,322.5
5691.0,23.93,44.5,1012.36,320.6
5692.0,24.06,44.85,1012.46,319.7
5693.0,23.86,44.34,1012.55,317.6
5694.0,24.04,44.8,1012.63,319.1
5695.0,24.03,45.34,1012.53,318.7
5696.0,24.18,45.5,1012.36,324.0
5697.0,24.07,44.59,1012.32,318.9
5698.0,23.98,44.7,1012.57,320.3
5699.0,24.02,45.11,1012.3,325.2
5700.0,23.99,45.07,1012.33,319.4
5701.0,24.0,45.45,1012.43,321.1
5702.0,23.98,44.65,1012.3,318.8
5703.0,23.88,44.62,1012.29,317.1
5704.0,24.11,44.79,1012.29,326.1
5705.0,23.9,45.03,1012.33,323.7
5706.0,23.99,45.03,1012.46,318.6
5707.0,24.05,44.55,1012.08,319.3
5708.0,24.04,45.11,1012.73,320.5
5709.0,24.01,44.53,1012.39,322.9
5710.0,23.98,45.33,1012.23,324.2
5711.0,24.02,44.34,1012.37,323.4
5712.0,23.99,44.97,1012.46,317.3
5713.0,24.04,44.95,1012.18,317.0
5714.0,23.85,44.72,1012.32,320.5
5715.0,23.89,44.61,1012.49,317.3
5716.0,24.08,45.09,1012.47,319.3
5717.0,23.96,45.1,1012.23,322.5
5718.0,23.89,44.97,1012.46,315.6
5719.0,24.01,44.94,1012.18,314.8
5720.0,24.06,45.39,1012.63,317.6
5721.0,24.0,44.84,1012.18,316.1
5722.0,24.04,44.19,1012.54,322.2
5723.0,23.99,44.62,1012.31,320.7
5724.0,24.02,44.72,1012.13,326.7
5725.0,23.88,44.84,1012.5,319.9
5726.0,23.95,45.05,1012.29,324.3
5727.0,23.92,44.96,1012.28,314.4
5728.0,23.88,45.33,1012.65,322.1
5729.0,24.01,44.18,1011.97,318.5
5730.0,24.22,45.34,1012.85,316.7
5731.0,23.98,45.31,1012.57,323.8
5732.0,24.06,45.46,1012.39,319.0
5733.0,24.04,43.97,1012.29,321.7
5734.0,24.05,45.58,1012.37,323.6
5735.0,24.01,45.3,1012.16,318.6
5736.0,24.03,45.64,1012.27,321.4
5737.0,23.88,45.38,1012.26,318.0
5738.0,23.95,45.26,1012.38,312.6
5739.0,24.02,44.83,1012.22,321.6
5740.0,23.97,45.56,1012.47,316.9
5741.0,24.1,45.0,1012.47,320.5
5742.0,24.05,45.22,1012.34,321.0
5743.0,23.86,45.09,1012.35,321.6
5744.0,23.89,45.02,1012.1,319.3
5745.0,24.01,45.23,1012.53,322.5
5746.0,23.99,44.59,1012.68,322.8
5747.0,24.07,44.28,1012.17,318.2
5748.0,24.02,44.55,1012.46,316.2
5749.0,23.95,44.84,1012.37,323.4
5750.0,23.86,45.24,1012.35,324.4
5751.0,23.89,45.68,1012.33,319.6
5752.0,23.89,45.19,1012.42,315.7
5753.0,23.88,43.84,1012.51,320.4
5754.0,23.86,44.77,1012.54,322.8
5755.0,24.02,44.72,1012.5,321.4
5756.0,24.03,45.06,1012.26,318.7
5757.0,23.86,44.7,1012.2,317.8
5758.0,24.01,44.49,1012.24,316.7
5759.0,23.92,45.22,1012.16,320.3
5760.0,24.01,45.1,1012.48,312.7
5761.0,23.88,44.38,1012.37,324.3
5762.0,23.9,45.18,1012.2,324.7
5763.0,24.04,45.55,1012.41,322.3
5764.0,23.92,44.84,1012.6,321.9
5765.0,23.91,45.12,1012.54,320.1
5766.0,23.98,44.88,1012.5,317.8
5767.0,23.98,44.93,1012.34,320.0
5768.0,23.89,44.26,1012.42,321.0
5769.0,24.05,45.15,1012.25,320.8
5770.0,24.06,45.21,1012.46,316.6
5771.0,24.01,44.78,1012.5,314.3
5772.0,24.03,45.43,1012.45,316.0
5773.0,24.06,45.28,1012.3,316.3
5774.0,23.99,44.96,1012.53,322.8
5775.0,23.97,44.61,1012.29,320.6
5776.0,24.08,45.11,1012.48,318.9
5777.0,23.82,45.86,1012.22,320.8
5778.0,24.01,45.01,1012.29,317.8
5779.0,23.94,44.26,1012.13,320.0
5780.0,23.97,44.25,1012.26,315.0
5781.0,23.99,45.35,1012.39,320.1
5782.0,23.97,45.16,1012.47,320.3
5783.0,24.21,45.4,1012.48,319.3
5784.0,23.95,44.27,1012.44,316.6
5785.0,24.14,45.8,1012.17,320.1
5786.0,23.97,45.01,1012.36,321.2
5787.0,24.02,44.97,1012.41,317.2
5788.0,23.84,45.02,1012.19,321.3
5789.0,24.11,44.77,1012.29,315.4
5790.0,24.0,44.16,1012.08,321.3
5791.0,24.18,45.52,1012.53,326.1
5792.0,23.93,44.95,1012.25,316.6
5793.0,24.02,45.34,1012.62,321.7
5794.0,24.07,44.77,1012.62,320.4
5795.0,23.91,45.38,1012.5,319.5
5796.0,23.97,44.52,1012.29,321.1
5797.0,24.07,44.77,1012.56,317.1
5798.0,24.0,44.73,1012.4,317.8
5799.0,23.86,44.96,1012.4,316.2
5800.0,24.01,45.06,1012.37,324.6
5801.0,24.24,44.67,1012.47,317.3
5802.0,23.89,44.92,1012.22,322.9
5803.0,24.06,45.48,1012.37,317.8
5804.0,23.89,45.38,1012.43,322.5
5805.0,24.1,44.82,1012.19,316.9
5806.0,24.01,45.02,1012.22,320.5
5807.0,23.92,45.79,1012.45,318.9
5808.0,23.9,45.17,1012.61,317.9
5809.0,24.11,44.54,1012.5,324.7
5810.0,24.1,45.19,1012.2,320.4
5811.0,23.92,45.45,1012.51,320.2
5812.0,23.98,45.01,1012.73,315.3
5813.0,24.04,45.78,1012.55,315.6
5814.0,23.96,44.84,1012.84,322.3
5815.0,24.09,44.38,1012.46,319.6
5816.0,23.91,44.79,1012.39,319.8
5817.0,23.99,44.68,1012.56,321.6
5818.0,24.11,44.37,1012.41,322.7
5819.0,23.97,45.32,1012.23,324.2
5820.0,24.09,45.32,1012.13,321.6
5821.0,23.91,44.51,1012.66,318.8
5822.0,24.16,44.91,1012.3,323.6
5823.0,24.06,45.2,1012.31,320.5
5824.0,23.88,44.63,1012.34,318.0
5825.0,23.94,45.01,1012.07,318.4
5826.0,24.07,45.23,1012.25,320.8
5827.0,23.94,45.13,1012.46,318.7
5828.0,24.0,44.88,1012.25,324.7
5829.0,23.96,45.09,1012.63,318.8
5830.0,23.99,44.89,1012.54,317.7
5831.0,23.87,45.23,1012.35,321.8
5832.0,24.07,44.67,1012.41,319.9
5833.0,24.07,44.28,1012.12,318.9
5834.0,23.97,45.04,1012.44,317.6
5835.0,23.95,44.62,1012.47,320.5
5836.0,24.14,44.33,1012.28,313.5
5837.0,23.94,45.39,1012.41,316.0
5838.0,24.08,44.21,1012.51,322.8
5839.0,23.99,45.08,1012.54,319.2
5840.0,24.13,43.71,1012.35,322.0
5841.0,24.03,44.46,1012.42,317.6
5842.0,24.04,45.08,1012.29,318.8
5843.0,23.97,44.76,1012.4,321.2
5844.0,23.94,44.27,1012.37,318.2
5845.0,24.07,45.09,1012.32,321.9
5846.0,23.88,45.84,1012.19,320.1
5847.0,24.15,44.87,1012.36,323.0
5848.0,23.91,44.44,1012.25,320.2
5849.0,23.87,45.02,1012.27,316.8
5850.0,24.13,45.4,1012.45,318.6
5851.0,24.13,45.13,1012.38,319.5
5852.0,23.98,44.99,1012.28,318.0
5853.0,24.01,44.78,1012.24,320.4
5854.0,24.07,45.07,1012.5,317.5
5855.0,23.96,44.77,1012.61,320.7
5856.0,24.06,44.39,1012.48,323.9
5857.0,24.04,44.99,1012.36,325.4
5858.0,23.95,44.99,1012.36,320.4
5859.0,24.03,44.74,1012.29,316.6
5860.0,23.95,44.09,1012.61,313.5
5861.0,23.99,44.6,1012.31,320.2
5862.0,23.91,45.14,1012.32,319.0
5863.0,24.02,45.17,1012.66,325.7
5864.0,23.96,45.77,1012.3,322.6
5865.0,23.98,44.73,1012.36,316.8
5866.0,23.88,45.04,1012.42,318.6
5867.0,24.08,44.89,1012.44,322.0
5868.0,24.0,44.44,1012.36,316.9
5869.0,23.88,44.99,1012.41,322.0
5870.0,24.0,45.69,1012.53,320.2
5871.0,23.99,44.39,1012.55,325.3
5872.0,23.95,44.49,1012.44,319.0
5873.0,23.98,45.47,1012.16,316.3
5874.0,24.11,45.05,1012.39,315.8
5875.0,23.94,44.6,1012.53,318.5
5876.0,23.91,45.14,1012.27,324.6
5877.0,23.92,45.22,1012.37,318.5
5878.0,24.11,45.03,1012.57,318.6
5879.0,24.03,43.99,1012.38,319.0
5880.0,23.84,44.69,1012.16,320.8
5881.0,24.01,45.25,1012.3,314.0
5882.0,24.07,45.01,1012.63,316.9
5883.0,23.94,45.37,1012.6,322.0
5884.0,23.98,44.91,1012.25,318.7
5885.0,23.99,45.28,1012.51,325.3
5886.0,24.08,44.89,1012.33,319.8
5887.0,24.03,45.48,1012.37,315.8
5888.0,23.93,44.68,1012.32,317.4
5889.0,24.03,44.94,1012.49,315.9
5890.0,23.96,45.17,1012.58,318.1
5891.0,24.0,45.11,1012.22,321.0
5892.0,24.06,44.8,1012.27,324.3
5893.0,23.91,45.53,1012.41,323.7
5894.0,24.0,45.63,1012.41,322.5
5895.0,24.05,45.27,1012.28,316.6
5896.0,24.11,44.7,1012.26,316.3
5897.0,23.92,45.09,1012.49,318.4
5898.0,24.16,45.06,1012.54,321.1
5899.0,23.87,45.21,1012.61,317.6
5900.0,23.93,45.01,1012.31,320.0
5901.0,24.0,44.62,1012.32,319.9
5902.0,24.03,45.08,1012.42,322.8
5903.0,23.92,44.18,1012.29,319.0
5904.0,23.87,44.54,1012.3,323.7
5905.0,23.91,45.0,1012.37,321.5
5906.0,24.02,44.7,1012.42,324.9
5907.0,24.05,45.38,1012.83,319.2
5908.0,24.13,44.83,1012.25,314.3
5909.0,23.88,45.47,1012.33,323.1
5910.0,23.93,45.32,1012.26,317.1
5911.0,24.17,44.94,1012.25,313.8
5912.0,24.03,45.1,1012.61,320.4
5913.0,24.01,44.5,1012.5,323.8
5914.0,24.01,44.77,1012.52,325.8
5915.0,24.02,45.22,1012.42,318.6
5916.0,24.0,45.54,1012.52,320.3
5917.0,24.07,44.78,1012.66,319.7
5918.0,24.1,44.93,1012.36,316.6
5919.0,23.97,44.69,1012.4,320.3
5920.0,24.07,44.69,1012.26,318.1
5921.0,24.16,44.72,1012.51,323.5
5922.0,24.11,44.96,1012.36,322.3
5923.0,24.0,44.58,1012.43,319.9
5924.0,24.04,45.23,1012.27,319.5
5925.0,23.97,44.49,1012.56,323.3
5926.0,24.14,44.93,1012.29,323.3
5927.0,23.97,44.89,1012.36,320.4
5928.0,24.11,45.07,1012.46,322.3
5929.0,24.02,45.22,1012.4,318.9
5930.0,23.96,44.77,1012.29,318.4
5931.0,23.98,45.29,1012.32,318.5
5932.0,23.99,44.72,1012.39,324.8
5933.0,24.06,45.81,1012.4,322.3
5934.0,23.92,44.42,1012.55,322.8
5935.0,23.99,44.42,1012.21,329.9
5936.0,23.98,44.92,1012.54,320.9
5937.0,23.98,44.77,1012.3,322.6
5938.0,23.99,45.1,1012.32,318.7
5939.0,23.91,45.19,1012.6,326.3
5940.0,24.0,44.85,1012.47,320.4
5941.0,23.94,44.51,1012.4,321.1
5942.0,23.83,45.2,1012.21,317.4
5943.0,23.84,45.57,1012.35,320.9
5944.0,23.9,45.11,1012.65,319.2
5945.0,24.03,45.15,1012.17,321.9
5946.0,23.96,45.01,1012.36,317.8
5947.0,24.0,44.52,1012.16,325.1
5948.0,23.96,45.08,1012.24,316.9
5949.0,24.02,44.77,1012.6,322.9
5950.0,24.14,45.26,1012.32,319.4
5951.0,24.12,45.08,1012.49,316.1
5952.0,23.83,45.42,1012.66,319.4
5953.0,24.11,44.49,1012.3,319.7
5954.0,23.84,45.04,1012.39,318.0
5955.0,24.01,45.25,1012.19,314.6
5956.0,23.98,45.71,1012.65,320.8
5957.0,24.01,45.25,1012.4,320.7
5958.0,23.98,44.23,1012.47,317.7
5959.0,24.02,44.81,1012.53,316.6
5960.0,23.98,45.6,1012.34,325.1
5961.0,23.97,45.1,1012.58,313.5
5962.0,24.02,46.07,1012.46,320.9
5963.0,23.95,43.84,1012.42,318.1
5964.0,23.95,44.8,1012.35,321.0
5965.0,23.89,45.26,1012.13,325.4
5966.0,23.96,44.88,1012.43,320.0
5967.0,24.0,45.29,1012.38,318.5
5968.0,23.93,44.15,1012.64,317.9
5969.0,23.93,45.09,1012.35,320.7
5970.0,24.02,44.72,1012.54,320.8
5971.0,24.1,45.14,1012.32,318.2
5972.0,23.88,44.68,1012.29,326.7
5973.0,24.02,44.94,1012.47,322.1
5974.0,24.0,45.41,1012.14,319.5
5975.0,24.05,44.49,1012.34,318.1
5976.0,23.86,44.61,1012.65,316.6
5977.0,24.09,44.7,1012.45,321.1
5978.0,23.94,45.51,1012.33,317.9
5979.0,24.02,44.42,1012.47,317.4
5980.0,24.02,45.49,1012.43,317.9
5981.0,23.97,45.03,1012.44,319.1
5982.0,24.03,44.9,1012.56,322.4
5983.0,23.97,44.64,1012.33,318.9
5984.0,23.97,44.74,1012.35,325.0
5985.0,24.06,44.86,1012.3,318.6
5986.0,23.95,45.03,1012.23,317.7
5987.0,24.03,44.4,1012.67,320.5
5988.0,23.91,44.33,1012.36,316.5
5989.0,24.03,44.78,1012.25,319.6
5990.0,23.91,45.85,1012.57,321.6
5991.0,24.06,45.31,1012.37,319.0
5992.0,24.07,45.3,1012.72,318.7
5993.0,24.07,44.98,1012.46,320.9
5994.0,23.89,45.23,1012.27,319.3
5995.0,24.12,44.78,1012.38,322.9
5996.0,24.09,44.74,1012.48,315.9
5997.0,24.04,44.54,1012.11,321.8
5998.0,23.95,44.84,1012.5,320.3
5999.0,23.92,45.04,1012.63,322.6
6000.0,24.01,44.09,1012.6,316.6
6001.0,23.9,44.84,1012.63,325.9
6002.0,24.01,45.14,1012.14,322.6
6003.0,23.91,45.32,1012.34,317.0
6004.0,24.0,44.65,1012.54,315.9
6005.0,23.93,44.79,1012.28,317.2
6006.0,23.9,45.58,1012.45,319.8
6007.0,24.08,44.87,1012.53,322.3
6008.0,23.94,44.61,1012.34,323.0
6009.0,24.03,45.39,1012.49,314.7
6010.0,24.03,45.24,1012.28,322.4
6011.0,24.1,45.02,1012.38,315.8
6012.0,24.11,45.26,1012.38,320.0
6013.0,24.01,45.07,1012.69,316.3
6014.0,23.97,45.05,1012.25,319.3
6015.0,24.11,44.12,1012.35,323.7
6016.0,24.04,45.05,1012.51,320.8
6017.0,23.88,45.56,1012.68,325.7
6018.0,24.05,43.81,1012.49,315.4
6019.0,23.91,44.73,1012.49,321.6
6020.0,24.22,45.69,1012.19,324.2
6021.0,23.98,45.3,1012.38,316.0
6022.0,24.03,43.71,1012.32,321.3
6023.0,23.96,45.15,1012.58,316.4
6024.0,23.92,44.6,1012.46,324.4
6025.0,23.95,44.95,1012.27,321.7
6026.0,23.96,45.92,1012.41,317.5
6027.0,24.12,45.29,1012.44,319.3
6028.0,23.88,44.62,1012.44,325.4
6029.0,24.1,44.98,1012.33,319.2
6030.0,24.06,44.65,1012.71,318.3
6031.0,24.01,44.97,1012.67,325.1
6032.0,23.92,44.62,1012.62,317.9
6033.0,24.09,44.73,1012.5,324.4
6034.0,23.97,45.63,1012.31,315.2
6035.0,23.92,45.34,1012.59,322.2
6036.0,24.06,45.04,1012.2,317.1
6037.0,23.86,44.94,1012.24,320.4
6038.0,24.04,45.36,1012.55,322.3
6039.0,24.16,45.08,1012.6,320.1
6040.0,23.93,44.59,1012.36,317.0
6041.0,24.0,45.3,1012.77,319.5
6042.0,24.04,45.28,1012.17,321.6
6043.0,23.98,45.2,1012.73,322.6
6044.0,24.08,45.73,1012.46,319.0
6045.0,23.87,45.18,1012.39,322.1
6046.0,24.06,45.53,1012.36,322.8
6047.0,23.89,45.25,1012.47,318.7
6048.0,23.97,45.12,1012.4,318.0
6049.0,23.97,44.93,1012.39,321.2
6050.0,23.93,44.96,1012.59,318.5
6051.0,24.02,44.97,1012.31,321.2
6052.0,24.13,44.68,1012.62,319.4
6053.0,23.97,45.43,1012.3,319.0
6054.0,23.97,45.97,1012.55,318.4
6055.0,23.95,45.25,1012.34,320.0
6056.0,24.07,44.34,1012.43,323.5
6057.0,23.96,44.58,1012.24,319.9
6058.0,23.95,45.24,1012.41,319.4
6059.0,23.86,45.43,1012.23,319.5
6060.0,23.9,45.25,1012.73,323.5
6061.0,24.15,44.5,1012.23,320.0
6062.0,24.02,44.65,1012.35,319.9
6063.0,24.0,44.92,1012.45,318.7
6064.0,23.86,44.71,1012.33,323.1
6065.0,24.03,45.05,1012.4,316.8
6066.0,24.07,45.43,1012.65,319.3
6067.0,24.12,44.14,1012.47,323.3
6068.0,23.92,45.27,1012.31,322.7
6069.0,23.87,45.37,1012.29,320.8
6070.0,23.86,45.34,1012.4,324.6
6071.0,24.09,44.82,1012.53,318.0
6072.0,23.96,44.42,1012.37,325.1
6073.0,24.03,44.85,1012.42,320.0
6074.0,24.01,45.15,1012.48,325.5
6075.0,24.0,45.3,1012.55,321.0
6076.0,23.99,44.24,1012.17,324.1
6077.0,23.99,44.73,1012.29,322.3
6078.0,23.98,45.11,1012.09,320.9
6079.0,23.77,44.76,1012.27,317.7
6080.0,23.96,44.35,1012.54,321.4
6081.0,24.0,44.52,1012.61,321.9
6082.0,24.13,45.56,1012.35,321.8
6083.0,24.04,44.78,1012.26,319.8
6084.0,23.93,45.03,1012.34,314.7
6085.0,24.03,45.19,1012.39,319.9
6086.0,24.01,46.01,1012.74,322.4
6087.0,23.94,45.44,1012.52,321.3
6088.0,23.94,45.12,1012.31,318.9
6089.0,24.14,44.1,1012.07,322.9
6090.0,23.94,45.2,1012.45,320.8
6091.0,24.0,45.75,1012.42,322.1
6092.0,24.01,45.48,1012.42,316.3
6093.0,23.93,45.95,1012.47,316.4
6094.0,23.98,44.77,1012.49,320.3
6095.0,24.0,44.64,1012.22,325.6
6096.0,23.96,44.68,1012.48,329.6
6097.0,23.99,45.33,1012.51,320.4
6098.0,23.99,45.15,1012.55,322.8
6099.0,24.01,44.76,1012.37,321.4
6100.0,24.1,44.32,1012.38,321.7
6101.0,24.06,46.17,1012.48,318.6
6102.0,24.11,44.38,1012.19,321.2
6103.0,24.08,45.0,1012.63,320.4
6104.0,23.88,44.78,1012.39,321.4
6105.0,24.08,44.78,1012.4,316.8
6106.0,23.89,44.9,1012.33,320.5
6107.0,24.08,44.86,1012.53,322.0
6108.0,24.16,45.27,1012.23,319.9
6109.0,23.91,44.98,1012.62,319.3
6110.0,23.92,44.96,1012.67,321.2
6111.0,23.97,45.0,1012.31,318.8
6112.0,23.84,45.05,1012.41,320.2
6113.0,23.95,44.88,1012.43,313.9
6114.0,24.01,44.89,1012.5,318.4
6115.0,23.96,45.24,1012.37,318.0
6116.0,23.98,44.61,1012.52,320.6
6117.0,23.93,45.0,1012.4,319.8
6118.0,23.97,45.62,1012.46,319.5
6119.0,24.11,45.65,1012.46,315.8
6120.0,23.92,45.43,1012.44,315.1
6121.0,24.02,45.37,1012.24,325.7
6122.0,24.0,45.03,1012.46,319.6
6123.0,23.96,44.23,1012.48,318.5
6124.0,24.13,45.48,1012.47,318.9
6125.0,23.93,45.19,1012.44,320.4
6126.0,24.01,44.61,1012.36,321.7
6127.0,23.9,44.56,1012.28,314.3
6128.0,23.99,45.43,1012.32,314.9
6129.0,23.98,45.27,1012.51,326.8
6130.0,23.98,45.29,1012.49,321.3
6131.0,24.11,44.25,1012.59,321.4
6132.0,23.99,44.88,1012.54,316.5
6133.0,24.02,45.46,1012.58,323.5
6134.0,23.99,45.61,1012.56,322.8
6135.0,24.02,44.62,1012.42,323.8
6136.0,24.04,44.86,1012.51,317.9
6137.0,23.97,44.83,1012.25,320.0
6138.0,24.1,45.39,1012.48,326.5
6139.0,24.07,45.34,1012.3,324.4
6140.0,24.16,44.84,1012.4,315.2
6141.0,24.02,44.9,1012.27,320.7
6142.0,23.99,45.14,1012.2,318.0
6143.0,24.05,45.06,1012.37,318.6
6144.0,24.03,44.9,1012.38,323.5
6145.0,23.94,44.82,1012.56,321.4
6146.0,23.84,45.37,1012.37,320.7
6147.0,23.9,45.25,1012.49,322.7
6148.0,24.01,44.55,1012.57,319.2
6149.0,24.03,44.25,1012.51,324.8
6150.0,24.11,44.67,1012.49,321.6
6151.0,24.01,45.38,1012.21,318.4
6152.0,24.04,44.45,1012.59,319.2
6153.0,24.01,45.39,1012.38,323.1
6154.0,24.06,44.11,1012.35,319.0
6155.0,23.99,44.74,1012.57,318.9
6156.0,24.09,45.41,1012.41,318.0
6157.0,23.96,45.47,1012.37,319.3
6158.0,23.97,44.83,1012.39,321.5
6159.0,24.04,45.43,1012.52,319.1
6160.0,24.02,44.52,1012.41,322.7
6161.0,24.03,44.82,1012.34,318.8
6162.0,24.01,44.76,1012.53,318.7
6163.0,23.91,45.12,1012.47,317.1
6164.0,24.0,45.23,1012.43,325.5
6165.0,23.92,44.93,1012.33,320.4
6166.0,23.94,44.67,1012.35,320.8
6167.0,23.99,45.05,1012.32,323.9
6168.0,24.0,46.06,1012.3,325.7
6169.0,24.08,44.92,1012.23,323.1
6170.0,23.94,44.71,1012.57,314.4
6171.0,23.99,44.84,1012.34,318.4
6172.0,23.86,43.99,1012.36,319.0
6173.0,24.04,44.63,1012.6,318.1
6174.0,23.91,45.02,1012.36,323.9
6175.0,24.01,45.07,1012.67,315.9
6176.0,23.94,44.73,1012.46,322.9
6177.0,24.08,45.31,1012.6,317.5
6178.0,23.94,45.28,1012.44,320.8
6179.0,23.97,45.65,1012.08,327.1
6180.0,24.04,45.12,1012.5,319.5
6181.0,23.93,45.82,1012.41,320.4
6182.0,24.01,45.11,1012.35,315.8
6183.0,23.98,45.07,1012.37,315.0
6184.0,24.02,44.94,1012.79,320.4
6185.0,23.92,45.14,1012.63,319.8
6186.0,24.03,45.5,1012.42,316.1
6187.0,23.94,45.45,1012.34,314.4
6188.0,23.98,45.65,1012.32,321.3
6189.0,24.03,45.23,1012.47,326.2
6190.0,24.02,44.64,1012.78,312.5
6191.0,24.1,45.4,1012.4,317.0
6192.0,24.04,44.74,1012.45,322.9
6193.0,24.02,44.39,1012.2,320.9
6194.0,24.02,45.04,1012.22,321.6
6195.0,24.01,45.75,1012.58,318.9
6196.0,24.04,44.84,1012.47,320.6
6197.0,24.1,45.22,1012.5,317.6
6198.0,23.98,45.74,1012.44,317.5
6199.0,24.0,44.86,1012.45,316.5
6200.0,24.02,45.0,1012.55,317.6
6201.0,23.9,45.36,1012.44,316.3
6202.0,24.13,45.59,1012.37,312.9
6203.0,24.03,45.5,1012.51,319.0
6204.0,23.84,44.92,1012.16,318.6
6205.0,23.99,45.22,1012.49,313.8
6206.0,24.01,44.82,1012.56,316.5
6207.0,23.98,45.94,1012.33,324.2
6208.0,23.91,44.41,1012.48,318.8
6209.0,23.97,45.5,1012.37,319.0
6210.0,23.93,44.88,1012.32,315.7
6211.0,24.0,44.58,1012.18,316.8
6212.0,23.92,44.93,1012.39,319.7
6213.0,24.02,44.68,1012.58,319.5
6214.0,24.02,45.29,1012.33,320.1
6215.0,23.95,44.65,1012.42,321.5
6216.0,23.99,44.58,1012.34,324.3
6217.0,24.08,45.44,1012.6,322.5
6218.0,23.93,44.76,1012.05,322.3
6219.0,24.02,44.99,1012.38,328.0
6220.0,23.87,44.72,1012.61,319.4
6221.0,24.01,45.84,1012.51,325.4
6222.0,24.06,44.63,1012.3,321.4
6223.0,24.02,45.1,1012.6,318.5
6224.0,23.89,45.35,1012.38,317.0
6225.0,24.05,44.66,1012.23,322.6
6226.0,24.1,44.99,1012.09,318.9
6227.0,23.94,44.5,1012.62,322.9
6228.0,24.08,44.75,1012.58,317.9
6229.0,23.9,44.99,1012.46,325.2
6230.0,24.04,45.13,1012.51,322.7
6231.0,24.02,45.3,1012.12,323.6
6232.0,24.02,44.94,1012.34,322.0
6233.0,23.87,44.34,1012.28,317.7
6234.0,23.94,45.37,1012.28,325.0
6235.0,23.94,44.95,1012.55,323.7
6236.0,23.98,45.04,1012.28,323.1
6237.0,23.9,45.52,1012.39,321.6
6238.0,23.92,44.83,1012.5,316.9
6239.0,24.09,45.71,1012.13,315.8
6240.0,23.95,44.78,1012.6,320.2
6241.0,24.0,44.98,1012.36,317.0
6242.0,24.07,44.58,1012.52,321.3
6243.0,23.99,45.45,1012.44,321.4
6244.0,24.08,45.02,1012.29,324.2
6245.0,23.99,45.35,1012.22,318.1
6246.0,23.99,45.71,1012.65,320.2
6247.0,23.95,44.66,1012.42,315.9
6248.0,23.89,44.6,1012.52,320.8
6249.0,23.94,44.85,1012.39,321.5
6250.0,24.02,44.94,1012.3,321.5
6251.0,23.95,45.11,1012.29,315.8
6252.0,23.98,45.24,1012.37,321.0
6253.0,23.87,44.97,1012.26,320.5
6254.0,24.0,44.13,1012.14,322.2
6255.0,23.92,44.69,1012.29,325.2
6256.0,23.98,45.26,1012.16,318.7
6257.0,24.15,45.43,1012.43,318.7
6258.0,23.96,45.14,1012.37,316.8
6259.0,24.12,45.16,1012.16,319.4
6260.0,24.01,45.15,1012.35,317.2
6261.0,23.97,44.67,1012.45,323.7
6262.0,23.86,44.43,1012.33,319.1
6263.0,23.96,45.03,1012.32,320.6
6264.0,23.93,44.75,1012.34,319.1
6265.0,24.0,45.21,1012.67,320.5
6266.0,24.03,45.5,1012.28,319.9
6267.0,24.06,45.01,1012.51,317.0
6268.0,23.98,45.07,1012.16,320.4
6269.0,24.05,44.5,1012.37,317.3
6270.0,24.04,44.52,1012.24,318.3
6271.0,24.0,45.43,1012.31,318.5
6272.0,24.04,44.83,1012.2,320.5
6273.0,23.83,45.25,1012.34,323.1
6274.0,23.92,45.41,1012.18,318.1
6275.0,23.99,44.42,1012.3,319.6
6276.0,23.98,44.97,1012.36,315.0
6277.0,23.83,45.27,1012.26,317.3
6278.0,23.84,44.86,1012.4,315.8
6279.0,24.07,44.92,1012.43,323.7
6280.0,23.98,45.58,1012.61,322.3
6281.0,24.06,45.06,1012.37,319.0
6282.0,24.04,44.64,1012.46,315.8
6283.0,24.0,45.19,1012.19,324.7
6284.0,23.96,45.5,1012.42,313.9
6285.0,23.9,45.23,1012.22,313.7
6286.0,23.99,44.93,1012.35,317.4
6287.0,23.96,44.89,1012.21,316.3
6288.0,23.91,44.83,1012.57,320.2
6289.0,24.12,45.07,1012.37,317.2
6290.0,24.13,44.4,1012.19,319.7
6291.0,23.97,45.53,1012.28,318.9
6292.0,23.92,45.07,1012.63,319.7
6293.0,23.75,44.75,1012.29,325.8
6294.0,24.01,44.86,1012.78,317.8
6295.0,24.03,44.8,1012.63,322.5
6296.0,23.94,44.93,1012.39,317.7
6297.0,23.92,45.31,1012.35,317.8
6298.0,23.99,44.9,1012.47,323.2
6299.0,23.94,44.83,1012.29,316.9
6300.0,24.06,45.18,1012.44,321.6
6301.0,23.91,45.21,1012.26,320.2
6302.0,23.94,45.04,1011.88,322.1
6303.0,23.88,45.0,1012.25,319.4
6304.0,23.9,45.21,1012.64,314.5
6305.0,24.06,44.78,1012.31,319.1
6306.0,23.98,44.93,1012.51,322.2
6307.0,24.02,45.22,1012.69,320.9
6308.0,24.0,45.0,1012.49,323.0
6309.0,24.01,45.51,1012.66,321.8
6310.0,24.03,44.77,1012.54,320.9
6311.0,24.12,43.62,1012.21,316.1
6312.0,23.86,45.21,1012.51,324.8
6313.0,23.88,44.79,1012.48,321.3
6314.0,23.96,45.35,1012.52,320.3
6315.0,24.04,45.18,1012.2,320.6
6316.0,24.06,45.02,1012.32,313.4
6317.0,23.95,45.61,1012.29,321.8
6318.0,23.98,44.95,1012.26,321.3
6319.0,23.9,45.6,1012.6,318.7
6320.0,23.95,45.14,1012.58,318.5
6321.0,23.99,44.83,1012.27,323.9
6322.0,24.03,44.33,1012.04,320.7
6323.0,24.04,44.76,1012.46,319.5
6324.0,23.96,45.59,1012.2,316.0
6325.0,23.91,44.89,1012.47,315.0
6326.0,24.07,44.84,1012.41,311.2
6327.0,23.96,45.05,1012.39,325.1
6328.0,23.99,44.91,1012.3,320.3
6329.0,24.01,45.23,1012.37,324.0
6330.0,24.07,45.14,1012.2,318.5
6331.0,23.98,45.07,1012.42,319.2
6332.0,23.92,45.06,1012.26,322.6
6333.0,23.99,44.88,1012.08,322.2
6334.0,24.08,44.4,1012.44,316.6
6335.0,24.0,45.36,1012.35,322.9
6336.0,23.93,45.19,1012.33,318.8
6337.0,23.99,44.73,1012.41,317.7
6338.0,23.83,44.26,1012.27,323.8
6339.0,24.09,44.59,1012.31,320.8
6340.0,24.07,44.67,1012.71,310.5
6341.0,24.03,45.45,1012.57,316.2
6342.0,23.97,45.12,1012.4,319.6
6343.0,23.95,45.72,1012.01,315.6
6344.0,24.16,45.72,1012.67,328.5
6345.0,24.0,45.7,1012.08,319.7
6346.0,23.88,44.72,1012.6,317.7
6347.0,24.05,45.3,1012.57,321.2
6348.0,23.84,44.84,1012.13,317.9
6349.0,24.03,45.6,1012.53,316.2
6350.0,23.94,44.4,1012.69,317.9
6351.0,23.97,45.5,1012.43,321.8
6352.0,23.98,44.34,1012.23,319.0
6353.0,23.98,45.46,1012.46,317.9
6354.0,23.97,44.96,1012.44,323.3
6355.0,23.85,44.88,1012.51,315.1
6356.0,24.14,45.18,1012.34,320.3
6357.0,24.0,44.77,1012.11,317.5
6358.0,24.14,45.04,1012.76,318.2
6359.0,24.04,44.87,1012.52,322.0
6360.0,24.04,45.2,1012.36,323.1
6361.0,24.03,45.43,1012.4,319.0
6362.0,24.25,44.98,1012.18,315.7
6363.0,23.91,45.3,1012.35,320.7
6364.0,23.87,45.31,1012.48,320.8
6365.0,23.92,44.78,1012.29,318.0
6366.0,23.94,44.99,1012.58,316.0
6367.0,23.78,45.03,1012.4,323.7
6368.0,23.94,44.66,1012.61,319.4
6369.0,24.02,45.51,1012.58,321.8
6370.0,23.99,45.27,1012.01,323.7
6371.0,23.94,44.46,1012.34,322.6
6372.0,23.97,44.91,1012.49,318.1
6373.0,23.98,45.37,1012.19,323.6
6374.0,23.86,45.38,1012.56,318.3
6375.0,24.04,44.83,1012.51,319.7
6376.0,24.08,44.96,1012.25,323.1
6377.0,23.91,44.91,1012.3,317.8
6378.0,23.96,45.28,1012.48,317.1
6379.0,24.02,45.41,1012.65,320.9
6380.0,23.98,45.12,1012.43,318.3
6381.0,24.0,45.02,1012.45,324.2
6382.0,24.15,44.57,1012.52,322.5
6383.0,24.03,45.23,1012.31,317.0
6384.0,23.98,44.32,1012.51,324.1
6385.0,24.07,44.76,1012.29,321.2
6386.0,23.84,45.31,1012.3,321.1
6387.0,23.95,45.02,1012.46,319.1
6388.0,24.01,44.85,1012.71,321.0
6389.0,24.03,45.08,1012.5,318.6
6390.0,24.08,45.62,1012.54,318.8
6391.0,23.92,44.97,1012.23,318.5
6392.0,24.03,44.9,1012.63,320.8
6393.0,23.92,45.29,1012.22,319.9
6394.0,24.04,45.02,1012.26,322.5
6395.0,24.0,44.65,1012.52,318.9
6396.0,24.02,45.21,1012.6,316.4
6397.0,24.0,45.41,1012.61,325.3
6398.0,24.03,44.29,1012.36,316.8
6399.0,24.07,44.88,1012.36,316.6
6400.0,24.06,45.72,1012.17,318.1
6401.0,23.87,45.6,1012.17,322.6
6402.0,24.05,45.34,1012.59,321.7
6403.0,24.16,45.55,1012.37,321.0
6404.0,23.83,45.42,1012.48,317.5
6405.0,24.0,45.13,1012.28,323.0
6406.0,23.88,44.81,1012.39,318.1
6407.0,24.04,45.48,1012.26,316.7
6408.0,23.95,45.85,1012.2,319.4
6409.0,24.03,44.81,1012.38,322.3
6410.0,23.98,44.86,1012.47,319.4
6411.0,23.84,45.01,1012.38,321.4
6412.0,24.03,44.15,1012.36,319.6
6413.0,23.99,44.74,1012.55,319.2
6414.0,23.86,45.54,1012.18,318.5
6415.0,24.06,45.22,1012.34,318.2
6416.0,23.89,44.78,1012.45,321.3
6417.0,24.11,44.71,1012.34,317.9
6418.0,24.08,44.77,1012.53,321.9
6419.0,23.95,45.13,1012.39,319.8
6420.0,23.98,44.41,1012.47,322.2
6421.0,23.98,45.01,1012.39,322.6
6422.0,23.92,45.84,1012.57,324.5
6423.0,24.03,45.24,1012.63,318.6
6424.0,24.16,45.08,1012.5,318.8
6425.0,23.91,44.08,1012.57,325.1
6426.0,24.03,44.91,1012.43,321.3
6427.0,23.94,45.29,1012.37,318.3
6428.0,23.88,45.54,1012.32,314.7
6429.0,24.03,45.13,1012.33,317.9
6430.0,24.03,45.36,1012.46,321.1
6431.0,23.96,44.72,1012.43,321.1
6432.0,23.81,44.9,1012.19,323.0
6433.0,23.94,45.12,1012.27,316.0
6434.0,24.12,45.12,1012.59,317.6
6435.0,23.96,44.55,1012.48,321.2
6436.0,24.2,44.7,1012.7,317.0
6437.0,23.96,44.98,1012.08,323.1
6438.0,24.1,45.0,1012.33,320.6
6439.0,24.07,44.88,1012.51,321.2
6440.0,24.06,44.77,1012.46,320.7
6441.0,24.01,45.01,1012.45,321.1
6442.0,23.96,45.19,1012.42,323.4
6443.0,24.02,45.29,1012.35,321.7
6444.0,24.11,45.0,1012.51,320.2
6445.0,23.95,45.01,1012.42,326.2
6446.0,24.01,45.02,1012.23,324.1
6447.0,24.05,44.58,1012.19,318.4
6448.0,24.09,44.41,1012.68,320.7
6449.0,23.97,45.32,1012.38,320.6
6450.0,23.94,44.48,1012.44,318.4
6451.0,24.05,45.68,1012.41,320.1
6452.0,24.11,44.7,1012.38,323.9
6453.0,23.96,44.31,1012.63,318.6
6454.0,23.97,44.96,1012.34,319.2
6455.0,23.94,45.45,1012.33,319.2
6456.0,23.93,44.98,1012.2,322.7
6457.0,24.01,44.75,1012.4,326.9
6458.0,23.78,44.63,1012.49,320.2
6459.0,24.02,44.99,1012.3,321.6
6460.0,23.96,44.82,1012.32,322.7
6461.0,24.11,44.87,1012.43,319.1
6462.0,23.99,44.97,1012.36,324.9
6463.0,23.95,45.23,1012.63,316.8
6464.0,23.93,44.77,1012.43,323.3
6465.0,24.05,45.14,1012.44,322.1
6466.0,23.87,44.96,1012.64,322.8
6467.0,24.02,45.18,1012.41,319.3
6468.0,24.06,45.3,1012.63,321.1
6469.0,23.87,45.43,1012.32,313.8
6470.0,24.11,44.59,1012.36,316.4
6471.0,24.01,44.88,1012.15,320.8
6472.0,24.04,45.44,1012.48,321.8
6473.0,24.03,44.98,1012.48,318.0
6474.0,23.93,45.4,1012.35,325.7
6475.0,24.01,44.93,1012.53,323.1
6476.0,24.01,44.74,1012.78,322.2
6477.0,23.99,44.44,1012.5,323.8
6478.0,23.96,45.81,1012.34,319.9
6479.0,23.99,44.28,1012.32,323.1
6480.0,23.95,45.07,1012.36,320.6
6481.0,23.98,45.18,1012.29,323.9
6482.0,24.01,44.42,1012.55,318.9
6483.0,23.95,45.1,1012.31,315.7
6484.0,23.94,45.29,1012.24,322.7
6485.0,24.12,45.52,1012.32,317.7
6486.0,23.87,45.16,1012.2,319.0
6487.0,24.11,44.82,1012.38,324.2
6488.0,23.88,44.86,1012.26,317.9
6489.0,24.03,45.31,1012.52,320.5
6490.0,24.05,46.1,1012.3,323.1
6491.0,24.03,45.26,1012.45,320.0
6492.0,24.08,44.34,1012.15,319.8
6493.0,24.06,45.16,1012.56,322.1
6494.0,23.84,44.92,1012.41,323.4
6495.0,24.11,44.73,1012.31,319.2
6496.0,23.99,45.57,1012.51,324.7
6497.0,23.98,44.5,1012.48,317.7
6498.0,23.99,45.12,1012.25,316.0
6499.0,23.86,43.72,1012.41,323.7
6500.0,24.09,45.18,1012.56,323.2
6501.0,23.94,44.61,1012.38,325.8
6502.0,24.01,45.1,1012.39,324.3
6503.0,24.0,44.89,1012.35,318.5
6504.0,23.93,44.92,1012.46,319.9
6505.0,23.96,44.84,1012.18,317.0
6506.0,24.06,44.58,1012.49,322.1
6507.0,24.04,44.82,1012.51,326.8
6508.0,24.06,44.42,1012.55,320.2
6509.0,23.97,45.34,1012.59,323.4
6510.0,23.99,44.82,1012.46,323.9
6511.0,24.13,44.32,1012.29,318.0
6512.0,24.07,45.35,1012.39,315.2
6513.0,23.92,44.73,1012.48,317.2
6514.0,23.96,44.55,1012.28,321.5
6515.0,24.04,44.92,1012.53,318.1
6516.0,24.08,44.99,1012.44,317.9
6517.0,23.86,45.4,1012.36,320.0
6518.0,24.07,45.23,1012.41,322.8
6519.0,24.0,45.38,1012.47,320.2
6520.0,23.97,44.81,1012.56,323.8
6521.0,24.04,44.81,1012.35,316.7
6522.0,23.92,45.12,1012.36,321.2
6523.0,23.95,45.25,1012.66,319.0
6524.0,23.95,45.06,1012.12,325.9
6525.0,23.96,44.85,1012.61,324.5
6526.0,24.08,45.54,1012.27,322.3
6527.0,24.05,44.83,1012.41,318.6
6528.0,24.05,45.39,1012.22,322.9
6529.0,23.9,45.98,1012.39,320.9
6530.0,23.94,45.68,1012.44,314.5
6531.0,24.17,44.93,1012.38,322.2
6532.0,23.97,44.3,1012.13,318.2
6533.0,23.96,44.82,1012.54,321.2
6534.0,23.99,44.53,1012.55,318.3
6535.0,24.18,44.99,1012.36,317.9
6536.0,24.01,44.82,1012.57,321.0
6537.0,23.96,45.09,1012.57,322.8
6538.0,24.14,44.66,1012.3,318.7
6539.0,23.94,44.82,1012.43,316.1
6540.0,24.05,44.98,1012.4,314.7
6541.0,23.92,45.25,1012.41,321.5
6542.0,23.86,44.72,1012.51,322.4
6543.0,23.97,44.08,1012.38,321.2
6544.0,23.94,45.3,1012.69,318.8
6545.0,23.96,45.43,1012.42,321.1
6546.0,23.92,45.13,1012.35,319.6
6547.0,23.97,45.11,1012.65,320.9
6548.0,23.99,45.11,1012.28,319.1
6549.0,24.06,44.33,1012.41,320.1
6550.0,24.09,45.17,1012.41,324.6
6551.0,23.89,45.26,1012.18,321.2
6552.0,24.06,44.46,1012.39,314.5
6553.0,23.97,44.98,1012.42,318.9
6554.0,24.02,44.65,1012.17,318.6
6555.0,23.91,44.8,1012.58,324.7
6556.0,24.05,44.5,1012.39,319.9
6557.0,23.94,45.95,1012.46,323.9
6558.0,24.08,45.04,1012.26,322.0
6559.0,23.99,45.4,1012.56,318.0
6560.0,24.04,45.37,1012.34,319.5
6561.0,23.92,44.66,1012.2,317.0
6562.0,23.91,45.43,1012.69,316.8
6563.0,24.07,45.27,1012.41,321.6
6564.0,24.03,45.59,1012.51,322.1
6565.0,24.02,44.96,1012.24,329.4
6566.0,24.06,44.54,1012.34,318.2
6567.0,23.84,44.51,1012.15,317.4
6568.0,23.98,44.97,1012.69,320.9
6569.0,23.99,44.47,1012.48,317.2
6570.0,24.08,45.25,1012.41,316.9
6571.0,23.99,44.73,1012.37,317.4
6572.0,24.16,44.55,1012.46,317.0
6573.0,24.03,45.64,1012.35,317.2
6574.0,23.95,44.94,1012.38,323.0
6575.0,23.98,45.18,1012.44,324.6
6576.0,23.91,44.92,1012.23,327.5
6577.0,23.9,45.14,1012.48,318.5
6578.0,24.01,44.89,1012.58,323.6
6579.0,23.95,45.02,1012.16,322.0
6580.0,23.88,44.96,1012.39,322.6
6581.0,23.94,44.99,1012.51,320.4
6582.0,24.03,44.54,1012.61,324.3
6583.0,24.11,45.28,1012.14,321.1
6584.0,24.03,45.08,1012.52,324.8
6585.0,23.91,45.24,1012.41,317.3
6586.0,24.06,44.98,1012.3,317.0
6587.0,23.84,45.13,1012.38,321.8
6588.0,24.01,44.66,1012.52,321.3
6589.0,24.15,44.44,1012.31,322.5
6590.0,24.11,45.78,1012.65,319.3
6591.0,24.11,44.81,1012.45,316.2
6592.0,23.95,44.62,1012.56,323.8
6593.0,24.0,44.57,1012.11,321.8
6594.0,23.78,45.66,1012.61,318.5
6595.0,24.08,45.29,1012.46,319.9
6596.0,24.07,45.6,1012.33,317.6
6597.0,23.92,45.04,1012.54,316.3
6598.0,23.9,45.31,1012.47,323.4
6599.0,23.84,44.93,1012.38,320.1
6600.0,24.08,45.1,1012.58,324.1
6601.0,24.08,44.83,1012.5,317.7
6602.0,23.91,44.56,1012.23,317.4
6603.0,24.04,44.43,1012.13,320.1
6604.0,24.1,44.88,1012.39,323.1
6605.0,24.08,44.07,1012.46,318.7
6606.0,23.99,45.17,1012.25,317.8
6607.0,24.04,44.74,1012.4,311.6
6608.0,23.86,44.73,1012.27,323.4
6609.0,23.93,45.13,1012.35,316.1
6610.0,24.03,45.16,1012.52,317.3
6611.0,23.9,44.88,1012.28,320.7
6612.0,23.9,45.81,1012.54,321.7
6613.0,23.97,45.23,1012.37,320.1
6614.0,23.89,44.97,1012.44,324.1
6615.0,24.09,44.9,1012.57,323.4
6616.0,24.06,45.35,1012.57,319.2
6617.0,24.09,44.39,1012.41,318.4
6618.0,23.99,44.97,1012.5,319.1
6619.0,24.06,45.11,1012.1,318.8
6620.0,23.94,45.36,1012.28,325.5
6621.0,24.14,44.61,1012.57,320.7
6622.0,24.03,45.5,1012.18,322.4
6623.0,23.82,45.63,1012.32,319.2
6624.0,23.91,44.65,1012.33,324.2
6625.0,23.92,44.66,1012.44,317.7
6626.0,23.94,45.61,1012.21,322.2
6627.0,23.91,45.06,1012.2,321.6
6628.0,24.06,45.25,1012.35,319.5
6629.0,24.09,44.96,1012.77,314.9
6630.0,24.0,44.65,1012.26,322.8
6631.0,24.06,45.14,1012.44,320.8
6632.0,24.01,45.45,1012.4,317.5
6633.0,23.97,45.03,1012.52,321.9
6634.0,24.17,45.6,1012.15,320.7
6635.0,23.9,44.83,1012.24,320.0
6636.0,23.89,44.93,1012.39,319.6
6637.0,24.1,44.85,1012.49,324.7
6638.0,24.07,44.9,1012.59,318.6
6639.0,23.99,44.88,1012.55,318.2
6640.0,24.04,44.5,1012.52,321.0
6641.0,24.04,45.03,1012.05,321.9
6642.0,24.04,45.64,1012.21,320.6
6643.0,24.05,45.13,1012.61,322.2
6644.0,24.02,45.26,1012.33,325.1
6645.0,24.04,45.65,1012.62,319.5
6646.0,23.95,45.75,1012.25,318.2
6647.0,24.01,45.6,1012.31,319.2
6648.0,23.9,44.67,1012.52,317.1
6649.0,24.03,45.16,1012.25,320.2
6650.0,24.07,44.24,1012.4,323.9
6651.0,24.09,45.13,1012.36,317.2
6652.0,23.92,45.64,1012.27,319.0
6653.0,23.9,45.49,1012.22,320.1
6654.0,23.94,45.1,1012.31,322.3
6655.0,23.89,45.35,1012.54,320.1
6656.0,23.97,44.91,1012.13,318.2
6657.0,24.02,45.48,1012.66,322.2
6658.0,23.99,44.95,1012.53,321.4
6659.0,24.06,44.86,1012.51,320.6
6660.0,23.99,45.59,1012.6,320.1
6661.0,24.0,44.48,1012.6,320.6
6662.0,23.96,44.87,1012.5,313.3
6663.0,23.87,45.09,1012.12,319.9
6664.0,23.98,44.66,1012.38,315.4
6665.0,23.87,45.88,1012.26,323.0
6666.0,24.01,45.0,1012.29,317.1
6667.0,24.01,45.81,1012.52,321.2
6668.0,23.91,44.93,1012.02,313.7
6669.0,23.88,44.51,1012.62,320.7
6670.0,23.93,44.55,1012.53,321.4
6671.0,23.92,44.38,1012.65,326.2
6672.0,24.01,45.12,1012.33,317.5
6673.0,24.04,44.9,1012.46,319.7
6674.0,23.86,45.37,1012.49,320.7
6675.0,24.09,44.88,1012.47,316.5
6676.0,23.93,44.94,1012.64,322.1
6677.0,23.92,44.89,1012.44,324.4
6678.0,24.07,44.61,1012.65,319.5
6679.0,24.03,44.78,1012.15,322.6
6680.0,24.03,44.88,1012.52,315.6
6681.0,24.03,45.36,1012.26,318.5
6682.0,24.03,44.77,1012.44,319.3
6683.0,24.01,44.68,1012.49,319.2
6684.0,24.04,45.22,1012.39,316.5
6685.0,23.89,45.04,1012.46,324.1
6686.0,24.0,44.82,1012.31,318.4
6687.0,23.98,45.22,1012.62,322.3
6688.0,24.05,44.97,1012.53,323.4
6689.0,23.99,44.73,1012.51,319.3
6690.0,23.91,45.13,1012.3,322.5
6691.0,24.01,45.31,1012.28,316.4
6692.0,23.9,45.66,1012.37,319.7
6693.0,23.93,44.58,1012.46,322.5
6694.0,24.05,44.37,1012.52,316.1
6695.0,23.94,44.72,1012.1,318.3
6696.0,23.82,44.51,1012.14,321.3
6697.0,24.0,45.0,1012.3,328.6
6698.0,23.89,44.9,1012.6,315.8
6699.0,23.95,45.67,1012.45,318.8
6700.0,24.12,45.1,1012.54,319.5
6701.0,24.1,45.39,1012.16,315.4
6702.0,24.04,44.45,1012.42,319.8
6703.0,24.0,44.95,1012.38,318.0
6704.0,23.82,45.16,1012.53,322.3
6705.0,23.98,45.22,1012.27,320.6
6706.0,23.88,44.78,1012.65,317.4
6707.0,23.9,45.01,1012.3,319.4
6708.0,24.03,45.02,1012.2,322.1
6709.0,23.98,45.51,1012.14,319.0
6710.0,23.92,44.2,1011.9,314.2
6711.0,23.81,44.73,1012.36,320.1
6712.0,23.81,45.51,1012.52,315.6
6713.0,23.95,45.58,1012.39,323.4
6714.0,24.03,44.98,1012.11,318.2
6715.0,24.01,44.39,1012.4,328.4
6716.0,23.91,45.47,1012.3,320.7
6717.0,23.94,44.61,1012.26,319.0
6718.0,23.94,45.12,1012.29,321.3
6719.0,24.04,44.89,1012.39,322.7
6720.0,23.96,45.18,1011.97,321.2
6721.0,23.86,45.07,1012.38,321.1
6722.0,24.04,45.02,1012.42,318.9
6723.0,23.98,44.96,1012.36,318.0
6724.0,24.02,44.92,1012.35,320.5
6725.0,24.05,44.97,1012.53,323.7
6726.0,24.04,45.55,1012.73,316.9
6727.0,23.88,44.65,1012.59,320.7
6728.0,24.04,45.28,1012.2,318.4
6729.0,23.98,44.45,1012.66,323.9
6730.0,24.12,45.18,1012.27,315.6
6731.0,24.04,44.58,1012.28,319.6
6732.0,23.92,45.32,1012.49,322.1
6733.0,24.04,44.69,1012.41,320.6
6734.0,24.05,45.98,1012.49,317.4
6735.0,24.05,45.68,1012.67,322.4
6736.0,24.06,45.08,1012.44,320.7
6737.0,23.99,45.29,1012.36,322.9
6738.0,24.0,44.63,1012.38,321.6
6739.0,24.14,44.68,1012.29,316.4
6740.0,24.15,45.21,1012.31,322.5
6741.0,24.04,44.85,1012.43,316.7
6742.0,24.1,45.64,1012.3,314.9
6743.0,23.97,44.83,1012.37,320.2
6744.0,24.07,44.2,1012.35,317.6
6745.0,23.98,45.15,1012.33,322.4
6746.0,24.01,45.56,1012.47,318.9
6747.0,24.1,44.76,1012.34,317.3
6748.0,24.03,45.23,1012.24,321.8
6749.0,23.99,44.72,1012.42,320.5
6750.0,23.88,44.69,1012.28,320.4
6751.0,23.98,45.03,1012.47,320.2
6752.0,24.04,45.92,1012.39,324.2
6753.0,23.92,45.08,1012.47,316.9
6754.0,23.99,44.78,1012.36,320.3
6755.0,24.01,44.39,1012.26,321.3
6756.0,23.94,44.88,1012.16,322.5
6757.0,24.01,44.83,1012.27,320.1
6758.0,23.94,44.7,1012.54,316.5
6759.0,23.89,44.26,1012.32,326.7
6760.0,23.94,45.31,1012.28,323.6
6761.0,24.14,44.71,1012.27,319.7
6762.0,23.96,44.77,1012.6,320.5
6763.0,24.14,45.04,1012.47,317.2
6764.0,24.01,45.55,1012.13,312.9
6765.0,23.96,45.22,1012.5,319.6
6766.0,24.03,45.21,1012.17,318.5
6767.0,24.09,45.49,1012.24,321.5
6768.0,23.99,45.07,1012.41,318.2
6769.0,24.0,45.22,1012.54,320.4
6770.0,24.19,45.03,1012.48,317.8
6771.0,23.74,44.55,1012.5,321.6
6772.0,24.07,44.97,1012.26,320.1
6773.0,24.05,45.1,1012.19,314.4
6774.0,24.05,45.19,1012.43,322.3
6775.0,24.0,45.17,1012.73,322.7
6776.0,23.84,45.07,1012.22,321.0
6777.0,23.97,45.14,1012.29,324.6
6778.0,23.92,44.6,1012.3,319.0
6779.0,23.98,44.44,1012.36,315.5
6780.0,24.03,44.73,1012.57,322.5
6781.0,23.97,45.94,1012.29,320.7
6782.0,24.07,44.94,1012.38,319.0
6783.0,23.91,44.81,1012.54,319.8
6784.0,23.91,44.52,1012.24,320.1
6785.0,23.82,44.6,1012.3,328.5
6786.0,23.84,44.76,1012.33,318.7
6787.0,24.05,45.06,1012.33,321.3
6788.0,24.08,44.82,1012.55,326.1
6789.0,23.93,44.72,1012.37,319.9
6790.0,23.92,44.72,1012.29,322.9
6791.0,23.99,44.68,1012.29,320.2
6792.0,24.02,44.85,1012.68,322.7
6793.0,24.02,45.24,1012.35,319.2
6794.0,23.92,44.63,1012.7,321.7
6795.0,24.07,45.23,1012.44,323.7
6796.0,24.06,45.04,1012.3,320.6
6797.0,24.06,45.29,1012.62,320.3
6798.0,24.04,45.01,1012.37,318.1
6799.0,23.97,45.88,1012.61,322.3
6800.0,24.11,45.21,1012.3,323.3
6801.0,23.9,44.54,1012.09,315.6
6802.0,24.03,44.91,1012.5,318.8
6803.0,24.02,45.4,1012.6,319.0
6804.0,24.03,44.58,1012.33,323.4
6805.0,24.1,45.12,1012.22,320.6
6806.0,24.0,44.95,1012.59,322.1
6807.0,23.91,45.07,1012.28,322.3
6808.0,24.08,44.66,1012.39,315.3
6809.0,24.1,44.57,1012.47,320.8
6810.0,23.99,45.42,1012.56,320.0
6811.0,24.0,44.68,1012.48,319.5
6812.0,24.08,44.87,1012.5,314.6
6813.0,24.09,45.02,1012.36,316.6
6814.0,24.12,44.93,1012.44,316.0
6815.0,23.98,45.41,1012.43,318.3
6816.0,23.91,44.88,1012.41,321.8
6817.0,23.8,44.92,1012.46,323.3
6818.0,24.02,44.95,1012.37,315.8
6819.0,24.07,45.14,1012.54,323.6
6820.0,23.93,45.12,1012.47,317.3
6821.0,24.03,44.9,1012.34,319.6
6822.0,23.81,45.48,1012.51,321.5
6823.0,24.01,45.8,1012.25,314.7
6824.0,23.97,44.88,1012.37,318.6
6825.0,24.02,45.45,1012.46,316.0
6826.0,23.98,45.67,1012.39,323.0
6827.0,24.08,45.69,1012.56,324.2
6828.0,23.86,44.58,1012.59,321.7
6829.0,24.1,44.73,1012.62,313.1
6830.0,23.92,45.33,1012.14,318.7
6831.0,24.04,45.96,1012.44,321.8
6832.0,23.95,45.78,1012.45,316.4
6833.0,23.85,45.63,1012.17,319.3
6834.0,23.92,44.0,1012.51,318.4
6835.0,24.17,45.73,1012.37,315.8
6836.0,24.0,45.39,1012.22,320.2
6837.0,24.01,44.96,1012.34,319.3
6838.0,23.94,45.04,1012.12,321.1
6839.0,23.98,45.11,1012.33,317.7
6840.0,23.88,44.92,1012.26,314.5
6841.0,24.09,44.79,1012.77,319.2
6842.0,23.97,44.75,1012.32,311.2
6843.0,24.06,45.56,1012.45,321.1
6844.0,23.99,44.92,1012.26,320.0
6845.0,24.13,45.16,1012.38,315.0
6846.0,23.99,44.57,1012.31,317.1
6847.0,23.96,44.78,1012.48,318.2
6848.0,24.16,45.43,1012.44,316.0
6849.0,24.0,44.98,1012.44,319.0
6850.0,24.17,44.62,1012.36,322.1
6851.0,24.03,45.28,1012.41,321.0
6852.0,23.87,45.3,1012.24,319.8
6853.0,23.95,46.13,1012.32,321.3
6854.0,24.1,45.01,1012.22,314.7
6855.0,24.11,44.64,1012.16,318.0
6856.0,24.16,45.63,1012.33,317.3
6857.0,24.0,44.75,1012.56,317.5
6858.0,24.05,45.79,1012.35,319.6
6859.0,24.05,44.92,1012.52,322.7
6860.0,24.12,44.62,1012.55,317.5
6861.0,23.93,45.81,1012.27,316.7
6862.0,23.97,44.51,1012.61,317.3
6863.0,24.07,44.88,1012.39,322.8
6864.0,24.06,44.97,1012.39,320.5
6865.0,23.95,44.58,1012.3,326.2
6866.0,24.04,45.09,1012.24,318.6
6867.0,23.97,44.77,1012.57,328.4
6868.0,23.96,45.17,1012.32,318.6
6869.0,24.08,45.57,1012.26,321.8
6870.0,24.0,45.37,1012.47,319.0
6871.0,23.84,44.48,1012.32,318.7
6872.0,24.1,44.53,1012.51,320.9
6873.0,24.09,45.7,1012.66,322.8
6874.0,23.99,44.85,1012.34,321.5
6875.0,24.07,44.83,1012.51,317.7
6876.0,23.89,44.62,1012.27,319.0
6877.0,23.99,45.52,1012.27,320.7
6878.0,24.06,45.61,1012.54,319.5
6879.0,24.03,44.89,1012.31,319.4
6880.0,23.88,44.31,1012.58,324.7
6881.0,23.92,44.74,1012.38,322.9
6882.0,24.04,44.94,1012.27,317.5
6883.0,23.95,44.87,1012.26,326.0
6884.0,23.81,45.17,1012.29,321.1
6885.0,23.92,45.11,1012.35,322.4
6886.0,23.82,44.28,1012.47,316.0
6887.0,24.08,44.88,1012.46,322.8
6888.0,24.08,45.45,1012.53,318.7
6889.0,24.08,44.87,1012.44,324.8
6890.0,23.96,44.49,1012.31,320.6
6891.0,23.93,45.12,1012.61,320.0
6892.0,24.12,45.11,1012.19,319.9
6893.0,24.05,44.63,1012.38,319.9
6894.0,24.01,45.07,1012.41,317.6
6895.0,23.93,45.53,1012.19,317.8
6896.0,23.99,44.55,1012.41,319.1
6897.0,23.99,44.52,1012.45,318.5
6898.0,23.99,44.4,1012.65,322.5
6899.0,23.96,45.16,1012.26,321.9
6900.0,24.1,44.25,1012.46,329.8
6901.0,24.08,44.8,1012.64,317.5
6902.0,24.14,44.77,1012.64,318.9
6903.0,23.97,44.13,1012.49,322.9
6904.0,24.02,45.07,1012.2,317.9
6905.0,24.07,44.2,1012.26,316.2
6906.0,23.9,45.1,1012.5,324.2
6907.0,24.15,45.08,1012.5,318.3
6908.0,24.01,45.61,1012.45,317.6
6909.0,23.98,45.37,1012.53,321.3
6910.0,24.06,44.5,1012.34,319.2
6911.0,24.09,45.24,1012.41,320.6
6912.0,23.94,44.66,1012.62,319.1
6913.0,24.0,45.9,1012.32,320.2
6914.0,24.09,44.72,1012.33,320.1
6915.0,24.04,44.49,1012.58,314.7
6916.0,23.97,45.21,1012.43,321.7
6917.0,24.04,45.21,1012.19,319.9
6918.0,23.96,44.91,1012.38,317.2
6919.0,23.91,45.35,1012.4,324.5
6920.0,24.07,44.63,1012.43,318.4
6921.0,23.99,44.88,1012.46,318.4
6922.0,24.01,44.89,1012.36,320.2
6923.0,23.94,44.57,1012.48,320.6
6924.0,24.02,45.19,1012.43,319.9
6925.0,23.83,45.14,1012.29,320.9
6926.0,24.07,45.24,1012.48,317.8
6927.0,24.0,45.18,1012.31,316.4
6928.0,23.98,44.73,1012.29,320.6
6929.0,24.0,44.93,1012.42,321.2
6930.0,24.05,44.56,1012.48,318.4
6931.0,23.91,44.2,1012.53,321.0
6932.0,24.06,44.83,1012.47,316.6
6933.0,23.99,45.03,1012.36,318.5
6934.0,24.06,45.08,1012.37,321.6
6935.0,24.13,44.9,1012.15,318.1
6936.0,23.99,44.22,1011.95,319.7
6937.0,23.97,45.46,1012.64,324.4
6938.0,24.13,45.38,1012.47,317.9
6939.0,23.94,45.65,1012.58,322.6
6940.0,24.08,45.6,1012.17,321.0
6941.0,24.13,45.32,1012.25,319.5
6942.0,23.88,44.62,1012.38,324.9
6943.0,24.09,44.95,1012.58,322.8
6944.0,23.95,45.36,1012.38,322.2
6945.0,23.98,45.59,1011.98,319.5
6946.0,24.04,45.37,1012.34,316.5
6947.0,23.96,45.13,1012.38,322.1
6948.0,24.15,44.26,1012.46,318.8
6949.0,23.99,45.37,1012.46,321.8
6950.0,24.21,45.11,1012.25,321.3
6951.0,24.02,44.55,1012.49,317.4
6952.0,24.02,44.72,1012.45,311.8
6953.0,24.03,44.77,1012.62,316.8
6954.0,24.04,45.3,1012.49,324.5
6955.0,24.07,45.01,1012.23,325.3
6956.0,23.87,45.65,1012.43,314.2
6957.0,23.92,45.41,1012.37,319.6
6958.0,23.91,45.53,1012.2,315.4
6959.0,23.87,44.65,1012.5,323.4
6960.0,24.05,44.22,1012.49,322.0
6961.0,24.01,45.1,1012.39,321.6
6962.0,24.07,44.88,1012.5,323.3
6963.0,24.03,44.8,1012.42,320.6
6964.0,24.06,44.85,1012.36,319.0
6965.0,23.93,44.14,1012.48,318.9
6966.0,23.93,44.91,1012.43,321.4
6967.0,23.99,44.88,1012.39,318.1
6968.0,23.89,45.58,1012.5,318.9
6969.0,24.02,44.23,1012.4,318.7
6970.0,23.92,45.36,1012.13,321.6
6971.0,23.89,45.45,1012.44,321.6
6972.0,23.89,45.13,1012.21,318.2
6973.0,24.08,44.96,1012.1,321.0
6974.0,23.97,44.45,1012.37,320.1
6975.0,23.98,44.1,1012.33,322.2
6976.0,23.9,44.54,1012.42,319.2
6977.0,23.91,45.71,1012.48,322.7
6978.0,24.09,45.06,1012.38,320.3
6979.0,23.96,45.58,1012.36,318.0
6980.0,24.07,45.25,1012.59,322.9
6981.0,23.92,45.77,1012.5,319.7
6982.0,24.11,44.75,1012.37,317.7
6983.0,23.98,45.19,1012.27,320.1
6984.0,23.95,45.41,1012.39,321.2
6985.0,24.2,44.82,1012.37,321.1
6986.0,23.9,44.41,1012.29,324.8
6987.0,23.9,44.63,1012.55,319.2
6988.0,23.98,45.26,1012.28,325.8
6989.0,24.04,45.09,1012.62,322.9
6990.0,23.9,44.94,1012.2,316.7
6991.0,23.97,44.48,1012.48,316.0
6992.0,24.0,44.4,1012.5,323.0
6993.0,23.95,44.92,1012.68,325.7
6994.0,24.04,45.16,1012.44,322.6
6995.0,24.03,44.83,1012.76,320.0
6996.0,24.08,45.09,1012.43,324.7
6997.0,24.02,45.57,1012.2,317.4
6998.0,23.97,44.87,1012.31,318.7
6999.0,23.99,44.78,1012.3,322.5
7000.0,23.94,45.25,1012.42,321.7
7001.0,23.99,45.4,1012.55,322.0
7002.0,24.0,44.55,1012.3,321.4
7003.0,24.03,45.34,1012.28,319.8
7004.0,23.86,44.34,1012.52,318.7
7005.0,23.91,44.54,1012.57,317.5
7006.0,24.0,45.37,1012.47,322.8
7007.0,23.99,45.07,1012.35,307.8
7008.0,23.98,44.87,1012.58,322.8
7009.0,23.99,44.71,1012.13,317.8
7010.0,23.95,45.27,1012.42,318.8
7011.0,23.93,44.87,1012.46,321.4
7012.0,23.94,44.79,1012.38,323.0
7013.0,24.05,44.35,1012.52,320.9
7014.0,24.1,45.28,1012.33,317.8
7015.0,24.0,45.18,1012.59,320.2
7016.0,23.97,44.99,1012.32,317.7
7017.0,24.08,44.46,1012.47,321.7
7018.0,24.01,44.95,1012.3,320.4
7019.0,23.86,44.63,1012.52,317.3
7020.0,23.96,45.31,1012.28,318.2
7021.0,23.95,44.99,1012.32,319.5
7022.0,23.9,44.83,1012.49,320.1
7023.0,23.92,45.11,1012.85,319.2
7024.0,23.97,45.95,1012.61,319.3
7025.0,23.99,44.86,1012.55,328.1
7026.0,24.09,44.7,1012.47,320.4
7027.0,23.96,44.3,1012.27,316.9
7028.0,23.91,44.95,1012.44,316.7
7029.0,23.98,44.71,1012.39,319.6
7030.0,24.14,45.01,1012.51,317.8
7031.0,24.04,45.47,1012.55,322.8
7032.0,24.14,45.38,1012.51,323.2
7033.0,24.01,44.61,1012.5,317.3
7034.0,23.94,44.77,1012.31,316.5
7035.0,23.97,46.23,1012.35,324.8
7036.0,24.02,44.99,1012.49,314.2
7037.0,23.93,44.99,1012.5,318.0
7038.0,24.0,45.43,1012.46,314.4
7039.0,24.03,45.2,1012.21,322.0
7040.0,24.07,44.84,1012.45,318.7
7041.0,24.07,44.7,1012.11,324.3
7042.0,24.02,45.05,1012.12,318.4
7043.0,23.98,45.48,1012.44,319.1
7044.0,23.95,45.21,1012.16,318.2
7045.0,23.98,45.24,1012.35,320.3
7046.0,23.96,45.11,1012.38,318.2
7047.0,23.89,45.1,1012.22,319.4
7048.0,24.04,44.65,1012.64,316.8
7049.0,24.03,44.92,1012.41,316.3
7050.0,24.08,44.59,1012.22,315.9
7051.0,24.06,44.64,1012.35,321.7
7052.0,23.99,45.23,1012.49,324.7
7053.0,24.05,44.54,1012.26,317.1
7054.0,23.88,45.04,1012.53,316.9
7055.0,24.02,45.04,1012.29,316.0
7056.0,23.98,44.74,1012.22,316.8
7057.0,23.87,45.24,1012.51,317.0
7058.0,24.01,44.92,1012.47,323.6
7059.0,24.1,45.04,1012.46,318.2
7060.0,24.0,44.48,1012.37,319.4
7061.0,24.08,44.92,1012.41,319.9
7062.0,23.92,44.35,1012.03,319.9
7063.0,24.03,45.31,1012.65,323.8
7064.0,24.02,44.98,1012.38,324.3
7065.0,24.11,45.23,1012.38,323.2
7066.0,23.99,44.63,1012.64,320.9
7067.0,24.0,45.03,1012.43,320.1
7068.0,23.96,44.95,1012.42,319.2
7069.0,23.97,45.62,1012.58,320.5
7070.0,23.94,45.43,1012.29,315.1
7071.0,24.05,45.18,1012.39,320.7
7072.0,24.0,44.87,1012.33,317.8
7073.0,24.02,45.47,1012.18,319.0
7074.0,23.97,44.51,1012.31,323.9
7075.0,23.98,44.66,1012.35,321.5
7076.0,23.96,44.82,1012.32,319.3
7077.0,24.1,45.73,1012.24,319.0
7078.0,24.03,45.47,1012.41,317.1
7079.0,23.87,45.09,1012.36,322.0
7080.0,24.0,44.42,1012.47,318.2
7081.0,23.9,45.05,1012.54,318.9
7082.0,23.98,44.79,1012.25,322.3
7083.0,24.03,44.87,1012.44,318.7
7084.0,24.02,44.89,1012.28,316.9
7085.0,24.12,44.82,1012.44,319.7
7086.0,23.97,44.49,1012.5,320.5
7087.0,23.9,45.73,1012.21,319.9
7088.0,24.02,44.99,1012.3,320.7
7089.0,24.04,44.85,1012.58,319.7
7090.0,24.04,44.99,1012.58,319.4
7091.0,24.05,44.89,1012.27,319.5
7092.0,23.88,45.51,1012.37,319.2
7093.0,24.03,44.55,1012.25,322.6
7094.0,24.09,44.62,1012.3,321.0
7095.0,23.92,44.77,1012.3,318.1
7096.0,23.96,45.11,1012.45,319.8
7097.0,23.98,45.3,1012.41,320.7
7098.0,23.92,45.57,1012.41,324.3
7099.0,24.02,45.88,1012.41,321.3
7100.0,23.89,45.29,1012.41,320.1
7101.0,23.92,45.24,1012.52,322.1
7102.0,24.08,44.73,1012.57,321.5
7103.0,24.08,45.52,1012.25,319.5
7104.0,24.12,45.06,1012.43,316.0
7105.0,24.0,45.08,1012.37,316.8
7106.0,24.05,44.61,1012.42,314.6
7107.0,24.03,44.81,1012.3,317.6
7108.0,24.01,44.77,1012.33,318.9
7109.0,24.01,45.11,1012.69,319.4
7110.0,24.17,44.98,1012.49,319.8
7111.0,24.02,44.25,1012.35,316.2
7112.0,23.98,44.94,1012.19,317.9
7113.0,24.03,45.11,1012.32,318.4
7114.0,24.09,44.81,1012.35,316.5
7115.0,24.07,45.45,1012.48,322.5
7116.0,24.02,44.51,1012.47,322.6
7117.0,23.94,44.78,1012.53,320.6
7118.0,24.04,45.59,1012.39,321.8
7119.0,23.92,44.73,1012.23,314.6
7120.0,23.98,45.01,1012.5,321.5
7121.0,24.13,44.98,1012.88,322.0
7122.0,23.95,44.65,1012.29,323.7
7123.0,23.98,45.43,1012.42,319.0
7124.0,23.94,44.95,1012.47,320.9
7125.0,23.98,44.8,1012.54,321.0
7126.0,23.93,44.5,1012.18,321.0
7127.0,23.97,44.21,1012.21,323.5
7128.0,23.98,45.79,1012.33,317.2
7129.0,24.05,45.07,1012.21,320.5
7130.0,24.02,44.94,1012.19,322.2
7131.0,24.0,45.35,1012.41,317.8
7132.0,23.94,45.67,1012.58,318.4
7133.0,24.06,45.24,1012.34,323.8
7134.0,23.95,44.87,1012.35,326.7
7135.0,24.05,44.66,1012.59,320.4
7136.0,24.04,45.1,1012.34,317.9
7137.0,24.01,45.26,1012.28,327.7
7138.0,24.01,44.5,1012.73,314.7
7139.0,24.12,44.23,1012.19,317.6
7140.0,23.78,44.96,1012.28,317.0
7141.0,24.1,44.67,1012.4,321.6
7142.0,23.92,45.29,1012.58,317.4
7143.0,24.03,44.86,1012.27,320.9
7144.0,23.99,44.63,1012.33,317.8
7145.0,24.02,44.92,1012.63,317.8
7146.0,24.01,44.87,1012.29,324.1
7147.0,24.05,45.06,1012.62,321.5
7148.0,24.0,45.04,1012.49,317.3
7149.0,23.97,44.39,1012.48,317.2
7150.0,24.05,44.35,1012.57,319.4
7151.0,23.93,44.86,1012.54,321.5
7152.0,23.98,45.41,1012.52,323.4
7153.0,24.13,45.09,1012.49,323.6
7154.0,23.98,45.26,1012.54,315.2
7155.0,23.95,44.86,1012.25,319.7
7156.0,24.04,45.48,1012.42,322.1
7157.0,23.98,45.61,1012.68,319.5
7158.0,23.99,45.13,1012.3,326.4
7159.0,24.12,44.91,1012.14,316.3
7160.0,23.88,44.74,1012.3,315.8
7161.0,23.87,45.16,1012.31,318.9
7162.0,24.1,44.91,1012.33,322.3
7163.0,24.1,44.64,1012.38,320.4
7164.0,24.08,45.02,1012.34,318.8
7165.0,23.96,44.62,1012.53,318.8
7166.0,24.0,45.29,1012.42,326.1
7167.0,24.06,44.76,1012.65,318.9
7168.0,24.01,45.24,1012.56,317.9
7169.0,23.99,44.9,1012.33,318.2
7170.0,23.99,44.59,1012.4,321.9
7171.0,24.02,45.32,1012.48,322.4
7172.0,24.12,45.01,1012.24,318.6
7173.0,23.87,45.34,1012.28,322.9
7174.0,23.95,44.61,1012.51,319.3
7175.0,23.97,45.0,1012.39,318.1
7176.0,24.05,44.46,1012.08,321.1
7177.0,23.93,44.5,1012.22,318.5
7178.0,24.08,44.39,1012.48,321.9
7179.0,23.94,44.55,1012.51,322.6
7180.0,24.09,44.58,1012.51,318.4
7181.0,23.84,44.6,1012.5,319.4
7182.0,23.97,45.23,1012.49,320.8
7183.0,24.13,44.94,1012.56,325.2
7184.0,23.92,44.86,1012.19,319.0
7185.0,24.01,44.72,1012.19,320.6
7186.0,24.08,45.0,1012.08,314.9
7187.0,24.03,45.84,1012.46,318.8
7188.0,23.91,45.32,1012.39,318.9
7189.0,24.12,45.24,1012.35,317.0
7190.0,24.13,45.3,1012.37,319.2
7191.0,24.03,44.91,1012.34,322.6
7192.0,24.02,44.71,1012.28,319.7
7193.0,23.96,44.98,1012.71,317.7
7194.0,24.09,45.18,1012.35,320.9
7195.0,23.86,45.06,1012.4,324.1
7196.0,24.04,45.17,1012.18,320.3
7197.0,23.97,44.59,1012.46,321.6
7198.0,24.09,45.33,1012.61,317.6
7199.0,24.06,45.61,1012.42,321.7
