timestamp,temperature,humidity,pressure,light
0.0,23.85,45.54,1012.55,317.4
1.0,24.03,45.15,1012.31,321.7
2.0,24.15,45.55,1012.38,320.2
3.0,23.95,45.55,1012.29,323.2
4.0,24.01,44.81,1012.32,319.3
5.0,23.96,45.59,1012.51,316.0
6.0,24.16,44.68,1012.29,321.4
7.0,24.03,45.45,1012.3,323.8
8.0,23.95,45.24,1012.44,316.8
9.0,23.97,44.9,1012.39,318.3
10.0,24.14,45.42,1012.3,322.6
11.0,24.07,45.01,1012.21,317.6
12.0,24.05,45.61,1012.55,316.0
13.0,24.01,45.34,1012.21,318.6
14.0,24.0,45.36,1012.65,322.3
15.0,24.05,45.38,1012.49,324.0
16.0,24.01,45.09,1012.34,319.2
17.0,24.09,44.92,1012.71,322.8
18.0,23.97,44.49,1012.62,320.9
19.0,24.03,45.17,1012.5,318.6
20.0,23.97,44.7,1012.25,323.2
21.0,24.14,44.64,1012.41,316.7
22.0,23.95,45.38,1012.15,314.7
23.0,24.04,44.64,1012.32,323.0
24.0,23.94,45.76,1012.37,316.1
25.0,24.02,44.84,1012.13,319.3
26.0,23.84,45.27,1012.32,315.4
27.0,24.08,45.45,1012.51,319.3
28.0,24.04,44.84,1012.24,326.3
29.0,24.05,44.81,1012.28,320.9
30.0,23.88,44.31,1012.41,314.4
31.0,24.04,44.99,1012.66,321.2
32.0,24.04,44.25,1012.14,317.9
33.0,24.18,46.18,1012.14,320.2
34.0,24.02,45.5,1012.58,319.2
35.0,24.19,45.04,1012.17,322.0
36.0,24.03,44.6,1012.23,320.6
37.0,24.0,45.26,1012.43,321.1
38.0,23.95,44.45,1012.57,319.9
39.0,23.81,44.86,1012.48,321.4
40.0,23.8,44.86,1012.22,320.7
41.0,23.96,44.93,1012.29,319.5
42.0,24.04,45.16,1012.35,321.8
43.0,24.01,45.08,1012.46,317.1
44.0,23.98,44.94,1012.31,320.6
45.0,23.85,44.67,1012.47,323.5
46.0,24.08,44.57,1012.65,318.6
47.0,23.91,45.55,1012.58,321.1
48.0,24.09,45.02,1012.11,318.7
49.0,24.1,44.35,1012.51,322.0
50.0,23.91,45.48,1012.32,316.6
51.0,24.09,45.6,1012.42,312.2
52.0,24.08,45.14,1012.4,321.0
53.0,24.07,45.05,1012.54,318.0
54.0,24.03,45.12,1012.53,323.6
55.0,23.85,44.72,1012.4,322.3
56.0,24.06,45.18,1012.42,321.3
57.0,24.11,44.96,1012.18,321.3
58.0,24.04,45.75,1012.52,322.0
59.0,24.04,45.5,1012.37,319.1
60.0,23.94,45.02,1012.18,322.7
61.0,24.01,45.18,1012.57,322.6
62.0,24.05,44.98,1012.51,321.5
63.0,23.91,44.66,1012.32,323.1
64.0,23.88,44.51,1012.47,319.8
65.0,24.05,45.77,1012.25,319.9
66.0,24.0,45.2,1012.45,327.5
67.0,23.88,45.53,1012.26,323.0
68.0,24.02,45.25,1012.33,319.3
69.0,24.14,44.82,1012.52,318.1
70.0,24.04,45.57,1012.32,320.7
71.0,24.0,44.66,1012.38,320.6
72.0,23.88,45.63,1012.33,318.7
73.0,24.01,44.02,1012.37,323.0
74.0,24.01,44.77,1012.2,318.4
75.0,23.89,44.98,1012.33,323.1
76.0,24.07,44.82,1012.34,324.9
77.0,24.05,44.91,1012.2,325.4
78.0,24.14,45.18,1012.63,319.1
79.0,24.01,44.4,1012.31,320.5
80.0,23.97,45.01,1012.54,320.7
81.0,23.88,45.55,1012.3,321.2
82.0,23.88,44.77,1012.66,321.8
83.0,24.01,44.68,1012.43,327.3
84.0,24.06,45.21,1012.3,324.2
85.0,23.94,44.94,1012.44,320.6
86.0,24.05,44.68,1012.26,317.1
87.0,23.98,44.44,1012.13,317.3
88.0,24.03,45.25,1012.39,326.7
89.0,24.11,45.06,1012.44,317.3
90.0,23.98,44.35,1012.49,318.2
91.0,23.91,45.09,1012.29,324.0
92.0,23.99,44.23,1012.22,320.0
93.0,23.97,44.99,1012.46,315.2
94.0,24.1,45.09,1012.4,323.2
95.0,24.0,45.03,1012.63,318.1
96.0,24.01,45.1,1012.53,324.4
97.0,23.93,45.05,1012.44,320.1
98.0,24.02,44.93,1012.29,318.7
99.0,24.1,44.78,1012.24,316.9
100.0,23.98,45.3,1012.31,319.7
101.0,24.17,44.69,1012.29,321.1
102.0,24.01,44.96,1012.56,321.1
103.0,24.01,45.33,1012.31,319.5
104.0,24.14,45.46,1012.39,324.0
105.0,24.07,44.47,1012.36,318.6
106.0,23.81,44.83,1012.4,312.4
107.0,24.05,45.29,1012.59,323.0
108.0,24.05,45.15,1012.8,319.4
109.0,23.84,45.11,1012.41,321.9
110.0,24.0,45.36,1012.35,316.0
111.0,24.01,45.39,1012.43,318.7
112.0,24.05,44.92,1012.21,317.8
113.0,23.98,45.14,1012.6,316.6
114.0,23.96,44.99,1012.46,323.2
115.0,24.0,45.12,1012.55,320.7
116.0,24.04,44.41,1012.54,321.8
117.0,23.98,45.02,1012.35,319.5
118.0,24.04,45.73,1012.56,322.0
119.0,23.87,44.91,1012.25,322.6
120.0,23.99,44.61,1012.33,319.8
121.0,24.04,45.1,1012.62,322.2
122.0,23.95,45.21,1012.36,319.0
123.0,23.92,45.18,1012.15,326.6
124.0,24.04,44.79,1012.29,327.1
125.0,23.95,44.97,1012.26,317.3
126.0,24.03,45.4,1012.46,322.5
127.0,24.0,44.47,1012.36,314.2
128.0,23.99,44.91,1012.32,320.5
129.0,24.03,45.57,1012.49,316.8
130.0,24.11,44.81,1012.16,318.7
131.0,24.02,45.23,1012.75,321.1
132.0,24.02,44.77,1012.54,319.3
133.0,24.1,44.44,1012.37,319.4
134.0,23.96,45.29,1012.51,319.9
135.0,23.98,45.4,1012.34,317.7
136.0,24.09,45.14,1012.4,319.9
137.0,24.03,45.29,1012.45,318.7
138.0,23.95,45.13,1012.32,320.2
139.0,24.04,44.92,1012.31,319.5
140.0,23.93,44.54,1012.43,319.9
141.0,24.0,44.05,1012.42,320.1
142.0,24.04,44.91,1012.21,322.3
143.0,23.98,44.95,1012.54,323.6
144.0,24.08,44.52,1012.28,320.3
145.0,23.96,45.51,1012.38,319.5
146.0,23.99,44.83,1012.25,321.7
147.0,23.95,44.48,1012.74,312.9
148.0,24.06,44.97,1012.48,321.1
149.0,23.94,44.89,1012.27,317.8
150.0,24.06,45.76,1012.57,324.1
151.0,24.05,44.7,1012.57,321.7
152.0,24.09,45.39,1012.33,316.8
153.0,23.89,45.55,1012.45,321.8
154.0,24.04,44.96,1012.19,318.9
155.0,24.11,45.04,1012.76,321.5
156.0,23.92,45.0,1012.32,321.2
157.0,23.86,45.14,1012.55,319.1
158.0,24.04,45.06,1012.68,319.7
159.0,24.01,45.01,1012.24,319.8
160.0,24.1,46.05,1012.3,320.7
161.0,23.96,45.4,1012.54,323.1
162.0,23.92,45.65,1012.57,320.0
163.0,23.95,44.87,1012.41,322.2
164.0,24.01,44.36,1012.27,323.8
165.0,24.02,44.89,1012.23,321.5
166.0,23.92,45.08,1012.71,318.2
167.0,24.05,44.31,1012.13,322.4
168.0,24.09,44.71,1012.39,317.5
169.0,24.02,44.48,1012.46,315.7
170.0,23.88,44.94,1012.39,318.0
171.0,23.9,44.77,1012.53,316.8
172.0,24.07,45.09,1012.33,318.2
173.0,24.04,46.61,1012.4,321.4
174.0,23.97,44.72,1012.37,323.0
175.0,23.98,44.9,1012.25,321.9
176.0,23.98,44.93,1012.16,318.3
177.0,23.87,44.18,1012.74,316.5
178.0,24.03,45.1,1012.31,319.3
179.0,24.02,44.82,1012.38,320.7
180.0,24.13,44.99,1012.41,326.5
181.0,24.0,45.28,1012.19,318.2
182.0,24.04,45.96,1012.21,318.1
183.0,23.96,45.22,1012.64,316.0
184.0,23.95,45.04,1012.25,321.2
185.0,23.96,44.95,1012.28,323.9
186.0,23.94,44.75,1012.4,322.3
187.0,23.98,44.49,1012.47,319.2
188.0,24.06,44.72,1012.43,318.8
189.0,24.05,45.04,1012.29,318.5
190.0,23.96,45.85,1012.46,325.6
191.0,24.13,45.33,1012.45,321.6
192.0,24.06,44.9,1012.25,321.9
193.0,24.0,45.05,1012.46,315.4
194.0,24.13,44.78,1012.34,321.9
195.0,23.92,44.94,1012.28,315.3
196.0,23.96,45.03,1012.55,316.7
197.0,23.92,45.63,1012.24,323.8
198.0,24.04,45.39,1012.48,325.7
199.0,24.15,44.94,1012.43,320.9
200.0,24.0,45.02,1012.43,321.6
201.0,23.9,45.44,1012.44,321.7
202.0,23.99,44.93,1012.28,325.1
203.0,24.02,44.75,1012.64,317.7
204.0,24.04,44.98,1012.68,319.4
205.0,23.96,44.88,1012.17,323.9
206.0,23.84,45.29,1012.23,315.4
207.0,23.93,45.26,1012.61,318.0
208.0,23.91,44.84,1012.34,321.4
209.0,24.0,45.97,1012.13,319.7
210.0,24.06,45.35,1012.37,318.9
211.0,24.04,45.6,1012.52,322.4
212.0,24.06,45.81,1012.38,322.2
213.0,24.02,44.88,1012.55,323.1
214.0,23.91,45.05,1012.35,317.0
215.0,23.97,44.69,1012.51,324.8
216.0,24.11,45.03,1012.43,319.7
217.0,24.01,44.68,1012.35,324.7
218.0,24.15,45.5,1012.22,316.0
219.0,24.01,44.72,1012.48,319.3
220.0,23.95,45.19,1012.53,317.2
221.0,24.03,45.04,1012.27,326.3
222.0,24.12,44.66,1012.39,317.9
223.0,23.94,44.7,1012.53,317.7
224.0,24.12,45.43,1012.56,319.9
225.0,24.15,45.67,1012.24,320.4
226.0,24.01,44.6,1012.3,318.9
227.0,23.9,45.06,1012.36,318.7
228.0,23.99,44.79,1012.34,314.6
229.0,23.99,44.59,1012.34,323.4
230.0,24.11,44.16,1012.63,314.0
231.0,23.91,45.5,1012.65,318.0
232.0,23.97,44.18,1012.41,322.2
233.0,24.09,45.56,1012.6,322.8
234.0,24.06,44.14,1012.27,323.6
235.0,23.87,44.38,1012.24,319.2
236.0,24.05,44.53,1012.38,318.3
237.0,24.01,45.36,1012.38,320.3
238.0,24.07,44.96,1012.32,319.1
239.0,24.07,45.22,1012.64,315.5
240.0,23.91,45.14,1012.32,321.1
241.0,23.98,45.36,1012.2,320.8
242.0,24.14,44.97,1012.46,318.3
243.0,23.87,44.82,1012.53,317.4
244.0,24.02,45.21,1012.41,319.2
245.0,24.1,45.17,1012.47,317.4
246.0,24.2,44.03,1012.22,318.7
247.0,24.03,45.82,1012.59,321.4
248.0,24.04,44.97,1012.37,321.2
249.0,23.88,44.68,1012.42,316.8
250.0,24.06,44.49,1012.11,317.0
251.0,24.05,44.47,1012.38,317.7
252.0,23.93,44.88,1012.31,320.6
253.0,24.08,44.64,1012.29,319.4
254.0,24.04,45.01,1012.15,321.3
255.0,24.08,44.86,1012.67,317.3
256.0,23.99,45.0,1012.55,319.7
257.0,24.06,45.03,1012.25,324.8
258.0,23.91,45.11,1012.39,323.1
259.0,23.98,44.48,1012.71,318.2
260.0,24.01,44.64,1012.4,314.7
261.0,23.98,44.7,1012.45,320.4
262.0,23.92,45.52,1012.5,324.3
263.0,23.99,44.89,1012.48,324.2
264.0,23.91,45.1,1012.56,323.8
265.0,23.93,45.22,1011.98,317.5
266.0,23.89,46.01,1012.29,316.5
267.0,23.87,45.74,1012.14,315.5
268.0,24.02,44.89,1012.4,321.1
269.0,23.95,45.07,1012.48,319.6
270.0,23.85,45.16,1012.58,322.7
271.0,24.05,46.09,1012.58,314.0
272.0,23.87,45.12,1012.38,321.7
273.0,24.0,45.05,1012.44,319.8
274.0,24.07,45.31,1012.29,316.6
275.0,23.94,44.93,1012.23,318.4
276.0,23.85,45.1,1012.1,323.8
277.0,24.06,44.81,1012.55,316.8
278.0,24.11,44.64,1012.13,323.3
279.0,23.89,44.99,1012.4,317.6
280.0,23.95,45.11,1012.62,317.6
281.0,24.16,45.06,1012.19,318.0
282.0,23.98,44.73,1012.49,322.5
283.0,24.01,45.06,1012.32,319.1
284.0,24.02,45.42,1012.36,318.4
285.0,23.92,45.11,1012.54,320.7
286.0,24.0,45.37,1012.49,318.3
287.0,23.85,44.84,1012.31,318.6
288.0,24.05,44.78,1012.09,316.8
289.0,24.17,44.21,1012.86,318.1
290.0,23.92,44.61,1012.09,320.2
291.0,24.0,45.13,1012.35,319.9
292.0,23.97,45.58,1012.44,318.5
293.0,23.95,44.9,1012.45,322.2
294.0,23.86,45.42,1012.69,321.2
295.0,24.09,44.65,1012.42,317.0
296.0,23.96,44.56,1012.24,320.9
297.0,24.0,45.22,1012.5,316.5
298.0,23.99,45.6,1012.18,319.3
299.0,23.96,44.34,1012.26,323.3
300.0,24.06,45.71,1012.32,319.1
301.0,23.9,44.65,1012.32,324.8
302.0,23.99,44.58,1012.37,316.1
303.0,24.04,44.45,1012.46,318.1
304.0,23.84,44.31,1012.5,314.5
305.0,23.93,45.04,1012.46,321.7
306.0,23.82,45.33,1012.55,322.8
307.0,23.91,44.62,1012.8,315.4
308.0,24.05,45.21,1012.5,326.3
309.0,23.86,45.25,1012.5,318.6
310.0,24.18,44.66,1012.31,326.9
311.0,24.12,44.99,1011.96,320.8
312.0,24.1,44.53,1012.52,321.0
313.0,24.04,45.37,1012.62,321.1
314.0,24.02,44.81,1012.36,321.2
315.0,24.01,45.31,1012.26,319.3
316.0,23.92,44.7,1012.59,321.4
317.0,24.03,44.73,1012.51,319.7
318.0,24.09,45.54,1012.18,319.1
319.0,24.04,45.04,1012.34,320.0
320.0,23.91,45.42,1012.19,319.1
321.0,23.94,44.98,1012.6,322.7
322.0,23.73,44.89,1012.33,318.3
323.0,24.03,44.19,1012.28,320.1
324.0,23.92,45.38,1012.54,326.7
325.0,23.89,44.3,1012.24,320.6
326.0,24.11,44.53,1012.62,318.7
327.0,24.04,44.44,1012.56,321.0
328.0,23.9,45.52,1012.31,317.9
329.0,24.14,44.68,1012.23,313.2
330.0,24.07,44.97,1012.4,324.1
331.0,24.08,44.88,1012.11,318.1
332.0,24.0,44.44,1012.22,326.2
333.0,24.1,44.68,1012.2,317.9
334.0,23.99,45.42,1012.52,317.5
335.0,23.98,45.01,1012.37,322.7
336.0,24.01,45.15,1012.53,326.8
337.0,23.99,45.77,1012.31,316.8
338.0,24.13,45.58,1012.43,320.7
339.0,24.06,45.5,1012.16,325.8
340.0,23.95,44.95,1012.39,318.3
341.0,24.13,45.04,1012.35,326.5
342.0,24.12,44.49,1012.37,323.0
343.0,23.97,44.88,1012.38,322.7
344.0,24.18,44.99,1012.46,315.7
345.0,23.99,44.38,1012.61,319.1
346.0,24.08,45.54,1012.54,318.2
347.0,23.96,45.18,1012.64,314.8
348.0,24.09,45.11,1012.46,325.0
349.0,24.03,44.67,1012.32,323.9
350.0,24.01,44.86,1012.27,322.5
351.0,23.9,45.37,1012.38,322.0
352.0,23.89,45.22,1012.54,315.2
353.0,23.97,45.36,1012.2,321.4
354.0,24.03,45.16,1012.51,318.6
355.0,23.99,44.5,1012.12,323.9
356.0,23.96,45.07,1012.43,315.0
357.0,23.92,44.38,1012.25,318.3
358.0,24.0,44.93,1012.42,321.8
359.0,24.06,45.18,1012.34,319.1
360.0,24.0,44.87,1012.55,317.8
361.0,24.03,45.02,1012.49,318.5
362.0,23.84,44.72,1012.74,318.8
363.0,23.82,44.85,1012.41,328.1
364.0,23.88,45.09,1012.5,323.5
365.0,24.11,44.78,1012.32,325.1
366.0,24.18,44.94,1012.33,322.2
367.0,23.96,45.3,1012.35,316.7
368.0,23.91,44.7,1012.45,321.9
369.0,24.02,45.02,1012.49,314.4
370.0,23.97,44.55,1012.23,316.2
371.0,24.07,45.31,1012.65,320.1
372.0,23.94,44.86,1012.59,322.9
373.0,24.11,45.19,1012.42,323.4
374.0,24.15,44.97,1012.33,318.3
375.0,24.06,44.52,1012.14,318.4
376.0,24.1,44.73,1012.16,314.9
377.0,24.03,45.07,1012.15,321.5
378.0,24.02,45.58,1012.61,316.8
379.0,24.0,45.53,1012.62,322.6
380.0,23.94,44.57,1012.33,321.8
381.0,24.0,45.46,1012.5,323.0
382.0,24.03,44.85,1012.48,316.7
383.0,23.96,44.46,1012.62,314.1
384.0,23.99,44.35,1012.24,317.8
385.0,23.98,44.98,1012.5,320.0
386.0,23.92,45.3,1012.33,319.4
387.0,24.06,45.76,1012.0,319.8
388.0,24.13,45.23,1012.75,323.5
389.0,24.06,44.59,1012.43,316.1
390.0,23.93,44.31,1012.9,315.4
391.0,24.03,43.83,1012.46,322.3
392.0,23.94,44.66,1012.32,316.0
393.0,24.13,44.82,1012.37,318.9
394.0,24.04,45.53,1012.57,320.7
395.0,23.86,45.43,1012.56,320.6
396.0,23.97,44.86,1012.69,321.7
397.0,24.05,44.7,1012.23,320.7
398.0,23.96,44.64,1012.33,321.5
399.0,23.95,44.65,1012.39,321.4
400.0,24.04,44.89,1012.33,319.0
401.0,24.11,45.04,1012.19,323.1
402.0,23.92,45.32,1012.5,323.8
403.0,24.12,44.55,1012.28,311.5
404.0,23.99,45.11,1012.17,318.2
405.0,23.95,45.01,1012.73,324.2
406.0,24.08,45.43,1012.5,321.0
407.0,24.01,44.31,1012.33,319.9
408.0,24.05,44.67,1012.59,316.1
409.0,23.96,45.15,1012.45,320.8
410.0,24.05,45.47,1012.53,319.5
411.0,23.98,45.28,1012.45,323.5
412.0,24.07,44.41,1012.32,318.9
413.0,23.95,46.0,1012.37,317.9
414.0,24.03,45.46,1012.67,320.5
415.0,23.93,45.6,1012.24,319.5
416.0,24.11,45.16,1012.44,323.8
417.0,23.97,45.47,1012.17,325.6
418.0,24.08,45.1,1012.65,318.3
419.0,24.02,44.58,1012.36,319.0
420.0,23.95,45.5,1012.41,312.5
421.0,23.96,44.57,1012.24,317.4
422.0,24.06,44.31,1012.39,326.5
423.0,24.01,44.41,1012.55,321.9
424.0,23.93,44.83,1012.17,322.4
425.0,23.91,45.05,1012.27,321.0
426.0,24.05,45.04,1012.63,323.1
427.0,24.07,45.35,1012.34,321.8
428.0,24.03,45.22,1012.48,318.4
429.0,23.97,45.01,1012.26,321.2
430.0,23.93,44.6,1012.62,316.6
431.0,23.85,44.16,1012.22,316.6
432.0,23.92,45.52,1012.4,316.2
433.0,23.91,44.48,1012.48,316.9
434.0,23.98,44.55,1012.56,318.9
435.0,24.02,44.91,1012.76,317.1
436.0,23.9,45.25,1012.59,323.1
437.0,24.06,45.25,1012.1,312.3
438.0,23.95,44.41,1012.43,324.6
439.0,24.08,45.25,1012.11,325.9
440.0,23.92,44.79,1012.35,316.3
441.0,23.97,45.02,1012.6,317.2
442.0,24.0,44.78,1012.46,322.2
443.0,23.9,44.19,1012.42,322.5
444.0,24.06,44.71,1012.46,320.5
445.0,24.04,45.18,1012.2,320.3
446.0,24.04,44.76,1012.19,320.0
447.0,23.89,45.63,1012.26,318.6
448.0,23.93,45.38,1012.5,321.0
449.0,23.82,45.14,1012.21,322.7
450.0,24.0,45.16,1012.54,318.2
451.0,23.98,44.72,1012.5,321.8
452.0,24.06,45.64,1012.7,318.1
453.0,23.88,45.21,1012.5,316.1
454.0,24.04,44.87,1012.47,319.5
455.0,23.87,44.81,1012.48,316.7
456.0,24.08,45.33,1012.54,320.6
457.0,24.08,45.09,1012.29,321.4
458.0,23.87,44.99,1012.56,318.0
459.0,23.97,44.71,1012.42,318.1
460.0,24.06,44.59,1012.39,320.8
461.0,24.06,45.09,1012.28,311.0
462.0,24.08,44.86,1012.27,321.2
463.0,24.08,45.11,1012.4,324.7
464.0,23.93,45.05,1012.61,316.5
465.0,24.04,44.86,1012.09,317.0
466.0,24.04,44.99,1012.29,318.2
467.0,23.95,45.34,1012.3,322.2
468.0,23.98,45.98,1012.53,328.1
469.0,23.97,45.46,1012.2,318.0
470.0,24.05,45.14,1012.53,325.8
471.0,24.07,44.88,1012.41,316.8
472.0,24.02,45.37,1012.28,317.5
473.0,24.03,45.29,1012.31,317.1
474.0,24.09,44.67,1012.28,320.0
475.0,24.08,44.95,1012.43,320.9
476.0,23.95,44.66,1012.67,319.5
477.0,24.15,44.43,1012.28,318.3
478.0,23.91,44.76,1012.38,325.5
479.0,24.1,45.98,1012.3,326.2
480.0,23.89,44.34,1012.53,323.0
481.0,23.97,45.52,1012.49,322.8
482.0,24.04,45.06,1012.61,322.4
483.0,23.93,45.17,1012.3,318.3
484.0,24.02,45.01,1012.45,323.8
485.0,24.06,45.51,1012.44,321.0
486.0,23.97,45.11,1012.24,320.2
487.0,23.83,45.32,1012.42,319.2
488.0,24.02,44.36,1012.1,318.2
489.0,23.99,44.92,1012.57,321.3
490.0,23.87,44.56,1012.16,317.7
491.0,24.01,45.21,1012.36,321.2
492.0,24.12,44.54,1012.53,321.6
493.0,23.92,45.15,1012.7,315.5
494.0,24.08,45.56,1012.2,317.9
495.0,23.84,44.45,1012.53,328.8
496.0,24.03,44.62,1012.26,317.0
497.0,23.9,45.35,1012.28,317.1
498.0,24.12,44.66,1012.37,318.3
499.0,24.02,44.98,1012.23,324.5
500.0,24.06,45.22,1012.22,317.2
501.0,23.93,45.21,1012.49,316.7
502.0,24.03,44.96,1012.58,324.7
503.0,24.02,44.99,1012.53,318.9
504.0,23.99,44.86,1012.3,321.5
505.0,23.97,44.51,1012.45,314.4
506.0,23.99,44.48,1012.65,320.3
507.0,24.06,45.97,1012.48,323.7
508.0,24.06,44.95,1012.31,321.8
509.0,23.89,44.54,1012.51,321.1
510.0,24.02,45.49,1012.33,322.2
511.0,23.94,45.35,1012.22,322.2
512.0,24.05,45.23,1012.44,319.1
513.0,23.87,44.82,1012.32,323.7
514.0,23.92,45.26,1012.65,324.7
515.0,23.95,45.73,1012.33,325.0
516.0,24.04,45.26,1012.55,316.4
517.0,23.97,44.7,1012.42,319.1
518.0,23.85,45.15,1012.22,313.8
519.0,23.98,44.94,1012.45,316.7
520.0,23.98,44.47,1012.5,319.1
521.0,23.93,44.7,1012.49,318.1
522.0,23.94,45.05,1012.38,320.9
523.0,23.95,44.77,1012.35,319.7
524.0,24.0,45.24,1012.44,317.8
525.0,23.94,44.85,1012.36,326.9
526.0,24.08,44.93,1012.32,320.5
527.0,24.0,45.79,1012.06,314.2
528.0,23.98,44.95,1012.41,319.5
529.0,24.01,45.07,1012.52,322.4
530.0,23.82,44.87,1012.54,321.2
531.0,23.96,44.95,1012.23,324.4
532.0,23.98,45.54,1012.45,324.1
533.0,23.94,44.88,1012.58,310.6
534.0,23.83,44.91,1012.42,319.2
535.0,23.77,44.93,1012.13,322.2
536.0,23.95,45.07,1012.3,324.7
537.0,23.92,44.37,1012.27,320.3
538.0,24.13,45.28,1012.46,314.9
539.0,24.09,44.88,1012.36,324.0
540.0,24.0,44.36,1012.49,324.1
541.0,24.01,44.19,1012.43,315.8
542.0,23.97,44.89,1012.45,319.3
543.0,23.97,44.25,1012.45,314.8
544.0,23.98,44.7,1012.43,319.3
545.0,23.98,44.68,1012.43,318.0
546.0,23.93,45.11,1012.38,321.3
547.0,24.04,44.42,1012.42,321.0
548.0,24.14,44.46,1012.56,320.6
549.0,23.91,44.76,1012.33,322.9
550.0,23.87,44.58,1012.5,321.8
551.0,23.95,45.19,1012.31,319.5
552.0,23.75,44.89,1012.45,326.7
553.0,23.86,44.18,1012.46,323.7
554.0,23.92,45.18,1012.3,322.6
555.0,23.95,45.04,1012.44,315.3
556.0,24.01,45.21,1012.47,318.9
557.0,24.02,45.27,1012.47,322.3
558.0,24.03,45.49,1012.06,322.9
559.0,23.89,44.9,1012.38,321.4
560.0,24.02,45.31,1012.44,320.0
561.0,23.92,45.23,1012.1,321.6
562.0,24.04,44.26,1012.56,319.5
563.0,23.95,45.31,1012.57,319.6
564.0,23.96,45.48,1012.01,321.3
565.0,24.07,45.66,1012.39,321.6
566.0,24.06,45.38,1012.31,318.0
567.0,24.06,44.95,1012.3,319.2
568.0,24.18,45.29,1012.38,317.7
569.0,24.06,45.57,1012.3,322.2
570.0,24.09,45.03,1012.04,316.3
571.0,23.82,45.69,1012.45,318.3
572.0,23.93,45.2,1012.49,316.4
573.0,23.92,44.62,1012.22,318.0
574.0,23.96,44.75,1012.44,317.5
575.0,23.95,44.77,1012.83,321.0
576.0,24.01,44.69,1012.3,318.4
577.0,24.08,44.01,1012.24,321.5
578.0,24.1,44.45,1012.45,315.1
579.0,23.82,45.23,1012.24,320.2
580.0,24.0,45.22,1012.08,319.0
581.0,23.84,44.76,1012.3,319.3
582.0,24.04,45.3,1012.63,319.7
583.0,23.91,45.0,1012.25,318.1
584.0,23.9,44.67,1012.47,321.9
585.0,24.08,44.93,1012.21,319.0
586.0,23.98,44.58,1012.38,316.8
587.0,23.95,44.32,1012.72,321.6
588.0,23.96,45.0,1012.4,318.7
589.0,24.04,45.03,1012.28,318.8
590.0,24.0,45.23,1012.58,320.4
591.0,23.97,45.91,1012.4,314.7
592.0,24.05,44.7,1012.49,318.2
593.0,24.03,45.66,1012.68,317.1
594.0,23.98,44.6,1012.34,318.1
595.0,23.93,44.91,1012.09,321.3
596.0,23.92,44.57,1012.5,321.5
597.0,23.91,44.99,1012.39,322.7
598.0,23.9,44.98,1012.33,322.7
599.0,23.83,45.66,1012.32,320.9
600.0,24.03,45.09,1012.32,316.0
601.0,23.94,44.71,1012.3,319.3
602.0,24.06,45.66,1012.51,322.0
603.0,24.06,44.7,1012.23,317.6
604.0,24.09,45.13,1012.38,316.6
605.0,24.0,45.28,1012.04,319.6
606.0,24.08,45.87,1012.55,323.0
607.0,23.97,45.32,1012.37,320.8
608.0,24.03,45.22,1012.28,321.6
609.0,23.94,44.77,1012.87,322.3
610.0,24.03,44.5,1012.58,314.9
611.0,23.96,44.91,1012.56,319.9
612.0,24.01,44.83,1012.36,320.9
613.0,24.0,44.98,1012.36,323.8
614.0,24.01,45.62,1012.27,318.8
615.0,24.09,45.37,1012.5,316.3
616.0,23.93,45.24,1012.51,320.6
617.0,24.2,44.73,1012.36,320.5
618.0,23.95,45.03,1012.3,314.9
619.0,24.12,44.8,1012.43,326.9
620.0,24.14,45.18,1012.24,319.9
621.0,24.02,44.81,1012.49,322.9
622.0,24.06,45.02,1012.26,317.7
623.0,24.03,44.84,1012.6,323.6
624.0,24.07,45.33,1012.6,321.7
625.0,24.17,45.25,1012.33,327.3
626.0,24.02,44.54,1012.3,318.9
627.0,24.07,44.57,1012.25,321.5
628.0,24.17,44.68,1012.38,324.1
629.0,24.14,44.38,1012.54,321.3
630.0,24.1,44.66,1012.61,321.4
631.0,24.01,45.44,1012.42,323.1
632.0,24.16,44.87,1012.47,320.8
633.0,24.17,44.63,1012.63,319.3
634.0,23.95,45.13,1012.21,316.1
635.0,24.04,45.07,1012.35,317.3
636.0,24.05,45.25,1012.46,319.8
637.0,23.92,44.7,1012.49,321.3
638.0,24.06,44.98,1012.11,320.5
639.0,24.13,45.05,1012.62,322.3
640.0,24.03,44.38,1012.07,322.9
641.0,23.85,45.13,1012.55,317.2
642.0,24.01,44.41,1012.6,323.5
643.0,24.0,44.71,1012.32,318.1
644.0,23.96,44.31,1012.47,314.3
645.0,24.04,44.74,1012.49,320.8
646.0,24.09,44.21,1012.19,321.9
647.0,24.16,44.84,1012.34,319.9
648.0,23.98,44.13,1012.12,321.2
649.0,24.04,44.57,1012.43,315.8
650.0,24.08,44.32,1012.2,320.6
651.0,24.15,45.25,1012.44,325.1
652.0,24.01,44.98,1012.33,319.4
653.0,24.13,44.68,1012.51,318.5
654.0,24.11,44.71,1012.43,324.2
655.0,24.07,45.12,1012.29,315.8
656.0,24.08,44.67,1012.43,319.0
657.0,24.19,44.71,1012.35,320.1
658.0,24.1,44.83,1012.35,321.7
659.0,24.04,44.53,1012.3,317.9
660.0,23.97,44.9,1012.54,318.8
661.0,24.0,44.64,1012.22,323.6
662.0,24.09,43.98,1012.12,324.0
663.0,24.19,44.35,1012.68,314.6
664.0,24.03,44.91,1012.31,326.8
665.0,24.13,44.57,1012.41,316.7
666.0,24.05,45.02,1012.6,322.6
667.0,24.14,45.23,1012.3,316.9
668.0,24.16,44.64,1012.51,320.1
669.0,24.05,44.14,1012.6,320.3
670.0,24.12,44.57,1012.4,323.2
671.0,24.19,44.32,1012.29,324.0
672.0,24.06,44.65,1012.38,317.2
673.0,24.07,44.82,1012.46,325.3
674.0,24.12,45.38,1012.63,321.5
675.0,24.21,44.78,1012.39,321.3
676.0,23.97,44.42,1012.4,316.5
677.0,24.3,43.48,1012.55,317.0
678.0,24.03,44.79,1012.51,319.4
679.0,24.28,44.85,1012.43,313.2
680.0,24.15,44.24,1012.26,315.8
681.0,24.18,44.24,1012.5,319.3
682.0,24.1,44.66,1012.34,315.4
683.0,24.16,44.2,1012.48,322.5
684.0,24.28,44.78,1012.3,315.0
685.0,24.02,44.35,1012.49,322.7
686.0,24.11,44.1,1012.31,323.3
687.0,24.27,44.68,1012.57,320.5
688.0,24.11,44.63,1012.46,315.8
689.0,24.23,44.83,1012.55,317.3
690.0,24.02,44.44,1012.34,322.6
691.0,23.95,44.7,1012.57,315.6
692.0,24.15,43.96,1012.36,321.8
693.0,24.15,44.59,1012.06,315.8
694.0,24.17,44.49,1012.4,316.4
695.0,24.12,44.81,1012.55,321.6
696.0,24.22,44.47,1012.29,320.5
697.0,24.08,45.05,1012.46,328.0
698.0,24.15,44.33,1012.56,316.8
699.0,24.26,44.0,1012.48,319.4
700.0,24.3,45.08,1012.46,317.6
701.0,24.17,44.45,1012.28,321.5
702.0,24.19,44.97,1012.6,322.1
703.0,24.12,44.58,1012.39,319.7
704.0,24.11,44.13,1012.17,321.2
705.0,24.15,44.09,1012.24,317.9
706.0,24.14,43.82,1012.48,320.8
707.0,24.12,44.38,1012.27,321.6
708.0,24.23,44.68,1012.48,318.7
709.0,24.18,43.73,1012.46,320.6
710.0,24.17,44.49,1012.53,317.3
711.0,24.15,44.49,1012.51,323.0
712.0,24.12,44.29,1012.41,318.9
713.0,24.01,44.64,1012.5,318.6
714.0,24.1,44.56,1012.36,318.0
715.0,24.1,44.12,1012.46,322.6
716.0,24.21,44.74,1012.56,324.5
717.0,24.25,44.11,1012.43,315.8
718.0,24.07,44.22,1012.48,319.0
719.0,24.23,45.18,1012.31,320.6
720.0,24.1,44.15,1012.52,321.3
721.0,24.17,44.27,1012.42,319.2
722.0,24.2,44.52,1012.44,322.0
723.0,24.33,43.76,1012.36,320.3
724.0,24.32,44.17,1012.32,321.2
725.0,24.28,43.53,1012.61,319.9
726.0,24.2,43.96,1012.45,318.0
727.0,24.18,43.67,1012.52,321.6
728.0,24.2,44.32,1012.28,320.4
729.0,24.27,43.22,1012.33,315.4
730.0,24.12,43.85,1012.4,317.8
731.0,24.29,44.17,1012.55,325.0
732.0,24.23,44.28,1012.82,319.1
733.0,24.27,43.87,1012.44,321.0
734.0,24.1,43.65,1012.34,321.4
735.0,24.19,43.7,1012.61,320.0
736.0,24.28,44.54,1012.61,313.9
737.0,24.11,43.7,1012.43,318.6
738.0,24.19,43.9,1012.25,323.5
739.0,24.2,44.48,1012.47,324.2
740.0,24.16,43.77,1012.43,318.3
741.0,24.12,44.81,1012.34,324.6
742.0,24.39,43.91,1012.5,315.6
743.0,24.3,44.11,1012.66,319.5
744.0,24.24,44.15,1012.26,316.2
745.0,24.25,44.17,1012.34,328.0
746.0,24.15,44.14,1012.39,318.0
747.0,24.29,44.28,1012.35,322.0
748.0,24.13,44.65,1012.35,321.5
749.0,24.2,44.38,1012.13,320.0
750.0,24.14,43.71,1012.3,321.5
751.0,24.25,44.73,1012.21,323.3
752.0,24.35,44.06,1012.18,317.7
753.0,24.2,44.21,1012.31,322.2
754.0,24.12,44.43,1012.5,317.2
755.0,24.16,44.56,1012.39,326.2
756.0,24.18,42.93,1012.55,323.0
757.0,24.23,43.89,1012.47,320.6
758.0,24.3,43.91,1012.33,318.6
759.0,24.24,43.71,1012.5,325.3
760.0,24.06,43.64,1012.52,321.0
761.0,24.24,44.24,1012.51,321.0
762.0,24.27,43.76,1012.46,315.2
763.0,24.23,44.11,1012.14,323.4
764.0,24.32,44.59,1012.31,326.5
765.0,24.46,44.23,1012.32,317.7
766.0,24.18,43.82,1012.5,319.7
767.0,24.4,43.28,1012.38,319.4
768.0,24.36,43.93,1012.3,320.5
769.0,24.3,43.37,1012.22,319.4
770.0,24.3,44.09,1012.48,318.1
771.0,24.27,43.61,1012.65,320.6
772.0,24.46,43.54,1012.58,319.5
773.0,24.34,43.47,1012.36,315.9
774.0,24.33,43.62,1012.5,314.0
775.0,24.19,43.81,1012.75,315.7
776.0,24.37,44.11,1012.36,320.4
777.0,24.34,43.72,1012.2,327.0
778.0,24.37,43.88,1012.32,320.5
779.0,24.3,42.69,1012.35,322.0
780.0,24.26,43.74,1012.55,323.8
781.0,24.22,43.27,1012.41,316.4
782.0,24.27,43.57,1012.27,319.0
783.0,24.23,43.67,1012.48,326.5
784.0,24.35,44.0,1012.29,319.5
785.0,24.4,43.34,1012.59,319.5
786.0,24.27,44.0,1012.42,318.6
787.0,24.26,42.69,1012.19,319.4
788.0,24.26,42.33,1012.28,318.8
789.0,24.36,43.36,1012.28,322.2
790.0,24.27,44.84,1012.35,324.5
791.0,24.44,44.06,1012.37,316.7
792.0,24.44,44.68,1012.13,313.1
793.0,24.29,43.4,1012.31,319.5
794.0,24.32,43.92,1012.61,319.2
795.0,24.28,43.44,1012.85,321.8
796.0,24.37,43.74,1012.46,321.1
797.0,24.29,43.71,1012.3,320.5
798.0,24.28,43.85,1012.28,319.6
799.0,24.41,43.8,1012.53,317.5
800.0,24.47,44.2,1012.48,322.2
801.0,24.26,43.33,1012.53,315.8
802.0,24.36,43.46,1012.36,319.9
803.0,24.42,43.74,1012.61,321.9
804.0,24.35,43.26,1012.3,319.8
805.0,24.16,43.47,1012.5,317.5
806.0,24.56,43.75,1012.73,323.1
807.0,24.36,43.15,1012.2,317.6
808.0,24.38,43.56,1012.4,314.0
809.0,24.3,44.45,1012.35,319.6
810.0,24.32,43.03,1012.35,319.1
811.0,24.37,43.73,1012.32,315.8
812.0,24.28,43.58,1012.3,316.0
813.0,24.33,43.92,1012.23,320.1
814.0,24.33,44.18,1012.45,317.7
815.0,24.59,43.76,1012.56,317.2
816.0,24.35,44.31,1012.39,317.1
817.0,24.3,43.59,1012.48,320.1
818.0,24.32,43.68,1012.2,318.6
819.0,24.35,44.13,1012.46,319.5
820.0,24.33,43.21,1012.48,318.1
821.0,24.46,43.1,1012.29,322.2
822.0,24.32,43.13,1012.42,319.5
823.0,24.42,43.41,1012.6,320.2
824.0,24.45,43.46,1012.43,318.1
825.0,24.24,43.35,1012.58,320.7
826.0,24.45,43.67,1012.26,320.9
827.0,24.38,43.69,1012.18,316.2
828.0,24.51,42.65,1012.35,316.2
829.0,24.49,43.32,1012.22,322.4
830.0,24.38,43.23,1012.26,323.0
831.0,24.37,44.12,1012.4,319.2
832.0,24.42,43.59,1012.31,317.7
833.0,24.47,43.57,1012.3,318.8
834.0,24.33,43.94,1012.39,321.3
835.0,24.43,43.08,1012.25,318.6
836.0,24.48,42.96,1012.72,322.7
837.0,24.33,43.81,1012.29,320.0
838.0,24.43,43.37,1012.19,315.7
839.0,24.32,43.36,1012.35,322.8
840.0,24.37,42.82,1012.44,325.9
841.0,24.39,43.15,1012.36,322.0
842.0,24.36,43.43,1012.52,317.9
843.0,24.49,42.72,1012.29,319.0
844.0,24.33,43.28,1012.21,323.2
845.0,24.41,42.49,1012.13,318.3
846.0,24.35,43.36,1012.49,318.0
847.0,24.32,43.08,1012.76,322.6
848.0,24.38,43.81,1012.03,317.2
849.0,24.5,42.96,1012.41,317.1
850.0,24.41,43.37,1012.34,319.7
851.0,24.34,43.01,1012.6,318.2
852.0,24.5,43.78,1012.35,320.8
853.0,24.42,43.16,1012.48,323.2
854.0,24.49,44.11,1012.39,317.5
855.0,24.39,43.48,1012.27,320.1
856.0,24.29,43.39,1012.4,318.2
857.0,24.33,42.86,1012.3,320.6
858.0,24.41,42.59,1012.42,321.8
859.0,24.41,43.5,1012.54,318.2
860.0,24.43,43.0,1012.41,322.5
861.0,24.34,43.62,1012.42,326.6
862.0,24.58,42.49,1012.41,317.8
863.0,24.49,43.76,1012.46,316.6
864.0,24.51,43.07,1012.5,319.3
865.0,24.43,43.72,1012.48,314.7
866.0,24.46,43.59,1012.3,317.9
867.0,24.45,42.97,1012.45,316.0
868.0,24.42,43.29,1012.32,318.4
869.0,24.36,42.76,1012.62,318.6
870.0,24.39,42.98,1012.33,324.6
871.0,24.32,42.84,1012.65,319.2
872.0,24.42,43.31,1012.15,316.8
873.0,24.38,43.31,1012.3,325.9
874.0,24.44,43.11,1012.56,319.9
875.0,24.31,43.23,1012.31,324.6
876.0,24.38,43.24,1012.49,322.9
877.0,24.48,43.28,1012.49,319.0
878.0,24.25,43.14,1012.46,319.4
879.0,24.5,44.2,1012.35,321.4
880.0,24.46,42.47,1012.43,321.4
881.0,24.46,42.55,1012.22,321.4
882.0,24.54,43.2,1012.43,320.7
883.0,24.47,43.46,1012.51,321.3
884.0,24.48,42.62,1012.2,320.8
885.0,24.47,42.92,1012.65,321.3
886.0,24.49,42.94,1012.43,320.1
887.0,24.5,43.22,1012.2,325.5
888.0,24.46,43.32,1012.12,317.1
889.0,24.42,42.66,1012.57,321.8
890.0,24.39,42.92,1012.55,318.3
891.0,24.42,42.5,1012.37,318.3
892.0,24.52,42.93,1012.42,322.0
893.0,24.45,43.3,1012.49,322.5
894.0,24.36,42.85,1012.2,320.7
895.0,24.42,43.1,1012.01,317.3
896.0,24.38,42.87,1012.45,325.5
897.0,24.36,43.51,1012.41,321.5
898.0,24.52,43.47,1012.32,320.5
899.0,24.65,43.09,1012.37,319.9
900.0,24.54,42.3,1012.49,323.0
901.0,24.43,43.64,1012.39,323.8
902.0,24.48,42.91,1012.28,319.4
903.0,24.61,42.72,1012.64,321.8
904.0,24.58,43.06,1012.14,321.5
905.0,24.65,42.98,1012.45,316.4
906.0,24.5,42.54,1012.22,319.7
907.0,24.43,42.86,1012.45,321.8
908.0,24.58,43.23,1012.46,319.3
909.0,24.38,42.58,1012.57,322.0
910.0,24.41,43.64,1012.46,323.2
911.0,24.54,42.92,1012.46,318.0
912.0,24.51,43.47,1012.44,316.2
913.0,24.52,43.28,1012.25,319.5
914.0,24.48,42.84,1012.6,319.9
915.0,24.44,42.73,1012.25,319.8
916.0,24.48,42.53,1012.11,316.6
917.0,24.53,42.7,1012.51,315.8
918.0,24.63,42.81,1012.28,324.5
919.0,24.56,43.05,1012.54,315.7
920.0,24.48,43.61,1012.3,321.6
921.0,24.4,42.44,1012.61,324.3
922.0,24.64,42.78,1012.26,320.0
923.0,24.56,42.3,1012.5,318.3
924.0,24.49,42.86,1012.45,318.1
925.0,24.34,43.19,1012.34,321.6
926.0,24.58,42.3,1012.49,317.1
927.0,24.55,43.3,1012.33,318.1
928.0,24.59,42.88,1012.38,321.2
929.0,24.64,42.72,1012.63,319.7
930.0,24.57,42.03,1012.17,325.0
931.0,24.49,43.38,1012.64,316.3
932.0,24.43,42.61,1012.42,321.7
933.0,24.59,42.51,1012.63,315.5
934.0,24.66,43.01,1012.2,324.4
935.0,24.61,42.75,1012.35,317.3
936.0,24.52,42.5,1012.22,317.8
937.0,24.73,42.0,1012.16,319.6
938.0,24.54,43.37,1012.07,322.3
939.0,24.59,43.43,1012.55,323.3
940.0,24.5,43.01,1012.46,312.6
941.0,24.61,41.99,1012.49,320.3
942.0,24.35,42.3,1012.49,323.2
943.0,24.6,42.72,1012.38,320.4
944.0,24.58,42.82,1012.23,324.2
945.0,24.61,42.41,1012.34,320.0
946.0,24.44,42.53,1012.0,320.8
947.0,24.41,42.97,1012.53,317.4
948.0,24.49,43.33,1012.37,315.0
949.0,24.63,42.52,1012.52,315.3
950.0,24.65,43.07,1012.55,319.7
951.0,24.58,42.24,1012.24,320.0
952.0,24.72,42.64,1012.26,313.3
953.0,24.65,42.5,1012.46,323.2
954.0,24.7,43.18,1012.35,313.0
955.0,24.59,42.47,1012.4,326.8
956.0,24.73,42.54,1012.47,320.9
957.0,24.43,42.47,1012.52,320.7
958.0,24.44,43.13,1012.4,320.1
959.0,24.59,42.1,1012.42,315.6
960.0,24.67,42.07,1012.25,316.2
961.0,24.61,42.46,1012.22,314.8
962.0,24.58,43.02,1012.55,322.4
963.0,24.55,43.37,1012.35,321.1
964.0,24.68,42.42,1012.5,321.3
965.0,24.63,43.03,1012.58,319.5
966.0,24.7,41.54,1012.44,321.8
967.0,24.56,42.1,1012.28,314.1
968.0,24.68,42.81,1012.41,315.4
969.0,24.61,42.33,1012.37,322.7
970.0,24.6,42.62,1012.61,319.2
971.0,24.5,43.34,1012.41,320.1
972.0,24.65,42.11,1012.51,319.2
973.0,24.57,43.03,1012.33,323.2
974.0,24.64,43.02,1012.6,320.8
975.0,24.74,42.51,1012.19,317.0
976.0,24.67,42.14,1012.35,319.1
977.0,24.62,42.87,1012.42,312.9
978.0,24.68,42.46,1012.28,318.3
979.0,24.53,43.21,1012.3,321.8
980.0,24.55,42.86,1012.39,321.9
981.0,24.52,42.94,1012.18,322.4
982.0,24.59,42.01,1012.7,319.7
983.0,24.66,42.43,1012.42,319.2
984.0,24.69,42.47,1012.57,319.5
985.0,24.46,42.36,1012.52,315.2
986.0,24.72,42.27,1012.36,321.6
987.0,24.66,42.15,1012.27,319.6
988.0,24.59,42.12,1012.32,320.4
989.0,24.66,41.9,1012.37,321.7
990.0,24.68,42.69,1012.25,318.9
991.0,24.72,42.79,1012.51,322.0
992.0,24.71,42.39,1012.39,321.3
993.0,24.61,42.2,1012.51,317.7
994.0,24.82,42.58,1012.39,322.7
995.0,24.64,42.72,1012.27,324.7
996.0,24.75,42.07,1012.39,324.0
997.0,24.63,42.63,1012.06,319.2
998.0,24.76,42.71,1012.52,315.4
999.0,24.79,42.34,1012.61,313.4
1000.0,24.52,41.35,1012.44,322.1
1001.0,24.65,42.56,1012.39,317.5
1002.0,24.53,42.76,1012.44,322.0
1003.0,24.57,42.86,1012.23,319.9
1004.0,24.71,42.55,1012.82,321.3
1005.0,24.74,41.73,1012.66,324.3
1006.0,24.71,41.59,1012.46,320.1
1007.0,24.77,42.51,1012.4,318.5
1008.0,24.75,42.72,1012.33,323.6
1009.0,24.84,41.98,1012.22,321.2
1010.0,24.68,41.65,1012.31,321.7
1011.0,24.66,42.62,1012.34,321.5
1012.0,24.68,42.61,1012.36,320.7
1013.0,24.72,41.83,1012.36,318.2
1014.0,24.81,42.22,1012.36,320.4
1015.0,24.59,41.65,1012.45,318.0
1016.0,24.64,42.18,1012.0,320.9
1017.0,24.8,41.36,1012.25,318.5
1018.0,24.59,42.37,1012.28,311.6
1019.0,24.76,42.09,1012.48,316.3
1020.0,24.7,42.74,1012.46,321.0
1021.0,24.62,42.44,1012.44,320.3
1022.0,24.78,42.19,1012.62,325.3
1023.0,24.67,41.92,1012.2,325.1
1024.0,24.66,42.49,1012.48,320.0
1025.0,24.63,42.32,1012.41,318.7
1026.0,24.64,41.89,1012.7,316.2
1027.0,24.88,41.75,1012.4,318.9
1028.0,24.72,42.02,1012.26,321.5
1029.0,24.55,41.71,1012.5,316.7
1030.0,24.75,42.14,1012.37,318.3
1031.0,24.73,42.75,1012.46,320.2
1032.0,24.77,41.97,1012.62,316.7
1033.0,24.64,42.39,1012.61,322.3
1034.0,24.71,42.0,1012.48,317.9
1035.0,24.78,41.56,1012.22,319.4
1036.0,24.71,42.11,1012.49,319.5
1037.0,24.71,41.86,1012.45,317.5
1038.0,24.76,41.45,1012.29,318.8
1039.0,24.81,41.86,1012.15,322.1
1040.0,24.67,42.35,1012.66,317.9
1041.0,24.85,42.33,1012.67,316.3
1042.0,24.55,42.23,1012.66,315.9
1043.0,24.85,41.77,1012.41,315.4
1044.0,24.57,41.75,1012.31,319.3
1045.0,24.66,42.45,1012.62,325.7
1046.0,24.89,41.18,1012.52,314.7
1047.0,24.85,41.98,1012.45,323.2
1048.0,24.79,42.09,1012.43,314.6
1049.0,24.74,42.29,1012.31,318.5
1050.0,24.82,42.04,1012.52,323.0
1051.0,24.77,41.72,1012.18,324.6
1052.0,24.65,42.22,1012.33,316.3
1053.0,24.73,42.14,1012.19,324.8
1054.0,24.74,42.65,1012.37,321.4
1055.0,24.73,41.94,1012.41,320.6
1056.0,24.72,41.98,1012.45,313.5
1057.0,24.51,41.84,1012.73,322.3
1058.0,24.7,42.18,1012.28,321.9
1059.0,24.77,42.24,1012.3,315.4
1060.0,24.8,41.95,1012.16,317.2
1061.0,24.86,42.52,1012.33,321.1
1062.0,24.67,41.78,1012.36,319.7
1063.0,24.9,42.03,1012.26,319.8
1064.0,24.72,41.4,1012.25,315.1
1065.0,24.65,41.81,1012.43,324.0
1066.0,24.69,42.1,1012.38,322.7
1067.0,24.82,41.31,1012.25,322.9
1068.0,24.92,41.82,1012.45,321.7
1069.0,24.8,41.85,1012.42,320.9
1070.0,24.78,41.82,1012.46,318.5
1071.0,24.82,42.53,1012.36,325.9
1072.0,24.75,41.86,1012.42,317.3
1073.0,24.75,42.42,1012.37,325.6
1074.0,24.74,41.47,1012.56,317.4
1075.0,24.79,42.01,1012.57,323.8
1076.0,24.71,42.37,1012.31,322.5
1077.0,24.76,41.12,1012.51,320.7
1078.0,24.77,41.91,1012.14,322.3
1079.0,24.81,42.29,1012.09,322.9
1080.0,24.82,41.45,1012.3,320.4
1081.0,24.75,42.47,1011.86,318.1
1082.0,24.78,42.12,1012.75,318.8
1083.0,24.74,41.48,1012.61,316.4
1084.0,24.89,41.67,1012.19,320.4
1085.0,24.95,41.07,1012.52,326.7
1086.0,24.79,41.54,1012.51,319.0
1087.0,24.89,41.45,1012.37,316.9
1088.0,24.93,41.34,1012.31,321.3
1089.0,24.79,41.61,1012.45,319.8
1090.0,24.71,41.82,1012.53,323.0
1091.0,24.8,41.34,1012.54,321.6
1092.0,24.78,41.82,1012.32,318.8
1093.0,24.88,42.04,1012.22,322.3
1094.0,24.85,41.44,1012.05,322.7
1095.0,24.86,41.69,1012.31,318.9
1096.0,24.77,42.17,1012.6,320.3
1097.0,24.85,41.61,1012.73,314.9
1098.0,24.9,41.69,1012.36,323.5
1099.0,24.7,41.97,1012.63,323.8
1100.0,24.82,41.59,1012.53,315.2
1101.0,24.69,41.66,1012.28,315.8
1102.0,24.79,42.09,1012.44,321.8
1103.0,24.82,40.72,1012.48,315.9
1104.0,24.8,41.91,1012.33,320.3
1105.0,24.69,41.9,1012.43,324.5
1106.0,24.87,42.13,1012.39,320.6
1107.0,24.8,41.4,1012.41,318.7
1108.0,24.76,42.43,1012.49,315.1
1109.0,24.78,41.94,1012.26,321.1
1110.0,24.94,41.14,1012.09,324.6
1111.0,24.92,42.06,1012.29,319.6
1112.0,24.95,41.99,1012.39,320.8
1113.0,24.81,41.49,1012.34,320.3
1114.0,24.82,41.86,1012.55,318.7
1115.0,24.8,41.92,1012.4,317.3
1116.0,24.76,41.02,1012.47,316.5
1117.0,24.84,42.24,1012.31,320.5
1118.0,24.83,41.86,1012.46,317.8
1119.0,24.88,41.27,1012.35,318.3
1120.0,24.93,41.85,1012.57,318.0
1121.0,24.79,41.66,1012.49,320.8
1122.0,24.93,41.9,1012.37,314.9
1123.0,24.97,41.44,1012.41,321.9
1124.0,24.92,41.73,1012.52,325.7
1125.0,24.84,42.54,1012.51,316.0
1126.0,24.99,41.48,1012.41,316.4
1127.0,24.91,41.9,1012.32,318.2
1128.0,25.0,41.92,1012.13,315.5
1129.0,24.78,41.53,1012.51,321.3
1130.0,24.77,40.58,1012.59,317.1
1131.0,24.86,41.06,1012.41,325.4
1132.0,24.81,41.19,1012.54,316.8
1133.0,24.79,40.83,1012.59,317.3
1134.0,24.91,41.26,1012.52,315.8
1135.0,24.94,41.79,1012.66,317.4
1136.0,24.88,41.58,1012.57,323.4
1137.0,24.77,41.22,1012.3,317.6
1138.0,24.94,41.81,1012.29,315.8
1139.0,24.97,41.47,1012.38,319.1
1140.0,24.93,41.14,1012.33,316.0
1141.0,24.87,41.89,1012.65,321.7
1142.0,24.83,41.42,1012.41,320.5
1143.0,24.97,41.77,1012.31,319.0
1144.0,24.99,42.04,1012.57,320.5
1145.0,24.89,41.36,1012.35,320.2
1146.0,24.82,41.93,1012.38,320.8
1147.0,24.98,41.53,1012.17,318.8
1148.0,24.96,40.81,1012.28,315.7
1149.0,24.98,40.38,1012.36,321.2
1150.0,24.86,41.61,1012.24,324.0
1151.0,24.84,41.38,1012.74,321.0
1152.0,24.9,41.75,1012.46,323.4
1153.0,24.8,41.82,1012.29,318.1
1154.0,24.92,41.24,1012.34,323.7
1155.0,24.93,41.09,1012.62,322.3
1156.0,24.85,40.65,1012.6,319.2
1157.0,24.9,41.94,1012.29,316.6
1158.0,24.91,40.67,1012.49,322.3
1159.0,24.84,42.34,1012.35,320.5
1160.0,24.82,40.88,1012.6,318.5
1161.0,24.86,40.67,1012.37,321.2
1162.0,24.9,41.05,1012.53,321.4
1163.0,24.96,41.33,1012.22,321.9
1164.0,24.87,41.37,1012.62,317.8
1165.0,24.95,41.3,1012.52,316.4
1166.0,25.05,40.86,1012.36,319.7
1167.0,24.87,41.75,1012.46,324.4
1168.0,24.94,41.75,1012.34,317.7
1169.0,24.93,40.93,1012.49,315.6
1170.0,24.82,40.99,1012.48,318.8
1171.0,24.97,41.0,1012.32,315.5
1172.0,24.96,40.97,1012.58,316.9
1173.0,25.14,40.83,1012.61,320.4
1174.0,25.07,40.86,1012.47,318.0
1175.0,24.97,41.32,1012.31,323.5
1176.0,24.81,41.18,1012.44,322.2
1177.0,24.84,41.63,1012.27,315.6
1178.0,24.98,41.11,1012.43,323.9
1179.0,24.99,40.58,1012.49,316.3
1180.0,24.87,41.69,1012.61,326.0
1181.0,24.89,40.96,1012.49,319.5
1182.0,24.92,40.77,1012.38,318.6
1183.0,25.01,40.94,1012.37,318.5
1184.0,24.89,41.03,1012.35,323.9
1185.0,24.75,40.98,1012.64,320.7
1186.0,24.97,40.99,1012.19,320.2
1187.0,24.91,40.31,1012.38,317.8
1188.0,24.89,41.44,1012.48,323.3
1189.0,25.02,41.26,1012.55,320.7
1190.0,24.88,41.07,1012.45,320.4
1191.0,25.04,41.48,1012.32,314.3
1192.0,24.99,41.02,1012.56,322.8
1193.0,24.94,40.82,1012.18,315.9
1194.0,24.99,41.65,1012.27,320.1
1195.0,25.01,41.2,1012.33,317.2
1196.0,25.1,41.41,1012.64,322.6
1197.0,24.93,40.42,1012.37,313.4
1198.0,24.99,41.95,1012.33,320.4
1199.0,25.19,40.8,1012.73,321.3
1200.0,25.08,40.68,1012.33,322.8
1201.0,24.79,41.11,1012.12,323.0
1202.0,25.06,40.86,1012.35,323.5
1203.0,24.96,40.65,1012.49,328.0
1204.0,25.03,41.3,1012.6,321.2
1205.0,24.92,40.7,1012.58,325.1
1206.0,25.09,41.3,1012.53,317.2
1207.0,24.99,41.19,1012.56,317.7
1208.0,25.15,41.18,1012.4,322.7
1209.0,25.02,40.95,1012.47,319.6
1210.0,24.91,41.25,1012.22,319.1
1211.0,25.04,40.74,1012.4,319.3
1212.0,25.03,41.43,1012.11,321.2
1213.0,25.08,41.09,1012.28,321.7
1214.0,24.97,40.75,1012.07,316.0
1215.0,25.0,40.51,1012.43,322.7
1216.0,24.92,40.9,1012.35,318.6
1217.0,24.9,40.9,1012.49,320.6
1218.0,25.04,41.07,1012.71,320.2
1219.0,24.95,40.1,1012.34,321.8
1220.0,25.05,41.57,1012.53,318.8
1221.0,25.04,40.9,1012.24,323.4
1222.0,25.13,41.19,1012.24,323.5
1223.0,25.02,40.64,1012.41,318.2
1224.0,24.97,40.97,1012.32,324.4
1225.0,25.06,41.24,1012.47,321.1
1226.0,25.01,41.06,1012.36,316.6
1227.0,25.06,41.06,1012.42,313.0
1228.0,25.01,41.92,1012.44,318.5
1229.0,25.24,40.96,1012.23,318.4
1230.0,25.01,40.28,1012.75,316.8
1231.0,24.95,41.08,1012.49,314.9
1232.0,25.0,41.13,1012.61,320.9
1233.0,25.12,40.84,1012.37,320.0
1234.0,25.15,40.36,1012.59,321.2
1235.0,25.21,40.36,1012.28,322.5
1236.0,25.1,40.59,1012.19,320.6
1237.0,25.14,40.0,1012.31,320.7
1238.0,25.16,40.95,1012.08,320.9
1239.0,24.97,41.31,1012.13,319.4
1240.0,25.13,41.35,1012.41,315.6
1241.0,25.07,41.07,1012.45,319.5
1242.0,25.09,41.59,1012.63,323.8
1243.0,25.02,40.0,1012.17,321.5
1244.0,25.03,40.21,1012.57,320.5
1245.0,25.19,40.35,1012.32,317.0
1246.0,25.06,41.07,1012.48,319.8
1247.0,25.12,40.33,1012.36,322.9
1248.0,25.14,41.26,1012.56,317.5
1249.0,25.03,40.55,1012.45,321.0
1250.0,24.95,40.71,1012.53,320.4
1251.0,25.09,39.61,1012.41,324.1
1252.0,25.02,39.97,1012.45,317.7
1253.0,25.15,41.32,1012.66,327.2
1254.0,25.07,40.81,1012.78,322.2
1255.0,25.0,40.49,1012.64,321.5
1256.0,25.02,40.5,1012.3,322.9
1257.0,25.02,40.97,1012.07,320.8
1258.0,24.98,40.4,1012.4,320.4
1259.0,25.15,41.02,1012.33,321.6
1260.0,25.05,40.53,1012.6,317.9
1261.0,25.11,40.78,1012.09,322.6
1262.0,25.21,39.81,1012.51,319.2
1263.0,25.16,40.27,1012.34,320.5
1264.0,25.08,40.83,1012.51,323.7
1265.0,25.08,39.4,1012.61,320.2
1266.0,25.12,40.35,1012.39,319.0
1267.0,25.1,39.53,1012.29,317.1
1268.0,25.22,40.65,1012.62,318.1
1269.0,25.07,40.26,1012.53,331.1
1270.0,25.05,40.28,1012.39,320.0
1271.0,25.17,40.87,1012.33,317.3
1272.0,25.0,40.41,1012.43,320.4
1273.0,25.17,40.49,1012.61,321.7
1274.0,25.08,40.47,1012.3,319.9
1275.0,25.14,40.83,1012.47,319.5
1276.0,25.12,39.62,1012.55,315.9
1277.0,25.02,40.47,1012.25,324.6
1278.0,25.06,39.77,1012.51,322.4
1279.0,25.2,40.86,1012.6,319.8
1280.0,25.22,39.85,1012.42,320.5
1281.0,25.14,40.55,1012.67,316.6
1282.0,25.15,40.18,1012.17,316.8
1283.0,25.14,41.25,1012.66,314.0
1284.0,25.23,40.81,1012.16,325.6
1285.0,25.11,40.77,1012.0,319.3
1286.0,25.24,40.37,1012.31,320.3
1287.0,25.2,40.1,1012.19,324.1
1288.0,25.22,41.01,1012.61,319.2
1289.0,25.08,40.46,1012.23,317.6
1290.0,25.12,40.61,1012.34,317.5
1291.0,25.05,40.84,1012.35,319.7
1292.0,25.17,40.21,1012.19,320.7
1293.0,24.97,40.71,1012.47,318.7
1294.0,25.28,39.91,1012.35,322.1
1295.0,25.12,40.78,1012.39,315.4
1296.0,25.17,40.69,1012.39,323.4
1297.0,25.1,40.54,1012.33,316.3
1298.0,25.08,40.32,1012.34,317.3
1299.0,25.09,40.4,1012.26,320.7
1300.0,25.03,40.09,1012.1,326.0
1301.0,25.1,40.84,1012.29,316.0
1302.0,25.15,40.82,1012.51,321.1
1303.0,25.2,39.86,1012.61,323.2
1304.0,25.21,39.98,1012.53,317.8
1305.0,25.25,40.47,1012.34,322.6
1306.0,25.08,40.36,1012.48,318.3
1307.0,25.25,40.43,1012.27,322.3
1308.0,25.25,40.4,1012.34,321.1
1309.0,25.13,39.86,1012.37,322.5
1310.0,25.19,39.64,1012.49,318.5
1311.0,25.22,40.21,1012.62,320.9
1312.0,25.23,39.89,1012.7,322.7
1313.0,25.12,41.03,1012.54,320.3
1314.0,25.24,39.72,1012.45,316.4
1315.0,25.27,40.04,1012.16,324.0
1316.0,25.11,40.06,1012.51,317.2
1317.0,25.37,39.94,1012.5,317.4
1318.0,25.26,39.62,1012.36,320.9
1319.0,25.09,39.66,1012.48,321.1
1320.0,25.24,40.72,1012.13,318.1
1321.0,25.34,40.21,1012.37,321.2
1322.0,25.11,39.95,1012.36,319.7
1323.0,25.23,40.78,1012.25,324.5
1324.0,25.25,39.62,1012.59,320.3
1325.0,25.11,40.08,1012.41,324.5
1326.0,25.3,39.84,1012.29,319.8
1327.0,25.2,39.5,1012.59,317.0
1328.0,25.08,40.53,1012.39,318.0
1329.0,25.24,40.41,1012.24,323.7
1330.0,25.15,40.3,1012.15,320.9
1331.0,25.24,39.74,1012.42,321.3
1332.0,25.29,39.97,1012.35,322.2
1333.0,25.3,40.28,1012.68,316.6
1334.0,25.27,40.48,1012.49,322.9
1335.0,25.17,39.59,1012.51,318.1
1336.0,25.25,39.98,1012.32,319.2
1337.0,25.12,39.48,1012.27,324.3
1338.0,25.16,40.14,1012.35,324.1
1339.0,25.35,39.91,1012.32,316.4
1340.0,25.27,39.53,1012.29,317.7
1341.0,25.26,39.67,1012.25,320.6
1342.0,25.17,39.53,1012.45,317.8
1343.0,25.21,39.65,1012.44,319.7
1344.0,25.17,39.56,1012.46,319.6
1345.0,25.29,40.41,1012.5,323.3
1346.0,25.29,39.46,1012.47,319.1
1347.0,25.24,39.93,1012.2,319.7
1348.0,25.18,39.67,1012.38,318.4
1349.0,25.13,40.7,1012.36,314.9
1350.0,25.36,39.64,1012.38,324.6
1351.0,25.22,39.4,1012.29,321.9
1352.0,25.32,40.04,1012.59,318.9
1353.0,25.27,40.36,1012.5,322.3
1354.0,25.23,40.17,1012.2,325.7
1355.0,25.2,40.39,1012.48,318.1
1356.0,25.25,40.26,1012.25,313.1
1357.0,25.26,39.77,1012.34,322.4
1358.0,25.35,39.91,1012.4,323.3
1359.0,25.35,40.04,1012.29,324.7
1360.0,25.13,39.54,1012.45,322.1
1361.0,25.3,40.75,1012.38,318.8
1362.0,25.23,39.82,1012.3,322.7
1363.0,25.32,39.95,1012.53,319.8
1364.0,25.29,39.72,1012.54,323.4
1365.0,25.09,39.79,1012.67,314.6
1366.0,25.25,40.55,1012.64,321.6
1367.0,25.27,39.35,1012.53,313.0
1368.0,25.21,39.92,1012.43,318.1
1369.0,25.15,39.48,1012.51,317.6
1370.0,25.23,39.97,1012.54,319.9
1371.0,25.29,39.49,1012.52,317.2
1372.0,25.23,39.28,1012.28,320.0
1373.0,25.42,40.34,1012.43,320.7
1374.0,25.37,40.1,1012.07,321.0
1375.0,25.26,39.99,1012.42,319.6
1376.0,25.27,40.8,1012.68,316.3
1377.0,25.31,40.02,1012.54,316.7
1378.0,25.35,39.71,1012.16,316.3
1379.0,25.25,39.2,1012.33,320.8
1380.0,25.24,40.43,1012.49,319.5
1381.0,25.38,40.5,1012.63,319.2
1382.0,25.18,40.24,1012.15,318.3
1383.0,25.35,39.82,1012.47,323.8
1384.0,25.17,39.15,1012.61,321.8
1385.0,25.31,39.54,1012.19,322.5
1386.0,25.33,39.55,1012.41,319.8
1387.0,25.35,39.26,1012.39,316.8
1388.0,25.39,39.97,1012.39,323.3
1389.0,25.41,39.91,1012.35,321.0
1390.0,25.19,40.34,1012.39,318.5
1391.0,25.27,39.88,1012.37,325.0
1392.0,25.34,39.97,1012.3,317.8
1393.0,25.21,39.4,1012.12,319.4
1394.0,25.35,40.18,1012.43,323.8
1395.0,25.33,40.5,1012.57,323.1
1396.0,25.23,39.36,1012.58,317.3
1397.0,25.32,38.9,1012.41,314.9
1398.0,25.25,39.9,1012.67,322.7
1399.0,25.26,39.15,1012.31,315.7
1400.0,25.37,39.88,1012.52,322.0
1401.0,25.18,39.24,1012.56,317.6
1402.0,25.37,40.74,1012.45,320.6
1403.0,25.23,39.59,1012.31,317.2
1404.0,25.44,39.95,1012.36,319.3
1405.0,25.35,39.29,1012.35,322.3
1406.0,25.34,39.89,1011.91,316.0
1407.0,25.3,40.08,1012.52,324.7
1408.0,25.37,39.41,1012.48,320.5
1409.0,25.46,39.82,1012.57,317.6
1410.0,25.39,39.1,1012.28,321.2
1411.0,25.46,39.69,1012.34,321.9
1412.0,25.24,39.44,1012.42,317.1
1413.0,25.39,39.29,1012.5,321.9
1414.0,25.48,39.06,1012.44,318.8
1415.0,25.41,39.29,1012.79,320.1
1416.0,25.43,39.19,1012.36,318.4
1417.0,25.33,40.06,1012.53,317.8
1418.0,25.42,39.77,1012.54,318.8
1419.0,25.32,39.32,1012.45,319.4
1420.0,25.35,39.22,1012.31,326.3
1421.0,25.38,40.08,1012.53,324.7
1422.0,25.27,39.73,1012.21,318.9
1423.0,25.27,40.11,1012.37,317.8
1424.0,25.56,39.51,1012.28,323.1
1425.0,25.43,39.66,1012.5,315.6
1426.0,25.38,39.27,1012.12,322.6
1427.0,25.33,40.07,1012.35,315.4
1428.0,25.4,39.71,1012.4,323.8
1429.0,25.47,39.46,1012.36,320.7
1430.0,25.32,39.12,1012.55,317.8
1431.0,25.38,39.31,1012.45,318.9
1432.0,25.52,39.54,1012.33,320.9
1433.0,25.29,39.44,1012.35,324.2
1434.0,25.36,39.41,1012.4,326.1
1435.0,25.37,38.97,1012.5,321.3
1436.0,25.45,39.98,1012.34,320.9
1437.0,25.17,38.42,1012.04,322.8
1438.0,25.4,40.11,1012.56,320.8
1439.0,25.45,39.53,1012.44,317.0
1440.0,25.39,39.72,1012.28,321.1
1441.0,25.38,39.11,1012.39,319.7
1442.0,25.42,39.66,1012.35,319.7
1443.0,25.37,38.46,1012.64,318.3
1444.0,25.35,39.09,1012.42,317.2
1445.0,25.56,39.31,1012.31,316.0
1446.0,25.44,39.37,1012.72,320.9
1447.0,25.49,39.54,1012.54,320.1
1448.0,25.42,39.21,1012.27,317.0
1449.0,25.41,38.9,1012.46,317.6
1450.0,25.36,39.02,1012.37,316.6
1451.0,25.41,39.89,1012.54,318.9
1452.0,25.52,39.21,1012.27,323.5
1453.0,25.44,39.52,1012.52,324.7
1454.0,25.58,39.32,1012.31,327.1
1455.0,25.22,39.44,1012.12,320.7
1456.0,25.35,39.24,1012.61,320.9
1457.0,25.25,38.78,1012.52,320.9
1458.0,25.46,39.36,1012.43,313.4
1459.0,25.57,39.19,1012.31,323.5
1460.0,25.43,39.72,1012.18,320.7
1461.0,25.29,39.75,1012.62,319.0
1462.0,25.43,38.77,1012.56,321.4
1463.0,25.36,39.35,1012.65,314.7
1464.0,25.51,38.7,1012.18,323.8
1465.0,25.32,38.93,1012.31,319.1
1466.0,25.54,39.32,1012.61,320.6
1467.0,25.4,39.36,1012.58,308.7
1468.0,25.42,39.39,1012.26,318.9
1469.0,25.28,38.77,1012.52,316.2
1470.0,25.54,38.99,1012.07,319.5
1471.0,25.46,38.88,1012.23,322.2
1472.0,25.33,39.35,1012.63,324.2
1473.0,25.39,39.37,1012.43,314.8
1474.0,25.41,38.83,1012.45,318.9
1475.0,25.45,39.58,1012.64,323.6
1476.0,25.42,38.96,1012.62,312.7
1477.0,25.37,39.24,1012.21,320.3
1478.0,25.46,39.56,1012.23,321.6
1479.0,25.43,38.43,1012.43,315.8
1480.0,25.38,39.07,1012.42,315.8
1481.0,25.57,39.35,1012.38,320.0
1482.0,25.47,37.98,1012.43,317.2
1483.0,25.5,38.77,1012.61,318.5
1484.0,25.45,39.17,1012.49,319.5
1485.0,25.47,38.86,1012.32,317.8
1486.0,25.41,38.87,1012.44,321.4
1487.0,25.39,39.69,1012.41,318.6
1488.0,25.29,38.69,1012.58,323.0
1489.0,25.49,38.55,1012.57,318.9
1490.0,25.52,39.4,1012.21,323.1
1491.0,25.51,39.5,1012.6,324.8
1492.0,25.62,38.68,1012.38,320.4
1493.0,25.52,38.99,1012.39,319.5
1494.0,25.58,39.36,1012.63,318.2
1495.0,25.55,38.78,1012.63,319.5
1496.0,25.44,39.72,1012.41,317.9
1497.0,25.36,39.12,1012.43,318.0
1498.0,25.43,38.42,1012.48,322.0
1499.0,25.51,38.92,1012.39,323.1
1500.0,25.57,39.33,1012.42,327.2
1501.0,25.48,38.91,1012.12,318.5
1502.0,25.45,38.74,1012.11,323.3
1503.0,25.39,38.72,1012.27,319.0
1504.0,25.36,38.57,1012.57,323.6
1505.0,25.44,38.55,1012.25,318.4
1506.0,25.54,39.44,1012.37,322.3
1507.0,25.69,38.91,1012.32,312.8
1508.0,25.52,38.8,1012.42,317.7
1509.0,25.49,39.15,1012.51,321.3
1510.0,25.53,39.43,1012.58,316.4
1511.0,25.59,39.02,1012.67,320.3
1512.0,25.52,39.0,1012.47,323.6
1513.0,25.45,38.07,1012.41,317.1
1514.0,25.52,39.1,1012.34,317.4
1515.0,25.43,39.98,1012.27,321.9
1516.0,25.59,39.11,1012.28,320.4
1517.0,25.64,38.65,1012.58,321.9
1518.0,25.32,38.47,1012.29,317.6
1519.0,25.58,39.14,1012.49,318.3
1520.0,25.52,38.85,1012.41,314.6
1521.0,25.47,38.85,1012.36,318.9
1522.0,25.41,38.94,1012.06,321.9
1523.0,25.54,38.98,1012.24,320.5
1524.0,25.58,37.94,1012.6,321.3
1525.0,25.5,38.52,1012.34,317.7
1526.0,25.55,38.91,1012.47,321.2
1527.0,25.73,38.15,1012.32,318.6
1528.0,25.65,39.13,1012.46,320.2
1529.0,25.51,38.64,1012.48,321.8
1530.0,25.59,38.98,1012.49,315.1
1531.0,25.52,38.92,1012.15,320.0
1532.0,25.56,38.4,1012.44,319.3
1533.0,25.53,38.65,1012.41,322.3
1534.0,25.58,38.99,1012.42,316.3
1535.0,25.55,38.74,1012.66,319.4
1536.0,25.46,38.99,1012.5,318.0
1537.0,25.52,38.71,1012.65,319.1
1538.0,25.5,38.73,1012.45,323.8
1539.0,25.63,38.59,1012.46,318.8
1540.0,25.46,38.95,1012.43,316.5
1541.0,25.71,38.47,1012.15,324.7
1542.0,25.72,38.99,1012.58,324.7
1543.0,25.42,38.8,1012.37,320.2
1544.0,25.53,38.99,1012.33,319.2
1545.0,25.68,39.13,1012.6,323.0
1546.0,25.59,39.11,1012.26,319.3
1547.0,25.49,38.94,1012.44,318.6
1548.0,25.57,38.78,1012.51,321.3
1549.0,25.7,38.39,1012.11,318.5
1550.0,25.52,38.41,1012.15,322.3
1551.0,25.71,38.09,1012.29,318.7
1552.0,25.67,38.91,1012.45,319.5
1553.0,25.61,39.06,1012.47,322.8
1554.0,25.39,38.6,1012.2,320.4
1555.0,25.63,38.27,1012.23,318.4
1556.0,25.72,38.86,1012.46,316.7
1557.0,25.7,39.04,1012.55,324.6
1558.0,25.66,38.01,1012.35,320.5
1559.0,25.66,38.19,1012.73,323.3
1560.0,25.57,39.09,1012.6,321.1
1561.0,25.62,38.71,1012.44,323.5
1562.0,25.58,38.19,1012.28,317.9
1563.0,25.65,38.83,1012.22,319.3
1564.0,25.58,38.88,1012.28,319.9
1565.0,25.63,38.56,1012.19,318.0
1566.0,25.56,39.43,1012.46,321.0
1567.0,25.53,38.87,1012.24,322.1
1568.0,25.66,39.08,1012.45,320.5
1569.0,25.6,38.41,1012.38,318.9
1570.0,25.77,38.92,1012.33,320.9
1571.0,25.68,37.73,1012.34,315.9
1572.0,25.57,38.62,1012.74,322.5
1573.0,25.58,38.87,1012.31,316.0
1574.0,25.58,38.52,1012.24,315.3
1575.0,25.73,37.92,1012.46,320.0
1576.0,25.59,38.78,1012.28,317.5
1577.0,25.68,39.09,1012.52,321.2
1578.0,25.57,37.32,1012.36,318.0
1579.0,25.78,38.66,1012.46,318.1
1580.0,25.66,37.72,1012.49,321.2
1581.0,25.71,38.27,1012.2,319.1
1582.0,25.63,38.14,1012.28,321.0
1583.0,25.55,37.73,1012.38,321.6
1584.0,25.7,39.14,1012.16,322.6
1585.0,25.65,38.6,1012.4,321.9
1586.0,25.71,37.92,1012.27,324.5
1587.0,25.52,38.2,1012.56,320.9
1588.0,25.61,38.25,1012.39,318.1
1589.0,25.63,38.56,1012.3,314.9
1590.0,25.55,38.19,1012.34,322.6
1591.0,25.59,38.37,1012.43,324.0
1592.0,25.67,39.26,1012.18,318.9
1593.0,25.68,38.31,1012.27,321.8
1594.0,25.63,38.65,1012.27,320.2
1595.0,25.72,38.38,1012.49,318.5
1596.0,25.68,38.63,1012.53,320.6
1597.0,25.58,38.51,1012.48,324.3
1598.0,25.68,38.69,1012.52,317.2
1599.0,25.52,38.44,1012.52,311.4
1600.0,25.72,38.22,1012.15,320.1
1601.0,25.69,38.22,1012.41,314.8
1602.0,25.78,39.28,1012.43,318.8
1603.0,25.65,37.48,1012.31,321.3
1604.0,25.68,38.53,1012.27,321.7
1605.0,25.76,37.81,1012.26,324.3
1606.0,25.63,38.99,1012.45,315.9
1607.0,25.58,38.05,1012.67,319.4
1608.0,25.65,38.2,1012.41,316.5
1609.0,25.67,38.47,1012.25,321.3
1610.0,25.72,37.81,1012.26,322.2
1611.0,25.74,38.68,1012.54,322.4
1612.0,25.87,38.65,1012.81,318.7
1613.0,25.78,37.99,1012.37,320.1
1614.0,25.69,38.54,1012.5,315.8
1615.0,25.72,38.18,1012.52,318.1
1616.0,25.68,37.91,1012.58,317.2
1617.0,25.69,37.57,1012.48,315.3
1618.0,25.72,38.53,1012.53,323.2
1619.0,25.83,38.16,1012.31,322.2
1620.0,25.61,38.48,1012.46,319.0
1621.0,25.63,38.25,1012.36,326.6
1622.0,25.61,38.39,1012.37,325.1
1623.0,25.67,37.78,1012.63,318.3
1624.0,25.77,37.32,1012.5,318.2
1625.0,25.74,37.94,1012.35,318.8
1626.0,25.67,38.32,1012.18,317.6
1627.0,25.87,37.58,1012.63,322.6
1628.0,25.88,38.24,1012.42,314.6
1629.0,25.61,38.73,1012.44,322.0
1630.0,25.61,37.71,1012.35,326.6
1631.0,25.67,38.03,1012.26,323.9
1632.0,25.79,38.22,1012.5,319.0
1633.0,25.8,37.74,1012.19,325.3
1634.0,25.68,38.06,1012.23,317.1
1635.0,25.71,38.32,1012.17,317.9
1636.0,25.73,38.38,1012.38,324.6
1637.0,25.73,38.48,1012.06,318.4
1638.0,25.64,37.81,1011.99,320.5
1639.0,25.73,38.07,1012.63,314.9
1640.0,25.77,38.68,1012.13,319.7
1641.0,25.75,38.47,1012.29,320.0
1642.0,25.78,38.03,1012.37,315.5
1643.0,25.66,38.07,1012.43,318.7
1644.0,25.79,37.38,1012.36,320.2
1645.0,25.66,37.69,1012.21,322.6
1646.0,25.72,38.01,1012.67,315.6
1647.0,25.66,37.6,1012.74,317.1
1648.0,25.65,37.95,1012.5,318.9
1649.0,25.66,38.02,1012.44,315.1
1650.0,25.78,38.15,1012.51,316.7
1651.0,25.86,38.42,1012.2,322.4
1652.0,25.8,37.83,1012.17,317.1
1653.0,25.62,38.06,1012.47,322.1
1654.0,25.84,38.86,1012.4,317.4
1655.0,25.65,37.5,1012.27,322.8
1656.0,25.94,38.27,1012.22,316.0
1657.0,25.85,38.23,1012.44,318.9
1658.0,25.79,37.9,1012.38,316.8
1659.0,25.74,37.72,1012.29,322.0
1660.0,25.84,37.89,1012.37,324.0
1661.0,25.82,37.63,1012.31,322.5
1662.0,25.81,38.1,1012.52,320.1
1663.0,25.67,37.96,1012.4,320.4
1664.0,25.66,37.79,1012.19,322.2
1665.0,25.86,37.69,1012.49,326.3
1666.0,25.89,37.92,1012.73,325.6
1667.0,25.65,39.14,1012.32,318.5
1668.0,25.91,37.88,1012.4,321.2
1669.0,25.79,38.14,1012.52,318.5
1670.0,25.72,38.16,1012.52,320.3
1671.0,25.92,37.36,1012.37,320.9
1672.0,25.81,38.24,1012.35,327.3
1673.0,25.92,37.56,1012.51,319.8
1674.0,25.88,37.08,1012.38,323.0
1675.0,25.89,37.1,1012.49,324.7
1676.0,25.87,37.84,1012.75,318.4
1677.0,25.79,37.95,1012.57,320.5
1678.0,25.75,38.19,1012.55,319.1
1679.0,25.88,37.85,1012.23,321.2
1680.0,25.81,38.02,1012.56,315.1
1681.0,25.87,37.6,1012.14,318.9
1682.0,25.86,38.23,1012.43,319.8
1683.0,25.79,37.55,1012.69,321.5
1684.0,25.81,36.99,1012.62,318.6
1685.0,25.74,37.94,1012.38,316.2
1686.0,25.79,37.98,1012.48,319.6
1687.0,25.98,37.93,1012.48,314.8
1688.0,25.72,37.44,1012.12,319.1
1689.0,25.76,37.15,1012.57,320.4
1690.0,25.79,38.31,1012.54,319.3
1691.0,25.95,37.42,1012.21,323.1
1692.0,25.78,37.94,1012.87,317.4
1693.0,25.84,38.01,1012.4,314.3
1694.0,25.77,37.54,1012.16,324.5
1695.0,25.92,37.63,1012.56,320.5
1696.0,25.85,37.34,1012.48,317.0
1697.0,25.92,37.87,1012.11,316.7
1698.0,25.84,36.86,1012.2,315.7
1699.0,25.94,38.14,1012.39,326.5
1700.0,25.95,38.53,1012.39,321.6
1701.0,25.83,38.39,1012.31,317.1
1702.0,25.88,37.46,1012.31,318.6
1703.0,25.81,37.11,1012.51,323.0
1704.0,25.94,37.8,1012.45,324.5
1705.0,25.9,37.1,1012.35,322.5
1706.0,25.91,37.39,1012.62,323.6
1707.0,25.82,38.03,1012.32,317.5
1708.0,25.9,37.01,1012.32,320.9
1709.0,25.84,37.79,1012.27,319.9
1710.0,25.93,37.63,1012.64,320.0
1711.0,25.85,36.68,1012.22,319.5
1712.0,25.81,37.76,1012.29,320.2
1713.0,25.84,37.85,1012.27,320.7
1714.0,25.8,36.75,1012.43,316.5
1715.0,25.66,37.75,1012.28,322.6
1716.0,25.87,37.55,1012.56,323.2
1717.0,25.81,37.23,1012.39,328.9
1718.0,25.94,37.49,1012.55,321.9
1719.0,25.79,38.13,1012.46,321.2
1720.0,25.82,37.01,1012.77,320.6
1721.0,25.89,37.88,1012.29,319.0
1722.0,25.92,37.42,1012.64,320.8
1723.0,25.99,36.93,1012.49,319.6
1724.0,25.77,37.44,1012.27,315.1
1725.0,25.9,37.63,1012.4,316.0
1726.0,25.84,37.26,1012.48,313.0
1727.0,25.84,37.51,1012.13,320.0
1728.0,25.88,37.4,1012.32,316.5
1729.0,25.8,36.68,1012.44,322.8
1730.0,25.74,37.86,1012.12,323.2
1731.0,25.89,37.54,1012.29,319.4
1732.0,25.77,38.0,1012.35,319.5
1733.0,25.9,37.54,1012.42,320.5
1734.0,26.09,37.02,1012.58,325.5
1735.0,26.02,37.19,1012.42,320.3
1736.0,25.77,37.26,1012.27,323.4
1737.0,25.85,38.18,1012.49,315.6
1738.0,25.88,38.25,1012.32,320.5
1739.0,25.97,37.2,1012.51,316.4
1740.0,25.85,37.53,1012.54,321.2
1741.0,25.88,37.51,1012.42,322.6
1742.0,25.89,37.15,1012.39,320.9
1743.0,26.05,37.43,1012.32,317.3
1744.0,25.95,37.26,1012.3,321.7
1745.0,25.97,37.51,1012.26,317.3
1746.0,25.88,37.63,1012.17,315.8
1747.0,25.97,37.26,1012.17,322.0
1748.0,25.88,37.2,1012.6,317.6
1749.0,25.9,37.14,1012.63,324.7
1750.0,25.87,37.41,1012.58,318.8
1751.0,26.02,36.71,1012.41,314.7
1752.0,25.92,37.31,1012.37,317.0
1753.0,25.9,37.34,1012.37,320.6
1754.0,25.91,37.16,1012.29,321.6
1755.0,25.99,37.92,1012.55,315.9
1756.0,25.97,37.85,1012.48,308.6
1757.0,25.96,36.83,1012.24,317.5
1758.0,26.01,37.21,1012.37,320.7
1759.0,26.04,37.72,1012.28,323.6
1760.0,25.87,37.36,1012.52,316.3
1761.0,25.98,37.56,1012.16,316.6
1762.0,25.95,37.56,1012.27,323.9
1763.0,25.84,37.61,1012.44,321.8
1764.0,25.91,37.02,1012.42,316.3
1765.0,26.0,37.43,1012.65,319.8
1766.0,25.87,37.59,1012.48,316.8
1767.0,25.91,37.23,1012.44,318.7
1768.0,26.04,36.71,1012.71,320.3
1769.0,25.91,37.54,1012.49,322.9
1770.0,26.13,37.36,1012.47,318.1
1771.0,25.87,38.12,1012.46,316.9
1772.0,25.98,37.46,1012.36,316.4
1773.0,25.88,37.28,1012.29,323.6
1774.0,26.04,37.83,1012.18,316.9
1775.0,25.98,37.08,1012.44,320.5
1776.0,26.11,37.18,1012.52,320.2
1777.0,25.91,37.25,1012.5,320.2
1778.0,25.91,37.08,1012.31,317.9
1779.0,25.99,37.52,1012.23,322.7
1780.0,26.07,36.74,1012.5,319.9
1781.0,25.97,37.41,1012.12,314.4
1782.0,26.04,37.42,1012.39,318.7
1783.0,26.0,38.21,1012.31,325.5
1784.0,25.91,37.42,1012.46,313.7
1785.0,25.99,37.01,1012.26,327.6
1786.0,25.86,36.45,1012.59,321.6
1787.0,25.95,36.97,1012.6,320.2
1788.0,26.12,36.43,1012.75,323.0
1789.0,25.93,36.89,1012.45,316.9
1790.0,25.86,36.93,1012.45,322.0
1791.0,26.0,37.19,1012.22,315.2
1792.0,25.98,36.87,1012.75,319.1
1793.0,26.14,36.78,1012.1,318.5
1794.0,25.9,36.91,1012.56,325.0
1795.0,26.03,37.68,1012.11,327.1
1796.0,26.02,37.72,1012.23,319.0
1797.0,26.05,37.98,1012.38,319.2
1798.0,25.9,37.77,1012.49,322.5
1799.0,25.96,36.33,1012.56,322.3
1800.0,25.82,36.72,1012.05,321.2
1801.0,26.08,38.14,1012.55,322.0
1802.0,25.92,36.32,1012.43,317.4
1803.0,26.04,36.85,1012.17,319.4
1804.0,26.13,37.57,1012.54,319.1
1805.0,25.9,36.65,1012.37,315.6
1806.0,26.09,37.16,1012.34,321.9
1807.0,25.99,37.27,1012.49,316.3
1808.0,25.93,36.97,1012.61,321.1
1809.0,26.15,36.62,1012.34,318.6
1810.0,26.02,36.75,1012.41,318.5
1811.0,25.77,36.96,1012.15,316.3
1812.0,26.07,37.22,1012.55,315.2
1813.0,26.05,36.87,1012.27,315.8
1814.0,26.1,37.25,1012.18,319.3
1815.0,25.79,36.9,1012.33,321.2
1816.0,25.99,37.45,1012.42,321.2
1817.0,25.91,36.85,1012.27,321.6
1818.0,26.16,36.67,1012.28,314.9
1819.0,26.07,36.43,1012.26,323.9
1820.0,26.13,37.59,1012.38,320.2
1821.0,26.06,36.51,1012.36,321.1
1822.0,25.99,36.92,1012.64,325.8
1823.0,26.08,36.17,1012.47,318.7
1824.0,26.02,36.89,1012.58,316.5
1825.0,26.11,37.49,1012.34,316.7
1826.0,26.04,36.76,1012.51,318.9
1827.0,26.1,36.98,1012.24,314.7
1828.0,26.07,36.99,1012.39,320.1
1829.0,25.93,35.71,1012.9,324.0
1830.0,26.02,36.26,1012.28,321.6
1831.0,26.1,37.04,1012.66,322.3
1832.0,26.12,35.98,1012.41,318.9
1833.0,26.08,36.97,1012.38,322.3
1834.0,26.08,36.3,1012.48,320.7
1835.0,26.07,36.12,1012.46,320.3
1836.0,26.13,36.77,1012.39,319.4
1837.0,26.08,37.75,1012.33,319.6
1838.0,25.98,37.43,1012.31,319.9
1839.0,26.19,36.96,1012.55,321.2
1840.0,25.97,36.65,1012.52,318.4
1841.0,26.15,36.54,1012.45,313.1
1842.0,26.02,36.78,1012.17,322.4
1843.0,25.97,36.76,1012.5,323.7
1844.0,26.1,36.57,1012.39,319.2
1845.0,26.05,36.32,1012.43,321.8
1846.0,26.28,37.15,1012.0,322.5
1847.0,25.95,36.8,1012.29,324.8
1848.0,26.06,36.85,1012.33,320.4
1849.0,26.2,36.78,1012.32,314.1
1850.0,26.03,36.37,1012.22,322.3
1851.0,26.07,36.78,1012.41,319.3
1852.0,26.13,36.19,1012.42,317.2
1853.0,26.17,36.32,1012.46,314.0
1854.0,25.96,37.08,1012.5,319.4
1855.0,26.02,36.01,1012.41,314.9
1856.0,26.0,36.43,1012.24,317.2
1857.0,26.08,37.06,1012.33,318.0
1858.0,26.1,36.91,1012.18,321.6
1859.0,25.95,36.83,1012.28,323.2
1860.0,26.07,36.55,1012.07,322.7
1861.0,26.2,36.51,1012.57,319.9
1862.0,26.03,36.77,1012.32,321.5
1863.0,26.07,36.41,1012.33,318.7
1864.0,26.04,36.02,1012.55,317.0
1865.0,26.2,36.47,1012.71,321.2
1866.0,26.02,36.28,1012.38,314.6
1867.0,26.16,37.36,1012.22,320.1
1868.0,26.04,36.18,1012.42,320.4
1869.0,26.08,36.43,1012.56,320.8
1870.0,26.15,37.01,1012.3,321.6
1871.0,26.08,36.49,1012.6,321.7
1872.0,26.06,36.86,1012.16,319.4
1873.0,26.12,36.11,1012.52,317.2
1874.0,26.08,36.52,1012.32,310.9
1875.0,26.06,37.04,1012.39,319.7
1876.0,26.05,36.68,1012.45,319.0
1877.0,26.2,36.76,1012.28,319.1
1878.0,26.18,36.79,1012.45,320.0
1879.0,26.25,36.83,1012.42,327.2
1880.0,25.99,36.76,1012.71,318.7
1881.0,26.11,36.28,1012.31,318.8
1882.0,26.11,36.35,1012.47,320.1
1883.0,26.15,36.59,1012.41,317.9
1884.0,26.09,36.61,1012.34,323.4
1885.0,26.12,36.13,1012.18,322.9
1886.0,26.15,36.39,1012.44,320.2
1887.0,26.07,36.88,1012.37,317.1
1888.0,26.21,36.03,1012.41,319.9
1889.0,26.21,36.71,1012.36,318.7
1890.0,26.11,36.88,1012.42,312.5
1891.0,26.15,36.7,1012.35,319.4
1892.0,26.28,36.25,1012.33,316.8
1893.0,26.18,36.01,1012.47,317.8
1894.0,26.21,36.77,1012.26,321.1
1895.0,26.15,35.77,1012.3,315.7
1896.0,26.17,36.66,1012.24,322.3
1897.0,26.22,36.79,1012.5,322.2
1898.0,26.13,35.97,1012.36,320.9
1899.0,26.04,36.52,1012.56,321.5
1900.0,26.15,36.54,1012.49,324.0
1901.0,26.15,35.99,1012.22,316.5
1902.0,26.25,35.51,1012.27,312.9
1903.0,26.3,36.09,1012.58,319.8
1904.0,26.17,36.65,1012.31,318.7
1905.0,26.09,36.69,1012.68,324.3
1906.0,26.17,36.51,1012.33,315.0
1907.0,26.22,35.55,1012.16,317.7
1908.0,26.21,36.89,1012.49,316.8
1909.0,26.16,36.21,1012.35,316.8
1910.0,26.18,35.98,1012.68,319.5
1911.0,26.35,35.63,1012.2,321.9
1912.0,26.31,36.08,1012.14,317.6
1913.0,26.18,36.35,1012.49,321.2
1914.0,26.38,36.54,1012.49,320.4
1915.0,26.21,36.2,1012.33,319.2
1916.0,26.03,36.01,1012.36,321.1
1917.0,26.24,35.94,1012.48,315.4
1918.0,26.04,35.5,1012.35,322.1
1919.0,26.07,37.73,1012.43,316.9
1920.0,26.19,35.89,1012.2,318.9
1921.0,26.02,35.91,1012.57,315.2
1922.0,26.27,35.9,1012.34,319.5
1923.0,26.06,36.2,1012.29,318.0
1924.0,26.11,36.42,1012.34,321.5
1925.0,26.32,35.89,1012.28,318.6
1926.0,26.17,36.17,1012.35,317.4
1927.0,26.18,36.36,1012.37,314.9
1928.0,26.25,35.87,1012.35,324.9
1929.0,26.27,36.24,1012.22,317.1
1930.0,26.18,36.31,1012.57,323.1
1931.0,26.12,37.03,1012.26,317.0
1932.0,26.23,35.84,1012.46,315.7
1933.0,26.17,36.84,1012.3,320.4
1934.0,26.19,35.97,1012.61,320.2
1935.0,26.3,36.23,1012.31,315.1
1936.0,26.28,35.86,1012.32,318.0
1937.0,26.21,36.41,1012.62,320.0
1938.0,26.25,36.09,1012.49,323.2
1939.0,26.19,36.92,1012.7,320.4
1940.0,26.13,36.3,1012.27,320.7
1941.0,26.21,36.27,1012.69,322.1
1942.0,26.16,36.63,1012.21,318.2
1943.0,26.35,37.05,1012.28,321.1
1944.0,26.27,35.55,1012.43,320.1
1945.0,26.31,35.88,1012.2,318.3
1946.0,26.28,36.47,1012.4,317.5
1947.0,26.26,35.58,1012.47,317.4
1948.0,26.2,35.58,1012.46,323.4
1949.0,26.19,35.92,1012.48,319.1
1950.0,26.16,36.1,1012.38,320.3
1951.0,26.43,35.93,1012.19,316.5
1952.0,26.24,35.8,1012.47,320.9
1953.0,26.21,36.89,1012.18,321.1
1954.0,26.14,35.73,1012.36,317.8
1955.0,26.16,36.26,1012.31,318.9
1956.0,26.34,35.34,1012.61,320.2
1957.0,26.37,35.79,1012.28,324.9
1958.0,26.27,36.33,1012.32,321.7
1959.0,26.21,35.62,1012.35,317.0
1960.0,26.3,36.58,1012.27,322.6
1961.0,26.24,35.9,1012.49,321.4
1962.0,26.3,35.62,1012.38,321.0
1963.0,26.37,35.81,1012.19,320.9
1964.0,26.28,36.5,1012.39,323.6
1965.0,26.05,35.89,1012.37,323.0
1966.0,26.21,36.12,1012.44,319.8
1967.0,26.19,36.05,1012.38,321.8
1968.0,26.43,36.42,1012.47,318.7
1969.0,26.39,35.54,1012.31,330.0
1970.0,26.26,35.35,1012.12,320.0
1971.0,26.31,36.62,1012.44,319.3
1972.0,26.3,35.44,1012.47,322.4
1973.0,26.35,35.97,1012.53,322.9
1974.0,26.31,36.02,1012.59,316.9
1975.0,26.27,36.75,1012.27,322.6
1976.0,26.29,36.14,1012.72,319.0
1977.0,26.38,35.9,1012.43,314.7
1978.0,26.35,36.0,1012.51,318.6
1979.0,26.31,35.38,1012.51,317.7
1980.0,26.23,35.98,1012.54,321.9
1981.0,26.34,35.65,1012.23,320.9
1982.0,26.34,35.51,1012.44,320.8
1983.0,26.38,35.76,1012.3,317.3
1984.0,26.37,35.88,1012.22,320.8
1985.0,26.23,36.35,1012.78,326.5
1986.0,26.31,36.33,1012.56,317.4
1987.0,26.25,35.55,1012.32,319.3
1988.0,26.39,36.3,1012.34,314.7
1989.0,26.31,36.27,1012.29,318.8
1990.0,26.34,35.52,1012.46,318.1
1991.0,26.34,35.37,1012.38,322.1
1992.0,26.42,36.26,1012.54,318.6
1993.0,26.28,35.82,1012.29,320.2
1994.0,26.25,35.72,1012.41,321.9
1995.0,26.41,35.49,1012.52,319.1
1996.0,26.22,35.75,1012.41,318.9
1997.0,26.3,35.34,1012.32,320.0
1998.0,26.41,35.28,1012.1,318.9
1999.0,26.27,35.82,1012.48,321.3
2000.0,26.44,36.29,1012.25,313.2
2001.0,26.42,35.1,1012.61,326.0
2002.0,26.57,35.35,1012.38,317.2
2003.0,26.16,35.27,1012.32,321.0
2004.0,26.45,36.19,1012.55,319.6
2005.0,26.26,36.01,1012.31,320.8
2006.0,26.44,35.19,1012.58,320.3
2007.0,26.31,35.54,1012.42,323.3
2008.0,26.39,35.57,1012.42,321.4
2009.0,26.37,35.73,1012.47,317.5
2010.0,26.2,35.92,1012.43,320.4
2011.0,26.43,35.98,1012.6,319.5
2012.0,26.37,35.71,1012.21,320.0
2013.0,26.39,35.93,1012.31,322.4
2014.0,26.3,35.64,1012.41,315.0
2015.0,26.58,34.89,1012.35,320.6
2016.0,26.37,36.18,1012.4,319.9
2017.0,26.41,36.45,1012.48,323.7
2018.0,26.37,35.7,1012.31,318.9
2019.0,26.44,35.4,1012.29,322.3
2020.0,26.38,35.16,1012.21,324.9
2021.0,26.3,35.68,1012.47,328.9
2022.0,26.22,35.37,1012.37,318.2
2023.0,26.4,35.69,1012.34,314.3
2024.0,26.39,34.76,1012.64,319.9
2025.0,26.53,35.78,1012.39,315.7
2026.0,26.44,34.98,1012.4,319.2
2027.0,26.5,35.71,1012.28,324.5
2028.0,26.42,35.81,1012.15,321.3
2029.0,26.43,35.57,1012.5,318.3
2030.0,26.53,35.68,1012.36,318.6
2031.0,26.45,35.6,1012.28,323.8
2032.0,26.37,34.94,1012.71,317.7
2033.0,26.27,36.09,1012.31,322.7
2034.0,26.34,35.8,1012.45,319.7
2035.0,26.44,35.67,1012.23,323.2
2036.0,26.44,35.23,1012.62,323.5
2037.0,26.29,35.23,1012.28,321.2
2038.0,26.44,35.57,1012.47,320.5
2039.0,26.34,34.9,1012.48,315.3
2040.0,26.5,35.35,1012.55,324.8
2041.0,26.4,35.66,1012.33,318.6
2042.0,26.48,34.8,1012.41,321.8
2043.0,26.48,34.81,1012.72,319.8
2044.0,26.52,35.69,1012.5,323.7
2045.0,26.43,35.18,1012.52,313.2
2046.0,26.38,35.95,1012.44,322.2
2047.0,26.47,34.6,1012.36,314.6
2048.0,26.32,35.37,1012.46,321.0
2049.0,26.46,35.38,1012.44,319.3
2050.0,26.35,35.77,1012.41,320.5
2051.0,26.47,35.1,1012.25,314.2
2052.0,26.48,34.86,1012.13,312.9
2053.0,26.41,34.88,1012.47,321.3
2054.0,26.37,35.68,1012.16,319.6
2055.0,26.24,35.43,1012.23,323.2
2056.0,26.42,35.02,1012.31,319.9
2057.0,26.48,35.27,1012.18,314.5
2058.0,26.47,35.18,1012.46,320.4
2059.0,26.38,34.82,1012.55,321.2
2060.0,26.52,35.27,1012.41,322.4
2061.0,26.42,35.54,1012.61,315.2
2062.0,26.29,36.13,1012.3,322.5
2063.0,26.46,35.65,1012.18,318.3
2064.0,26.43,35.72,1012.52,320.7
2065.0,26.42,34.62,1012.35,321.1
2066.0,26.37,35.46,1012.4,325.3
2067.0,26.55,35.33,1012.08,318.4
2068.0,26.43,35.19,1012.37,319.2
2069.0,26.32,34.72,1012.41,319.6
2070.0,26.46,35.15,1012.45,315.7
2071.0,26.49,34.98,1012.47,321.0
2072.0,26.36,35.2,1012.03,323.7
2073.0,26.39,35.43,1012.26,320.7
2074.0,26.51,34.5,1012.51,326.2
2075.0,26.55,34.66,1012.45,317.8
2076.0,26.51,35.18,1012.25,320.3
2077.0,26.34,35.38,1012.04,317.1
2078.0,26.38,35.04,1012.73,322.1
2079.0,26.49,35.04,1012.26,318.1
2080.0,26.49,34.63,1012.41,319.5
2081.0,26.45,34.93,1012.47,321.1
2082.0,26.49,34.9,1012.42,320.3
2083.0,26.23,35.14,1012.44,320.6
2084.0,26.51,35.61,1012.29,316.5
2085.0,26.44,35.49,1012.51,313.6
2086.0,26.47,34.76,1012.4,321.5
2087.0,26.44,34.6,1012.37,316.2
2088.0,26.51,35.45,1012.46,322.1
2089.0,26.37,34.66,1012.49,323.5
2090.0,26.47,34.32,1012.25,315.8
2091.0,26.35,35.36,1012.3,316.9
2092.0,26.37,35.21,1012.55,323.4
2093.0,26.47,35.07,1012.14,321.6
2094.0,26.61,34.87,1012.4,316.0
2095.0,26.46,35.3,1012.19,318.2
2096.0,26.54,34.77,1012.31,317.6
2097.0,26.39,34.79,1012.49,315.0
2098.0,26.46,34.81,1012.44,323.9
2099.0,26.68,33.93,1012.46,323.7
2100.0,26.54,35.07,1012.58,314.0
2101.0,26.44,35.49,1012.35,319.2
2102.0,26.59,34.89,1012.62,322.8
2103.0,26.49,35.06,1012.67,324.5
2104.0,26.37,34.82,1012.18,321.4
2105.0,26.46,34.81,1012.39,313.6
2106.0,26.53,35.22,1012.44,316.8
2107.0,26.45,35.27,1012.57,319.9
2108.0,26.45,35.19,1012.48,323.6
2109.0,26.58,35.13,1012.08,322.2
2110.0,26.48,34.65,1012.39,314.4
2111.0,26.55,34.68,1012.36,324.8
2112.0,26.53,35.03,1012.47,320.3
2113.0,26.31,35.6,1012.46,315.0
2114.0,26.53,34.97,1012.44,317.7
2115.0,26.57,34.78,1012.51,321.0
2116.0,26.42,34.13,1012.24,318.1
2117.0,26.51,34.87,1012.65,322.3
2118.0,26.35,34.66,1012.43,322.5
2119.0,26.73,35.71,1012.16,316.9
2120.0,26.56,34.91,1012.34,326.2
2121.0,26.6,34.99,1012.33,319.1
2122.0,26.63,34.75,1012.49,324.8
2123.0,26.61,34.66,1012.57,317.0
2124.0,26.53,34.51,1012.6,314.9
2125.0,26.53,35.12,1012.39,323.5
2126.0,26.62,34.51,1012.48,321.5
2127.0,26.49,34.48,1012.64,323.5
2128.0,26.47,34.79,1012.19,316.9
2129.0,26.55,35.66,1012.22,318.2
2130.0,26.43,34.48,1012.54,316.2
2131.0,26.55,35.05,1012.6,315.3
2132.0,26.46,34.62,1012.27,319.6
2133.0,26.6,34.7,1012.34,322.5
2134.0,26.58,35.03,1012.31,312.6
2135.0,26.47,35.09,1012.58,314.5
2136.0,26.56,34.3,1012.55,324.3
2137.0,26.61,34.79,1012.58,313.4
2138.0,26.61,34.32,1012.24,320.3
2139.0,26.55,34.8,1012.54,319.3
2140.0,26.52,33.92,1012.71,324.7
2141.0,26.46,34.52,1012.36,324.6
2142.0,26.59,34.08,1012.35,320.3
2143.0,26.49,34.68,1012.48,323.1
2144.0,26.61,34.77,1012.53,320.4
2145.0,26.69,34.91,1012.45,322.8
2146.0,26.62,34.02,1012.38,318.4
2147.0,26.51,34.82,1012.58,318.5
2148.0,26.67,34.81,1012.3,320.0
2149.0,26.69,34.04,1012.17,319.0
2150.0,26.54,34.7,1012.16,324.7
2151.0,26.63,34.22,1012.27,321.2
2152.0,26.62,35.25,1012.61,320.1
2153.0,26.64,34.47,1012.45,318.5
2154.0,26.55,34.97,1012.33,315.5
2155.0,26.53,34.57,1012.53,321.0
2156.0,26.47,35.24,1012.4,320.5
2157.0,26.67,34.18,1012.54,319.4
2158.0,26.54,34.81,1012.69,324.0
2159.0,26.52,34.31,1012.19,312.5
2160.0,26.63,34.52,1012.38,320.9
2161.0,26.6,34.04,1012.25,321.7
2162.0,26.58,34.57,1012.21,318.2
2163.0,26.68,34.62,1012.36,324.4
2164.0,26.61,33.85,1012.42,319.7
2165.0,26.66,34.59,1012.49,316.7
2166.0,26.51,33.91,1012.22,324.8
2167.0,26.78,34.37,1012.48,321.5
2168.0,26.67,34.36,1012.42,323.9
2169.0,26.64,34.76,1012.51,321.8
2170.0,26.76,34.82,1012.21,320.9
2171.0,26.64,34.34,1012.28,317.4
2172.0,26.61,33.72,1012.33,325.6
2173.0,26.64,34.51,1012.12,315.0
2174.0,26.54,33.9,1012.31,321.4
2175.0,26.65,34.19,1012.19,323.1
2176.0,26.6,34.59,1012.29,322.0
2177.0,26.73,34.66,1012.3,313.6
2178.0,26.57,33.96,1012.29,326.2
2179.0,26.67,34.31,1012.81,324.8
2180.0,26.71,34.69,1012.13,315.4
2181.0,26.48,34.9,1012.34,323.5
2182.0,26.73,34.55,1012.34,322.0
2183.0,26.74,34.84,1012.07,321.5
2184.0,26.62,34.58,1012.78,322.5
2185.0,26.57,34.07,1012.52,315.7
2186.0,26.79,34.33,1012.42,317.6
2187.0,26.9,34.36,1012.15,321.8
2188.0,26.78,34.13,1012.3,318.2
2189.0,26.55,33.93,1012.15,318.8
2190.0,26.77,33.86,1012.49,318.3
2191.0,26.47,34.47,1012.44,314.9
2192.0,26.77,34.31,1012.24,321.1
2193.0,26.63,34.66,1012.68,320.4
2194.0,26.77,34.6,1012.12,318.4
2195.0,26.59,34.6,1012.49,321.4
2196.0,26.67,34.26,1012.58,322.4
2197.0,26.77,34.25,1012.21,317.3
2198.0,26.61,33.43,1012.37,324.0
2199.0,26.47,34.04,1012.01,326.8
2200.0,26.58,34.47,1012.6,321.3
2201.0,26.57,34.7,1012.49,315.8
2202.0,26.71,33.97,1012.73,319.5
2203.0,26.54,34.17,1012.44,320.3
2204.0,26.76,34.32,1012.32,316.8
2205.0,26.72,34.45,1012.31,324.0
2206.0,26.69,34.71,1012.48,320.2
2207.0,26.7,34.07,1012.51,317.7
2208.0,26.75,34.41,1012.25,323.0
2209.0,26.64,35.03,1012.51,316.5
2210.0,26.63,34.41,1012.34,322.6
2211.0,26.63,34.17,1012.69,320.8
2212.0,26.57,34.7,1012.44,320.0
2213.0,26.71,33.99,1012.13,321.4
2214.0,26.65,34.25,1012.63,323.5
2215.0,26.79,34.21,1012.38,318.2
2216.0,26.68,33.9,1012.64,315.0
2217.0,26.81,34.96,1012.31,312.0
2218.0,26.6,34.42,1012.23,319.0
2219.0,26.76,34.95,1012.22,318.4
2220.0,26.77,33.44,1012.3,320.1
2221.0,26.71,34.56,1012.41,321.8
2222.0,26.69,34.1,1012.37,323.4
2223.0,26.65,33.72,1012.39,320.0
2224.0,26.71,34.35,1012.32,316.1
2225.0,26.65,34.02,1012.46,320.2
2226.0,26.69,34.25,1012.54,322.4
2227.0,26.78,34.23,1012.47,321.5
2228.0,26.73,34.95,1012.5,320.6
2229.0,26.67,34.15,1012.62,314.3
2230.0,26.67,34.5,1012.3,315.2
2231.0,26.79,34.54,1012.41,320.0
2232.0,26.76,33.7,1012.69,321.4
2233.0,26.6,33.73,1012.42,322.9
2234.0,26.87,34.96,1012.08,317.4
2235.0,26.82,34.04,1012.59,317.2
2236.0,26.77,34.43,1012.3,319.5
2237.0,26.71,34.78,1012.28,318.8
2238.0,26.58,33.65,1012.44,324.5
2239.0,26.71,33.52,1012.29,322.9
2240.0,26.74,34.01,1012.49,320.9
2241.0,26.73,33.71,1012.47,320.3
2242.0,26.67,34.28,1012.36,319.4
2243.0,26.72,33.83,1012.26,323.7
2244.0,26.77,33.51,1012.42,317.7
2245.0,26.63,33.6,1012.12,320.4
2246.0,26.61,33.25,1012.46,316.4
2247.0,26.77,33.72,1012.59,323.2
2248.0,26.74,33.61,1012.21,321.3
2249.0,26.75,34.12,1012.35,316.6
2250.0,26.72,33.61,1012.57,319.0
2251.0,26.65,34.26,1012.66,322.8
2252.0,26.75,33.69,1012.37,322.4
2253.0,26.72,33.66,1012.37,318.7
2254.0,26.88,33.98,1012.17,323.4
2255.0,26.75,34.06,1012.5,316.0
2256.0,26.71,33.51,1012.26,319.4
2257.0,26.75,34.74,1012.44,315.9
2258.0,26.8,34.29,1012.41,320.9
2259.0,26.75,33.97,1012.39,321.0
2260.0,26.7,34.34,1012.41,325.6
2261.0,26.87,33.08,1012.11,321.4
2262.0,26.69,33.41,1012.5,319.5
2263.0,26.82,33.61,1012.31,323.2
2264.0,26.94,33.57,1012.35,319.8
2265.0,26.79,34.39,1012.39,322.6
2266.0,26.58,33.52,1012.24,312.6
2267.0,26.75,33.98,1012.54,324.7
2268.0,26.83,33.43,1012.69,322.8
2269.0,26.79,34.27,1012.61,322.8
2270.0,26.76,33.06,1012.63,317.5
2271.0,26.8,33.61,1012.36,324.8
2272.0,26.65,33.31,1012.45,316.2
2273.0,26.79,34.1,1012.4,320.5
2274.0,26.6,33.34,1012.35,320.1
2275.0,26.66,33.4,1012.08,315.7
2276.0,26.89,34.25,1012.27,324.2
2277.0,26.77,33.41,1012.51,319.5
2278.0,26.67,33.51,1012.22,316.3
2279.0,26.83,33.53,1012.43,322.8
2280.0,26.69,34.27,1012.33,324.3
2281.0,26.72,33.8,1012.52,318.0
2282.0,26.89,33.6,1012.23,317.6
2283.0,26.75,33.76,1012.12,321.7
2284.0,26.7,34.8,1012.36,319.3
2285.0,26.86,33.41,1012.37,318.3
2286.0,26.8,34.59,1012.07,315.1
2287.0,26.8,33.64,1012.25,322.7
2288.0,26.96,33.64,1012.35,318.3
2289.0,26.86,34.12,1011.99,318.7
2290.0,26.91,32.84,1012.54,318.1
2291.0,26.82,33.73,1012.3,316.7
2292.0,26.86,33.51,1012.25,319.2
2293.0,26.85,32.87,1012.53,324.4
2294.0,26.81,34.47,1012.2,321.6
2295.0,26.93,33.81,1012.59,321.0
2296.0,26.87,32.94,1012.51,320.8
2297.0,26.92,34.42,1012.37,327.0
2298.0,26.92,33.66,1012.27,319.1
2299.0,26.85,32.43,1012.26,320.8
2300.0,26.83,33.3,1012.39,323.0
2301.0,26.85,33.3,1012.42,321.0
2302.0,26.91,33.49,1012.46,324.5
2303.0,26.8,33.34,1012.49,316.5
2304.0,26.76,32.8,1012.11,314.2
2305.0,26.72,33.6,1012.32,322.0
2306.0,26.92,33.46,1012.4,323.1
2307.0,26.9,32.99,1012.32,325.4
2308.0,26.88,34.2,1012.5,320.5
2309.0,26.82,33.69,1012.28,317.0
2310.0,26.81,33.76,1012.27,323.1
2311.0,26.84,33.01,1012.4,323.5
2312.0,26.83,34.01,1012.55,318.4
2313.0,26.88,33.51,1012.57,321.0
2314.0,26.84,33.57,1012.22,325.4
2315.0,26.98,33.44,1012.36,315.9
2316.0,26.87,33.54,1012.32,320.2
2317.0,26.86,33.12,1012.37,322.7
2318.0,26.91,33.35,1012.2,316.5
2319.0,26.75,34.42,1012.39,322.4
2320.0,26.9,33.15,1012.13,321.4
2321.0,26.7,33.43,1012.45,326.1
2322.0,27.06,33.85,1012.41,323.1
2323.0,26.89,34.08,1012.41,316.5
2324.0,26.96,32.95,1012.41,320.5
2325.0,27.0,34.22,1012.15,316.3
2326.0,26.83,33.88,1012.37,320.7
2327.0,26.99,32.93,1012.28,317.6
2328.0,26.71,33.31,1012.37,324.4
2329.0,26.99,33.13,1012.22,321.7
2330.0,26.87,33.34,1012.75,326.7
2331.0,26.93,33.18,1012.67,318.0
2332.0,26.89,33.26,1012.34,317.9
2333.0,26.94,34.24,1012.4,322.5
2334.0,26.91,34.39,1012.43,321.4
2335.0,26.84,32.86,1012.35,316.1
2336.0,26.87,33.45,1012.37,316.5
2337.0,26.85,33.13,1012.27,322.1
2338.0,27.04,33.49,1012.52,318.5
2339.0,26.86,33.24,1012.54,320.7
2340.0,26.78,33.51,1012.36,326.0
2341.0,26.89,34.02,1012.36,318.2
2342.0,26.92,32.57,1012.15,324.0
2343.0,26.96,33.21,1012.27,322.4
2344.0,26.91,32.84,1012.27,320.2
2345.0,27.0,33.37,1012.19,320.4
2346.0,26.85,34.54,1012.33,319.8
2347.0,27.0,33.54,1012.77,322.8
2348.0,26.8,33.8,1012.39,321.3
2349.0,27.0,33.4,1012.43,317.4
2350.0,26.91,33.99,1012.51,321.4
2351.0,26.98,32.77,1012.18,324.6
2352.0,26.83,33.23,1012.41,316.1
2353.0,26.96,33.56,1012.55,321.9
2354.0,27.07,32.83,1012.29,323.8
2355.0,26.98,33.09,1012.46,319.4
2356.0,26.97,32.57,1012.42,318.0
2357.0,26.91,33.56,1012.35,318.0
2358.0,26.97,32.98,1012.39,323.3
2359.0,26.86,33.46,1012.38,319.0
2360.0,26.9,33.83,1012.51,316.4
2361.0,27.02,33.3,1012.26,320.4
2362.0,26.85,33.35,1012.51,320.4
2363.0,26.92,33.7,1012.64,322.0
2364.0,27.03,33.22,1012.22,322.4
2365.0,26.88,32.75,1012.46,319.7
2366.0,26.97,33.39,1012.44,323.0
2367.0,26.86,33.18,1012.05,323.5
2368.0,26.99,33.66,1012.63,322.5
2369.0,27.06,33.89,1012.13,320.8
2370.0,26.96,32.86,1012.34,319.7
2371.0,26.87,32.93,1012.28,319.2
2372.0,27.01,33.1,1012.42,323.5
2373.0,26.93,32.77,1012.23,323.1
2374.0,27.07,33.12,1012.64,315.6
2375.0,26.98,32.93,1012.44,313.7
2376.0,27.14,32.87,1012.7,321.6
2377.0,26.97,32.62,1012.41,321.2
2378.0,26.87,32.98,1012.58,316.3
2379.0,27.06,33.32,1012.34,316.2
2380.0,26.89,33.64,1012.43,321.6
2381.0,26.91,33.41,1012.07,322.2
2382.0,27.12,32.94,1012.44,321.6
2383.0,26.89,33.85,1012.42,316.2
2384.0,27.0,33.15,1012.44,320.1
2385.0,26.88,33.57,1012.22,320.6
2386.0,26.88,33.28,1012.6,319.6
2387.0,26.99,32.1,1012.33,321.8
2388.0,26.99,33.24,1012.14,320.1
2389.0,27.01,32.73,1012.31,322.4
2390.0,26.8,32.45,1012.41,315.5
2391.0,27.02,32.58,1012.09,316.7
2392.0,26.99,32.93,1012.15,323.6
2393.0,27.0,33.47,1012.41,315.9
2394.0,26.97,33.35,1012.59,321.1
2395.0,26.99,33.61,1012.55,316.3
2396.0,26.96,32.65,1012.21,317.0
2397.0,26.98,33.37,1012.25,318.7
2398.0,27.04,33.43,1012.4,322.0
2399.0,26.94,33.51,1012.4,318.8
2400.0,27.03,32.91,1012.26,317.8
2401.0,26.92,32.84,1012.41,317.0
2402.0,27.05,32.72,1012.65,321.8
2403.0,26.95,33.42,1012.65,321.1
2404.0,27.08,32.79,1012.31,319.0
2405.0,26.87,33.25,1012.2,320.2
2406.0,26.99,33.19,1012.51,320.4
2407.0,27.12,33.37,1012.41,320.0
2408.0,26.94,32.73,1012.53,316.1
2409.0,26.95,32.85,1012.23,319.7
2410.0,26.85,32.59,1012.42,321.1
2411.0,26.93,33.18,1012.45,319.1
2412.0,27.02,33.42,1012.56,323.6
2413.0,27.02,32.96,1012.43,318.0
2414.0,27.0,33.08,1012.46,320.9
2415.0,27.0,32.47,1012.09,317.7
2416.0,26.97,32.76,1012.7,319.5
2417.0,26.88,33.09,1012.47,322.0
2418.0,27.04,33.12,1012.42,317.7
2419.0,27.04,33.08,1012.14,319.6
2420.0,26.93,33.13,1012.7,323.6
2421.0,26.93,33.21,1012.33,322.2
2422.0,27.18,32.97,1012.52,319.0
2423.0,27.19,33.24,1012.48,321.4
2424.0,27.0,33.68,1012.13,322.3
2425.0,27.03,33.65,1012.39,319.7
2426.0,26.88,33.27,1012.33,323.0
2427.0,27.02,33.65,1012.56,316.3
2428.0,27.01,33.53,1012.27,316.9
2429.0,27.01,32.65,1012.41,318.0
2430.0,27.05,32.85,1012.53,319.9
2431.0,26.98,32.68,1012.47,314.8
2432.0,26.96,32.66,1012.49,319.6
2433.0,27.02,33.59,1012.47,318.3
2434.0,26.96,33.42,1012.25,320.2
2435.0,27.06,32.33,1012.57,327.3
2436.0,27.01,32.3,1012.33,320.9
2437.0,26.97,32.85,1012.36,319.3
2438.0,27.05,33.02,1012.33,316.7
2439.0,27.15,32.85,1012.58,318.0
2440.0,27.05,33.23,1012.35,317.7
2441.0,27.1,32.52,1012.39,318.8
2442.0,27.05,33.04,1012.22,321.0
2443.0,26.95,32.84,1012.36,316.8
2444.0,26.97,33.57,1012.52,319.4
2445.0,26.9,32.35,1012.46,321.4
2446.0,27.0,32.59,1012.48,317.7
2447.0,26.87,33.04,1012.71,322.3
2448.0,27.01,32.75,1012.27,319.0
2449.0,27.19,34.12,1012.23,323.4
2450.0,26.98,32.99,1012.68,323.1
2451.0,26.86,32.66,1012.32,319.6
2452.0,27.04,33.13,1012.1,317.3
2453.0,26.86,33.11,1012.43,318.1
2454.0,27.07,33.33,1012.9,321.8
2455.0,27.02,32.97,1012.46,322.1
2456.0,26.99,33.11,1012.09,314.1
2457.0,26.96,32.54,1012.65,322.3
2458.0,26.99,32.24,1012.51,321.0
2459.0,26.99,32.87,1012.46,320.5
2460.0,27.05,32.62,1012.48,322.5
2461.0,27.09,33.08,1012.68,318.0
2462.0,26.98,32.82,1012.39,314.3
2463.0,27.08,32.95,1012.5,322.9
2464.0,27.0,33.22,1012.35,321.7
2465.0,27.16,32.24,1012.32,321.0
2466.0,26.97,32.83,1012.3,320.6
2467.0,26.97,32.61,1012.4,317.0
2468.0,26.95,32.35,1012.33,317.6
2469.0,27.01,33.11,1012.41,317.8
2470.0,26.91,32.85,1012.39,323.0
2471.0,26.97,32.87,1012.43,321.6
2472.0,26.94,33.04,1012.45,322.5
2473.0,27.13,32.69,1012.15,320.5
2474.0,27.0,33.56,1012.3,324.8
2475.0,26.97,33.05,1012.49,315.9
2476.0,27.21,32.6,1012.37,317.3
2477.0,27.06,33.82,1012.35,316.6
2478.0,26.9,33.0,1012.37,319.5
2479.0,27.01,32.88,1012.26,319.6
2480.0,27.0,32.75,1012.61,324.7
2481.0,27.07,32.57,1012.3,325.2
2482.0,27.0,32.6,1012.49,321.1
2483.0,26.89,33.15,1012.48,324.1
2484.0,26.97,31.9,1012.26,324.7
2485.0,27.04,32.79,1012.29,320.2
2486.0,27.04,32.93,1012.47,313.7
2487.0,27.05,33.78,1012.35,316.4
2488.0,27.05,32.88,1012.41,315.1
2489.0,27.14,32.69,1012.46,322.6
2490.0,27.04,33.39,1012.56,323.2
2491.0,27.08,32.94,1012.19,319.0
2492.0,26.99,32.81,1012.55,318.4
2493.0,26.98,32.99,1012.6,317.3
2494.0,27.06,33.52,1012.34,325.2
2495.0,26.92,33.26,1012.47,315.8
2496.0,26.92,34.03,1012.44,318.7
2497.0,26.96,32.57,1012.35,322.8
2498.0,26.96,32.91,1012.35,320.7
2499.0,27.14,33.1,1012.59,323.6
2500.0,27.18,32.89,1012.56,321.9
2501.0,27.01,33.5,1012.56,321.4
2502.0,27.02,32.45,1012.31,320.6
2503.0,26.97,33.14,1012.2,321.7
2504.0,27.05,32.82,1011.99,321.1
2505.0,26.97,32.96,1012.16,321.0
2506.0,26.95,33.61,1012.55,321.6
2507.0,27.06,32.88,1012.55,316.4
2508.0,27.02,33.22,1012.59,320.8
2509.0,26.95,33.19,1012.42,320.9
2510.0,27.05,32.71,1012.36,314.3
2511.0,26.91,33.23,1012.4,323.5
2512.0,27.07,34.03,1012.35,318.3
2513.0,27.05,32.72,1012.14,324.0
2514.0,26.94,32.52,1012.56,318.4
2515.0,27.0,33.39,1012.52,321.4
2516.0,27.05,32.89,1012.1,321.8
2517.0,26.98,32.56,1012.2,320.0
2518.0,27.0,32.86,1012.39,320.8
2519.0,26.95,33.15,1012.23,319.0
2520.0,27.06,33.04,1012.39,319.4
2521.0,26.99,33.17,1012.51,319.7
2522.0,27.04,32.62,1012.21,316.6
2523.0,27.03,33.33,1012.43,322.9
2524.0,27.14,32.71,1012.59,321.0
2525.0,27.14,33.16,1012.35,321.5
2526.0,27.02,32.71,1012.47,316.2
2527.0,26.99,32.72,1012.62,316.0
2528.0,26.98,32.77,1012.31,323.8
2529.0,27.13,32.65,1012.62,316.6
2530.0,27.08,32.81,1012.37,320.6
2531.0,27.06,32.89,1012.68,317.6
2532.0,27.02,33.47,1012.67,324.3
2533.0,26.92,34.08,1012.38,318.7
2534.0,26.89,32.67,1012.26,318.0
2535.0,26.92,33.43,1012.53,320.1
2536.0,26.86,32.78,1012.32,321.2
2537.0,27.09,32.51,1012.38,318.6
2538.0,26.88,32.92,1012.34,323.1
2539.0,26.99,33.82,1012.26,321.0
2540.0,26.9,32.55,1012.46,316.6
2541.0,27.04,32.58,1012.63,318.2
2542.0,26.97,32.2,1012.53,321.7
2543.0,26.99,32.53,1012.47,319.3
2544.0,26.91,32.95,1012.36,325.1
2545.0,27.13,32.56,1012.56,314.9
2546.0,26.94,32.88,1012.16,322.8
2547.0,27.08,32.38,1012.28,315.5
2548.0,27.1,32.98,1012.38,317.1
2549.0,27.05,33.25,1012.39,320.4
2550.0,27.07,33.27,1012.51,317.4
2551.0,26.89,32.29,1012.34,319.8
2552.0,26.89,33.73,1012.37,318.8
2553.0,26.97,32.71,1012.5,319.1
2554.0,27.06,32.86,1012.27,320.3
2555.0,26.97,32.14,1012.65,322.6
2556.0,26.99,32.86,1012.39,313.2
2557.0,27.0,33.59,1012.23,318.7
2558.0,27.06,32.64,1012.3,319.0
2559.0,27.02,33.1,1012.58,315.4
2560.0,27.09,32.84,1012.42,320.8
2561.0,26.94,33.04,1012.28,319.6
2562.0,27.17,33.46,1012.58,316.3
2563.0,26.86,33.86,1012.22,318.8
2564.0,27.04,32.91,1012.25,323.4
2565.0,26.99,32.4,1012.45,317.5
2566.0,26.98,32.78,1012.58,319.9
2567.0,26.94,32.87,1012.6,319.1
2568.0,27.03,33.52,1012.43,316.0
2569.0,27.17,32.67,1012.43,319.2
2570.0,27.04,32.9,1012.35,322.3
2571.0,27.01,33.32,1012.63,320.2
2572.0,27.0,32.88,1012.65,320.7
2573.0,26.86,32.5,1012.41,318.1
2574.0,26.97,32.88,1012.5,315.2
2575.0,26.96,32.93,1012.6,326.4
2576.0,27.05,33.38,1012.56,324.2
2577.0,27.02,32.78,1012.62,316.0
2578.0,26.92,32.62,1012.74,325.7
2579.0,27.11,33.34,1012.64,320.0
2580.0,27.08,32.9,1012.23,319.5
2581.0,26.92,32.11,1012.53,318.1
2582.0,26.93,32.81,1012.35,323.8
2583.0,27.0,33.13,1012.42,322.7
2584.0,27.08,33.31,1012.43,320.1
2585.0,26.82,33.23,1012.11,319.6
2586.0,27.0,33.35,1012.66,317.2
2587.0,26.84,33.53,1012.38,322.6
2588.0,26.96,32.79,1012.46,318.4
2589.0,26.87,32.96,1012.18,317.5
2590.0,27.08,32.76,1012.24,318.0
2591.0,26.97,33.5,1012.18,313.1
2592.0,27.0,32.58,1012.59,314.1
2593.0,27.02,33.19,1012.49,319.0
2594.0,26.97,33.26,1012.34,318.1
2595.0,27.01,33.13,1012.5,320.2
2596.0,27.03,33.68,1012.73,316.1
2597.0,26.93,32.93,1012.4,318.1
2598.0,27.07,32.09,1012.34,317.3
2599.0,27.12,33.41,1012.34,320.2
2600.0,26.92,32.42,1012.03,322.7
2601.0,27.01,33.07,1012.36,315.5
2602.0,27.03,33.4,1012.38,322.7
2603.0,26.99,32.7,1012.54,319.4
2604.0,26.92,32.72,1012.47,320.1
2605.0,27.0,33.15,1012.32,321.2
2606.0,27.08,32.38,1012.52,318.7
2607.0,27.05,32.25,1012.19,312.8
2608.0,26.99,32.73,1012.56,323.4
2609.0,26.97,33.01,1012.2,316.2
2610.0,27.06,32.32,1012.27,317.5
2611.0,27.04,32.92,1012.43,316.3
2612.0,27.09,33.68,1012.28,315.0
2613.0,27.04,32.77,1012.22,319.6
2614.0,27.04,33.1,1012.09,320.3
2615.0,27.09,33.12,1012.59,318.8
2616.0,27.1,33.14,1012.54,324.5
2617.0,27.11,33.01,1012.27,320.0
2618.0,26.97,32.65,1012.39,317.7
2619.0,27.07,32.51,1012.44,321.3
2620.0,26.92,32.94,1012.52,324.6
2621.0,27.08,32.99,1012.46,319.2
2622.0,27.04,33.61,1012.38,320.9
2623.0,26.88,32.24,1012.41,325.5
2624.0,26.93,33.1,1012.44,320.7
2625.0,27.01,32.65,1012.18,317.7
2626.0,27.01,32.62,1012.28,323.7
2627.0,26.96,32.86,1012.4,321.5
2628.0,27.0,33.38,1012.48,318.2
2629.0,26.92,32.57,1012.37,323.6
2630.0,26.92,33.39,1012.5,321.4
2631.0,27.05,33.39,1012.25,321.7
2632.0,27.1,32.11,1012.14,320.7
2633.0,26.92,32.52,1012.25,319.7
2634.0,26.94,32.84,1012.32,318.5
2635.0,26.9,32.78,1012.42,324.1
2636.0,26.99,32.97,1012.29,319.5
2637.0,26.97,33.45,1012.48,320.0
2638.0,26.91,33.63,1012.39,315.1
2639.0,26.98,33.09,1012.41,322.1
2640.0,26.98,32.79,1012.29,315.1
2641.0,26.96,33.21,1012.53,315.1
2642.0,27.03,33.14,1012.5,321.9
2643.0,26.96,33.05,1012.55,321.3
2644.0,26.88,33.35,1012.36,313.3
2645.0,27.06,33.31,1012.48,317.4
2646.0,27.05,32.92,1012.42,319.7
2647.0,27.11,32.47,1012.41,324.2
2648.0,26.99,32.9,1012.33,317.1
2649.0,27.04,32.6,1012.4,319.7
2650.0,26.88,33.18,1012.16,320.3
2651.0,26.89,32.92,1012.41,316.4
2652.0,26.89,32.78,1012.28,321.0
2653.0,27.2,32.9,1012.46,320.6
2654.0,27.11,32.9,1012.54,318.1
2655.0,27.03,32.83,1012.59,318.5
2656.0,26.88,33.09,1012.27,319.2
2657.0,26.97,33.31,1012.34,319.5
2658.0,27.0,32.68,1012.5,321.5
2659.0,27.02,32.83,1012.27,321.2
2660.0,26.88,32.82,1012.46,318.1
2661.0,27.1,32.48,1012.11,315.5
2662.0,27.14,32.63,1012.45,317.9
2663.0,26.9,33.04,1012.61,320.4
2664.0,27.01,32.81,1012.56,323.9
2665.0,26.99,33.25,1012.29,316.7
2666.0,26.9,32.39,1012.44,323.0
2667.0,27.15,33.35,1012.46,320.1
2668.0,26.96,32.94,1012.33,318.7
2669.0,27.09,33.24,1012.34,323.4
2670.0,27.0,33.06,1012.71,318.9
2671.0,27.01,33.33,1012.49,319.2
2672.0,27.01,33.14,1012.16,323.8
2673.0,27.03,32.54,1012.38,314.2
2674.0,26.76,32.71,1012.36,320.9
2675.0,27.05,33.04,1012.51,318.7
2676.0,26.98,32.9,1012.78,321.2
2677.0,27.09,33.3,1012.42,322.8
2678.0,27.2,32.86,1012.38,321.4
2679.0,27.06,32.99,1012.41,322.5
2680.0,26.93,33.44,1012.47,323.4
2681.0,27.12,32.89,1012.6,322.6
2682.0,27.06,31.85,1012.6,318.6
2683.0,27.0,33.41,1012.28,321.8
2684.0,26.96,32.69,1012.4,326.0
2685.0,27.05,33.47,1012.47,324.0
2686.0,27.07,33.22,1012.44,314.7
2687.0,27.15,33.32,1012.42,321.4
2688.0,26.89,33.35,1012.32,322.4
2689.0,27.02,33.2,1012.68,316.9
2690.0,27.08,33.62,1012.27,318.8
2691.0,27.01,32.54,1012.57,315.9
2692.0,26.98,33.55,1012.22,323.6
2693.0,26.94,33.08,1012.24,317.4
2694.0,26.91,32.42,1012.04,327.5
2695.0,26.95,32.59,1012.33,322.2
2696.0,27.04,32.95,1012.48,316.8
2697.0,26.98,33.21,1012.37,317.3
2698.0,27.0,33.22,1012.47,321.8
2699.0,27.08,32.92,1012.38,326.9
2700.0,27.04,32.92,1012.52,316.7
2701.0,26.85,32.4,1012.11,319.3
2702.0,27.04,33.91,1012.5,318.2
2703.0,27.13,32.9,1012.34,317.1
2704.0,27.0,32.99,1012.11,318.7
2705.0,27.01,32.82,1012.33,323.9
2706.0,26.98,33.24,1012.72,321.2
2707.0,27.02,33.04,1012.4,311.7
2708.0,26.94,32.89,1012.35,324.5
2709.0,27.05,33.54,1012.17,321.6
2710.0,27.0,33.16,1012.62,321.9
2711.0,27.06,34.14,1012.34,319.9
2712.0,26.87,32.85,1012.32,319.4
2713.0,27.05,32.54,1012.6,320.7
2714.0,27.13,32.53,1012.5,325.6
2715.0,26.97,33.19,1012.71,321.4
2716.0,27.02,32.92,1012.32,319.1
2717.0,26.99,33.1,1012.57,321.2
2718.0,26.96,32.83,1012.25,317.2
2719.0,26.85,32.77,1012.38,326.7
2720.0,26.95,33.86,1012.79,317.4
2721.0,27.06,32.41,1012.4,316.3
2722.0,26.91,33.2,1012.26,320.4
2723.0,26.97,33.24,1012.23,318.5
2724.0,27.14,32.94,1012.48,317.5
2725.0,26.96,33.39,1012.5,318.0
2726.0,27.0,33.21,1012.6,317.5
2727.0,27.14,32.73,1012.56,326.8
2728.0,27.07,32.69,1012.51,317.5
2729.0,26.96,33.13,1012.54,322.7
2730.0,27.04,32.69,1012.33,320.8
2731.0,26.95,33.1,1012.73,316.7
2732.0,27.05,32.9,1012.51,322.1
2733.0,26.94,32.75,1012.53,318.3
2734.0,27.13,33.23,1012.33,318.1
2735.0,26.93,33.17,1012.47,325.4
2736.0,27.13,33.29,1012.53,316.1
2737.0,26.92,32.71,1012.4,325.3
2738.0,27.07,33.07,1012.43,319.0
2739.0,27.02,33.21,1012.49,319.7
2740.0,27.0,32.55,1012.46,315.0
2741.0,27.16,32.58,1012.49,319.2
2742.0,26.96,33.21,1012.47,315.7
2743.0,27.04,33.27,1012.33,320.6
2744.0,26.96,32.81,1012.24,323.8
2745.0,27.05,33.29,1012.69,316.1
2746.0,27.0,32.64,1012.45,321.2
2747.0,27.03,32.5,1012.47,318.2
2748.0,27.13,33.55,1012.39,316.9
2749.0,27.08,33.53,1012.36,321.0
2750.0,27.09,33.14,1012.77,320.8
2751.0,26.97,32.2,1012.44,326.3
2752.0,26.95,33.02,1012.58,319.2
2753.0,26.98,32.52,1012.07,320.5
2754.0,26.97,33.09,1012.51,324.0
2755.0,27.13,32.28,1012.29,320.5
2756.0,27.09,32.98,1012.5,325.1
2757.0,27.01,33.42,1012.28,315.5
2758.0,27.09,33.3,1012.36,317.0
2759.0,27.14,32.59,1012.31,319.1
2760.0,26.9,32.27,1012.42,313.5
2761.0,27.12,33.11,1012.55,321.3
2762.0,26.9,32.75,1012.37,317.0
2763.0,26.97,33.21,1012.26,317.0
2764.0,26.97,33.77,1012.51,316.0
2765.0,27.03,33.16,1012.32,317.7
2766.0,26.99,32.83,1012.29,319.5
2767.0,26.96,33.22,1012.47,319.3
2768.0,27.09,32.6,1012.51,320.7
2769.0,26.95,33.78,1012.43,321.1
2770.0,27.05,32.61,1012.5,315.6
2771.0,27.1,32.65,1012.4,313.6
2772.0,27.01,33.19,1012.36,317.1
2773.0,27.06,32.84,1012.39,321.8
2774.0,27.04,33.86,1012.32,325.8
2775.0,27.01,33.47,1012.35,318.9
2776.0,26.88,33.03,1012.15,326.7
2777.0,26.99,33.59,1012.26,314.6
2778.0,26.87,32.72,1012.07,314.1
2779.0,26.85,33.3,1012.17,321.5
2780.0,26.99,32.61,1012.51,320.8
2781.0,26.99,32.59,1012.6,318.8
2782.0,27.12,33.42,1012.46,321.0
2783.0,26.85,33.41,1012.36,319.6
2784.0,27.07,32.45,1012.35,320.3
2785.0,26.9,33.59,1012.37,317.6
2786.0,26.96,32.33,1012.54,317.7
2787.0,27.01,32.99,1012.54,326.9
2788.0,26.94,32.82,1012.64,322.9
2789.0,27.03,33.07,1012.24,323.2
2790.0,26.81,32.87,1012.43,321.8
2791.0,26.85,33.45,1012.3,325.1
2792.0,27.03,32.7,1012.45,320.9
2793.0,26.89,33.26,1012.49,316.4
2794.0,26.96,33.9,1012.16,318.3
2795.0,27.01,33.39,1012.22,317.0
2796.0,26.89,32.57,1012.31,320.5
2797.0,26.95,32.88,1012.04,323.6
2798.0,27.01,33.79,1012.63,320.5
2799.0,26.88,33.81,1012.44,316.9
2800.0,26.96,33.33,1012.33,316.0
2801.0,27.09,33.25,1012.37,319.4
2802.0,27.01,33.29,1012.37,321.2
2803.0,27.01,32.51,1012.09,327.6
2804.0,27.01,33.19,1012.33,319.1
2805.0,27.01,33.49,1012.35,319.9
2806.0,27.06,32.29,1012.3,317.6
2807.0,27.01,33.04,1012.59,320.1
2808.0,27.0,32.9,1012.26,323.8
2809.0,26.95,33.52,1012.22,319.0
2810.0,26.9,32.79,1012.52,324.2
2811.0,27.06,33.15,1012.41,319.2
2812.0,27.15,32.99,1012.58,317.3
2813.0,26.91,32.6,1012.44,318.2
2814.0,26.98,33.17,1012.53,316.8
2815.0,26.97,32.69,1012.49,320.9
2816.0,27.16,33.23,1012.3,326.2
2817.0,26.95,33.82,1012.28,321.8
2818.0,26.87,33.19,1012.68,320.8
2819.0,27.09,32.66,1012.22,314.0
2820.0,26.91,33.01,1012.65,317.1
2821.0,26.98,32.9,1012.25,319.4
2822.0,27.1,32.88,1012.5,320.7
2823.0,27.0,32.7,1012.24,319.7
2824.0,27.05,32.82,1012.48,320.3
2825.0,26.95,32.87,1012.22,317.3
2826.0,27.02,32.54,1012.42,317.1
2827.0,26.99,33.02,1012.29,315.5
2828.0,27.14,33.1,1012.34,323.6
2829.0,26.96,32.54,1012.6,323.5
2830.0,27.11,33.23,1012.38,324.5
2831.0,26.92,32.21,1012.47,319.8
2832.0,27.05,32.96,1012.55,319.9
2833.0,26.96,33.1,1012.24,318.4
2834.0,26.87,33.04,1012.24,323.1
2835.0,26.99,32.95,1012.37,315.8
2836.0,27.09,33.27,1012.19,320.0
2837.0,27.07,32.41,1012.46,314.2
2838.0,27.02,33.21,1012.21,320.7
2839.0,27.05,33.17,1012.33,319.6
2840.0,26.98,32.97,1012.58,321.4
2841.0,27.04,33.73,1012.3,322.6
2842.0,27.15,33.3,1012.42,316.8
2843.0,27.02,33.48,1012.34,315.9
2844.0,26.97,33.1,1012.45,322.3
2845.0,26.94,33.5,1012.45,318.8
2846.0,26.98,31.82,1012.39,318.1
2847.0,27.02,33.0,1012.4,319.5
2848.0,26.92,33.21,1012.2,318.5
2849.0,27.12,33.19,1012.76,322.7
2850.0,27.01,33.38,1012.26,321.7
2851.0,26.88,32.44,1012.62,317.5
2852.0,26.95,32.93,1012.3,318.3
2853.0,26.92,33.37,1012.38,324.6
2854.0,26.98,33.14,1012.35,316.3
2855.0,27.1,33.62,1012.41,326.8
2856.0,26.88,33.0,1012.17,321.1
2857.0,26.94,32.44,1012.46,316.6
2858.0,27.07,33.19,1012.19,328.0
2859.0,27.11,32.54,1012.34,317.5
2860.0,26.98,33.05,1012.38,324.5
2861.0,26.99,33.01,1012.47,322.1
2862.0,27.18,33.11,1012.3,322.1
2863.0,27.11,33.26,1012.33,318.2
2864.0,26.87,33.23,1012.57,318.3
2865.0,27.04,33.5,1012.44,324.1
2866.0,26.92,33.7,1012.51,316.7
2867.0,26.98,33.36,1012.49,316.1
2868.0,26.98,32.48,1012.3,318.7
2869.0,27.0,33.19,1012.47,320.4
2870.0,27.17,33.56,1012.49,321.4
2871.0,26.87,33.06,1012.27,320.9
2872.0,26.98,33.56,1012.23,321.5
2873.0,26.97,33.15,1012.49,316.0
2874.0,27.04,32.66,1012.63,316.4
2875.0,26.97,33.18,1012.25,322.8
2876.0,27.0,32.84,1012.48,323.9
2877.0,26.92,33.5,1012.36,319.5
2878.0,27.04,32.3,1012.33,319.8
2879.0,26.99,32.93,1012.63,321.8
2880.0,26.82,32.68,1012.33,327.7
2881.0,27.02,33.75,1012.29,318.6
2882.0,27.12,32.5,1012.51,324.8
2883.0,26.79,32.29,1012.45,320.2
2884.0,27.07,32.64,1012.18,322.6
2885.0,27.08,32.98,1012.61,316.6
2886.0,27.0,33.41,1012.56,325.5
2887.0,26.99,32.7,1012.51,320.4
2888.0,27.05,33.3,1012.29,315.6
2889.0,26.98,32.93,1012.54,318.5
2890.0,26.86,32.98,1012.58,325.3
2891.0,27.05,33.42,1012.28,323.2
2892.0,27.04,32.64,1012.33,323.2
2893.0,26.94,32.71,1012.27,318.8
2894.0,26.99,32.61,1012.35,319.3
2895.0,26.94,33.17,1012.49,322.0
2896.0,27.06,33.49,1012.2,318.7
2897.0,26.94,33.95,1012.27,322.9
2898.0,27.03,33.38,1012.42,318.6
2899.0,26.99,33.41,1012.18,320.2
2900.0,26.96,32.3,1012.37,314.4
2901.0,27.12,32.87,1012.37,319.1
2902.0,26.97,33.06,1012.51,320.1
2903.0,27.01,32.51,1012.64,318.7
2904.0,26.95,32.84,1012.28,319.1
2905.0,27.03,33.3,1012.34,319.5
2906.0,26.91,33.11,1012.43,315.9
2907.0,27.14,33.07,1012.5,319.5
2908.0,27.0,32.67,1012.57,322.9
2909.0,26.95,32.83,1012.35,322.3
2910.0,26.97,32.6,1012.23,324.3
2911.0,27.14,32.38,1012.38,323.9
2912.0,26.91,33.18,1012.39,315.2
2913.0,26.9,32.66,1012.19,319.0
2914.0,26.93,32.95,1012.44,320.1
2915.0,27.0,32.57,1012.46,320.2
2916.0,26.9,32.97,1012.32,319.4
2917.0,27.06,33.67,1012.34,320.5
2918.0,27.05,32.56,1012.34,316.5
2919.0,26.99,33.22,1012.39,318.7
2920.0,26.98,33.29,1012.55,314.8
2921.0,26.99,32.85,1012.32,323.4
2922.0,26.99,32.62,1012.52,321.4
2923.0,26.92,33.77,1012.43,322.1
2924.0,26.87,33.25,1012.39,320.7
2925.0,26.89,33.35,1012.4,319.7
2926.0,27.0,32.95,1012.7,322.5
2927.0,26.95,32.41,1012.56,319.1
2928.0,27.07,33.18,1012.45,321.4
2929.0,26.95,33.28,1012.47,325.0
2930.0,26.99,33.47,1012.44,318.7
2931.0,26.99,33.92,1012.4,323.0
2932.0,27.06,33.23,1012.22,322.0
2933.0,26.91,33.5,1012.17,319.5
2934.0,26.97,32.72,1012.28,320.2
2935.0,27.02,33.01,1012.58,321.2
2936.0,26.93,33.37,1012.45,314.9
2937.0,27.06,32.71,1012.35,322.8
2938.0,26.94,33.81,1012.38,320.4
2939.0,26.97,32.91,1012.31,317.4
2940.0,27.03,33.18,1012.36,319.4
2941.0,27.13,33.27,1012.66,323.0
2942.0,27.03,33.01,1012.57,320.7
2943.0,27.02,33.17,1012.34,321.0
2944.0,26.97,33.06,1012.54,323.5
2945.0,27.06,32.5,1012.41,318.7
2946.0,27.02,33.24,1012.5,320.6
2947.0,26.86,33.16,1012.28,316.1
2948.0,26.82,33.06,1012.41,321.1
2949.0,27.08,32.65,1012.55,320.0
2950.0,27.01,32.69,1012.52,329.4
2951.0,26.95,32.7,1012.37,319.8
2952.0,26.86,32.92,1012.4,323.0
2953.0,27.0,32.7,1012.29,315.6
2954.0,26.86,32.82,1012.32,322.4
2955.0,27.03,33.27,1012.54,314.5
2956.0,26.92,33.61,1012.6,319.5
2957.0,27.0,32.8,1012.57,325.2
2958.0,26.9,33.4,1012.43,318.7
2959.0,27.02,33.06,1012.54,313.0
2960.0,27.01,32.92,1012.31,322.8
2961.0,26.92,32.71,1012.23,321.4
2962.0,27.1,33.37,1012.51,321.2
2963.0,26.85,33.89,1012.42,318.3
2964.0,27.04,33.7,1012.24,319.6
2965.0,27.17,32.5,1012.65,320.0
2966.0,26.95,32.64,1012.25,326.2
2967.0,26.76,33.4,1012.32,323.1
2968.0,27.0,33.28,1012.29,316.9
2969.0,27.01,32.91,1012.57,325.7
2970.0,27.1,32.93,1012.39,315.8
2971.0,27.01,33.55,1012.24,319.7
2972.0,26.99,32.92,1012.35,323.0
2973.0,26.96,32.7,1012.46,324.2
2974.0,26.92,33.19,1012.42,320.4
2975.0,26.96,32.83,1012.25,317.3
2976.0,26.92,33.19,1012.45,316.4
2977.0,27.04,33.21,1012.47,323.1
2978.0,27.01,33.24,1012.42,317.9
2979.0,26.99,32.3,1012.24,321.3
2980.0,27.17,33.19,1012.49,322.9
2981.0,26.93,33.47,1012.56,320.0
2982.0,27.14,33.08,1012.32,318.7
2983.0,27.07,33.45,1012.48,322.3
2984.0,27.08,33.26,1012.41,315.4
2985.0,27.09,32.81,1012.51,320.4
2986.0,26.99,32.74,1012.26,321.0
2987.0,26.91,33.15,1012.28,317.5
2988.0,27.04,32.46,1012.49,319.8
2989.0,26.94,33.04,1012.03,315.6
2990.0,26.88,33.57,1012.09,326.8
2991.0,26.88,33.14,1012.37,322.7
2992.0,26.97,33.18,1012.36,322.4
2993.0,26.96,32.84,1012.07,322.3
2994.0,27.04,33.29,1012.45,316.1
2995.0,26.94,32.93,1012.17,319.8
2996.0,26.96,32.82,1012.28,323.7
2997.0,27.07,33.4,1012.57,320.0
2998.0,27.08,33.42,1012.67,318.1
2999.0,27.0,32.81,1012.38,325.4
3000.0,26.96,32.87,1012.24,322.5
3001.0,26.97,32.73,1012.47,317.8
3002.0,27.04,32.5,1012.59,318.9
3003.0,26.93,32.58,1012.22,315.8
3004.0,26.97,32.46,1012.3,318.5
3005.0,27.02,32.9,1012.47,316.5
3006.0,26.96,33.11,1012.54,320.4
3007.0,26.95,33.22,1012.39,318.9
3008.0,27.1,32.83,1012.45,325.9
3009.0,26.9,32.71,1012.5,318.4
3010.0,26.85,32.79,1012.5,319.3
3011.0,26.82,33.62,1012.49,320.5
3012.0,26.84,32.71,1012.56,322.1
3013.0,26.91,33.44,1012.13,324.6
3014.0,27.08,33.79,1012.47,321.7
3015.0,26.83,33.74,1012.4,320.4
3016.0,26.98,32.81,1012.64,320.1
3017.0,26.72,33.28,1012.4,318.6
3018.0,26.95,33.16,1012.37,316.0
3019.0,26.88,33.35,1012.68,319.6
3020.0,26.81,33.56,1012.43,319.2
3021.0,26.69,33.98,1012.19,321.1
3022.0,26.96,32.81,1012.27,314.5
3023.0,26.8,33.06,1012.56,322.2
3024.0,26.91,34.03,1012.74,319.8
3025.0,26.77,34.21,1012.12,323.8
3026.0,26.88,34.55,1012.56,322.4
3027.0,26.79,33.79,1012.4,321.0
3028.0,26.94,33.58,1012.44,319.4
3029.0,26.82,33.83,1012.42,321.5
3030.0,26.89,33.74,1012.44,317.1
3031.0,26.93,33.82,1012.16,317.5
3032.0,26.77,33.92,1012.47,325.3
3033.0,26.85,34.54,1012.35,317.1
3034.0,26.75,33.63,1012.46,321.0
3035.0,26.69,33.71,1012.21,320.3
3036.0,26.74,34.52,1012.36,311.2
3037.0,26.72,33.52,1012.25,320.2
3038.0,26.87,33.86,1012.51,318.2
3039.0,26.66,33.92,1012.49,311.6
3040.0,26.67,34.09,1012.45,319.9
3041.0,26.79,34.32,1012.3,323.4
3042.0,26.8,34.32,1012.16,320.8
3043.0,26.83,33.84,1012.58,321.2
3044.0,26.69,33.31,1012.6,320.8
3045.0,26.75,34.33,1012.39,321.3
3046.0,26.79,33.95,1012.07,325.1
3047.0,26.78,33.98,1012.38,316.2
3048.0,26.95,33.97,1012.3,322.6
3049.0,26.78,34.78,1012.44,315.1
3050.0,26.71,34.37,1012.35,320.7
3051.0,26.83,33.88,1012.28,324.6
3052.0,26.74,34.03,1012.14,316.0
3053.0,26.77,34.61,1012.43,318.8
3054.0,26.85,33.91,1012.65,318.8
3055.0,26.81,33.79,1012.55,324.3
3056.0,26.51,34.07,1012.51,316.9
3057.0,26.68,34.07,1012.28,320.8
3058.0,26.73,33.87,1012.6,322.6
3059.0,26.53,33.9,1012.51,319.0
3060.0,26.67,34.38,1012.26,319.4
3061.0,26.6,33.42,1012.49,319.2
3062.0,26.84,34.1,1012.32,318.5
3063.0,26.64,33.77,1012.33,320.3
3064.0,26.8,34.13,1012.15,314.5
3065.0,26.63,34.42,1012.55,321.0
3066.0,26.6,34.39,1012.57,320.7
3067.0,26.65,34.2,1012.34,316.4
3068.0,26.64,33.92,1012.47,317.7
3069.0,26.75,34.08,1012.5,319.2
3070.0,26.78,34.63,1012.31,319.9
3071.0,26.67,34.08,1012.47,314.7
3072.0,26.58,34.49,1012.31,319.1
3073.0,26.69,34.54,1012.33,321.3
3074.0,26.67,34.6,1012.4,318.5
3075.0,26.63,35.28,1012.47,319.9
3076.0,26.61,34.61,1012.43,319.4
3077.0,26.72,34.32,1012.38,319.7
3078.0,26.54,35.11,1012.36,323.0
3079.0,26.62,34.55,1012.33,320.8
3080.0,26.66,34.97,1012.56,317.9
3081.0,26.56,35.08,1012.29,319.8
3082.0,26.6,34.47,1012.46,317.8
3083.0,26.45,35.06,1012.37,321.4
3084.0,26.54,34.74,1012.19,319.8
3085.0,26.57,33.97,1012.48,319.5
3086.0,26.54,34.32,1012.42,322.4
3087.0,26.55,34.18,1012.37,319.0
3088.0,26.49,34.59,1012.2,321.7
3089.0,26.52,34.94,1012.24,320.9
3090.0,26.58,34.92,1012.34,321.6
3091.0,26.55,34.81,1012.38,322.6
3092.0,26.6,34.83,1012.58,313.5
3093.0,26.64,34.79,1012.5,319.2
3094.0,26.48,35.44,1012.38,313.5
3095.0,26.51,35.05,1012.45,322.2
3096.0,26.53,34.55,1012.43,316.1
3097.0,26.47,35.5,1012.5,320.6
3098.0,26.53,35.46,1012.64,327.4
3099.0,26.49,34.87,1012.39,319.5
3100.0,26.39,35.08,1012.23,323.9
3101.0,26.49,34.58,1012.43,323.4
3102.0,26.42,35.11,1012.41,319.5
3103.0,26.56,35.09,1012.59,316.3
3104.0,26.56,35.31,1012.42,318.3
3105.0,26.46,34.7,1012.48,322.7
3106.0,26.45,35.41,1012.53,320.0
3107.0,26.55,35.27,1012.45,322.1
3108.0,26.5,35.22,1012.2,316.4
3109.0,26.38,35.61,1012.37,325.4
3110.0,26.36,35.61,1012.21,321.5
3111.0,26.37,35.72,1012.28,318.6
3112.0,26.42,35.58,1012.05,319.0
3113.0,26.25,34.58,1012.62,314.4
3114.0,26.45,35.52,1012.23,321.2
3115.0,26.41,35.96,1012.46,319.3
3116.0,26.35,36.08,1012.21,320.6
3117.0,26.45,35.45,1012.42,321.8
3118.0,26.5,34.28,1012.45,319.4
3119.0,26.31,35.41,1012.36,315.5
3120.0,26.37,35.4,1012.58,320.6
3121.0,26.3,35.45,1012.23,318.0
3122.0,26.42,35.4,1012.21,321.1
3123.0,26.29,35.69,1012.02,322.1
3124.0,26.32,35.32,1012.3,325.1
3125.0,26.55,34.92,1012.34,325.2
3126.0,26.38,35.81,1012.47,323.2
3127.0,26.32,35.97,1012.31,322.7
3128.0,26.28,35.6,1012.46,317.6
3129.0,26.35,35.29,1012.61,325.0
3130.0,26.52,35.71,1012.38,315.7
3131.0,26.27,35.9,1012.22,315.0
3132.0,26.31,35.98,1012.5,320.8
3133.0,26.25,35.57,1012.5,318.2
3134.0,26.35,35.42,1012.29,315.1
3135.0,26.31,36.92,1012.24,318.8
3136.0,26.24,35.87,1012.39,320.6
3137.0,26.39,36.22,1012.38,319.8
3138.0,26.44,35.08,1012.41,320.8
3139.0,26.42,35.72,1012.59,316.5
3140.0,26.21,35.32,1012.52,318.1
3141.0,26.32,35.88,1012.55,317.1
3142.0,26.28,35.57,1012.35,317.7
3143.0,26.37,36.29,1012.22,315.8
3144.0,26.21,35.82,1012.42,322.5
3145.0,26.36,35.4,1012.48,323.8
3146.0,26.33,36.06,1012.22,318.1
3147.0,26.48,36.65,1012.44,321.3
3148.0,26.21,36.08,1012.22,316.6
3149.0,26.32,36.21,1012.53,323.0
3150.0,26.17,35.61,1012.1,318.5
3151.0,26.35,36.63,1012.1,317.3
3152.0,26.22,35.7,1012.3,316.4
3153.0,26.34,36.49,1012.38,316.5
3154.0,26.27,36.17,1012.29,319.6
3155.0,26.39,35.76,1012.14,319.3
3156.0,26.27,36.42,1012.17,320.5
3157.0,26.22,36.58,1012.38,320.4
3158.0,26.14,35.73,1012.56,317.0
3159.0,26.2,36.7,1012.51,314.7
3160.0,26.1,36.26,1012.16,320.8
3161.0,26.16,35.98,1012.48,318.7
3162.0,26.15,36.22,1012.28,323.6
3163.0,26.05,36.17,1012.13,316.3
3164.0,26.03,36.8,1012.48,317.5
3165.0,26.15,36.44,1012.45,315.4
3166.0,26.13,36.46,1012.59,321.7
3167.0,26.16,35.7,1012.6,318.0
3168.0,26.17,35.59,1012.65,322.6
3169.0,26.24,36.77,1012.3,321.4
3170.0,26.09,36.43,1012.18,322.9
3171.0,26.02,36.87,1012.39,318.6
3172.0,26.08,37.08,1012.49,317.4
3173.0,26.16,36.36,1012.24,323.5
3174.0,26.25,36.23,1012.52,320.0
3175.0,26.11,36.2,1012.2,319.8
3176.0,25.95,36.01,1012.37,321.6
3177.0,26.01,36.33,1012.44,319.5
3178.0,25.98,35.78,1012.37,321.9
3179.0,26.03,36.51,1012.56,321.8
3180.0,26.11,36.47,1012.44,319.6
3181.0,26.01,36.85,1012.28,313.1
3182.0,26.18,36.5,1012.37,323.0
3183.0,26.05,36.88,1011.91,319.8
3184.0,26.13,36.9,1012.49,318.4
3185.0,26.04,36.77,1012.43,318.9
3186.0,26.05,37.39,1012.42,315.7
3187.0,26.03,36.71,1012.34,319.1
3188.0,26.03,36.44,1012.22,316.3
3189.0,26.07,36.87,1012.23,315.9
3190.0,25.99,36.1,1012.4,325.7
3191.0,25.95,37.16,1012.34,317.5
3192.0,25.95,37.06,1012.18,325.6
3193.0,26.05,36.47,1012.23,322.9
3194.0,26.01,36.65,1012.67,320.3
3195.0,25.99,37.44,1012.35,321.7
3196.0,26.04,37.0,1012.33,320.2
3197.0,26.09,37.12,1012.45,319.4
3198.0,26.06,37.32,1012.27,328.4
3199.0,26.02,37.36,1012.45,319.6
3200.0,26.05,36.56,1012.32,325.7
3201.0,25.93,36.52,1012.68,321.1
3202.0,25.99,36.96,1012.48,319.2
3203.0,26.03,37.34,1012.6,322.0
3204.0,26.03,37.15,1012.23,313.9
3205.0,26.08,37.18,1012.37,321.7
3206.0,25.98,37.33,1012.3,322.4
3207.0,25.73,37.57,1012.3,320.4
3208.0,25.95,36.71,1012.73,316.5
3209.0,26.06,37.16,1012.46,321.0
3210.0,25.93,37.49,1012.27,319.2
3211.0,25.95,37.02,1012.52,321.0
3212.0,25.77,36.82,1012.49,325.3
3213.0,25.96,37.78,1012.56,327.1
3214.0,25.97,36.8,1012.16,318.4
3215.0,25.81,37.18,1012.31,319.9
3216.0,25.95,37.34,1012.21,322.7
3217.0,25.86,37.32,1012.5,319.8
3218.0,26.05,37.0,1012.25,320.1
3219.0,25.98,36.85,1012.46,314.5
3220.0,25.89,37.6,1012.29,321.2
3221.0,25.81,37.1,1012.48,317.7
3222.0,25.85,37.18,1012.37,322.4
3223.0,25.97,37.26,1012.5,323.2
3224.0,25.85,37.46,1012.19,320.7
3225.0,25.93,36.94,1012.62,318.1
3226.0,25.81,37.77,1012.55,320.6
3227.0,25.82,37.75,1012.4,316.6
3228.0,25.87,37.36,1012.41,319.5
3229.0,25.89,37.51,1012.32,320.7
3230.0,25.99,37.16,1012.42,316.4
3231.0,25.75,37.45,1012.44,322.8
3232.0,25.9,38.46,1012.39,321.1
3233.0,25.91,37.85,1012.2,320.0
3234.0,25.77,37.53,1012.12,318.9
3235.0,25.95,37.81,1012.17,320.6
3236.0,25.73,38.69,1012.33,317.4
3237.0,25.86,37.97,1012.28,318.2
3238.0,25.79,37.93,1012.45,318.5
3239.0,25.77,37.79,1012.29,324.2
3240.0,25.85,38.06,1012.09,323.1
3241.0,25.76,37.82,1012.39,323.5
3242.0,25.75,38.13,1012.29,320.5
3243.0,25.78,38.15,1012.12,322.5
3244.0,25.69,37.74,1012.39,322.1
3245.0,25.72,38.24,1012.23,322.1
3246.0,25.64,37.85,1012.64,317.9
3247.0,25.79,37.96,1012.47,326.3
3248.0,25.83,38.25,1012.48,324.6
3249.0,25.81,38.77,1012.1,318.5
3250.0,25.68,38.35,1012.4,320.9
3251.0,25.9,38.09,1012.1,323.6
3252.0,25.68,37.57,1012.75,319.5
3253.0,25.7,37.94,1012.33,315.0
3254.0,25.7,37.47,1012.51,323.4
3255.0,25.62,38.46,1012.37,321.4
3256.0,25.87,37.36,1012.5,319.5
3257.0,25.57,38.38,1012.26,321.6
3258.0,25.71,38.54,1012.21,314.2
3259.0,25.61,38.53,1012.43,321.9
3260.0,25.77,38.71,1012.37,320.2
3261.0,25.62,38.28,1012.45,320.5
3262.0,25.75,37.57,1012.62,323.0
3263.0,25.71,39.05,1012.27,319.8
3264.0,25.72,38.03,1012.32,325.4
3265.0,25.61,38.43,1012.55,321.4
3266.0,25.77,38.34,1012.1,320.3
3267.0,25.65,38.31,1012.78,320.2
3268.0,25.7,38.83,1012.28,322.9
3269.0,25.67,38.5,1012.48,317.0
3270.0,25.54,38.1,1012.29,317.6
3271.0,25.51,38.58,1012.45,319.0
3272.0,25.71,38.62,1012.5,315.7
3273.0,25.62,38.78,1012.26,318.6
3274.0,25.63,38.84,1012.53,319.8
3275.0,25.54,38.1,1012.51,313.9
3276.0,25.69,39.12,1012.55,320.3
3277.0,25.66,38.52,1012.33,312.7
3278.0,25.67,39.36,1012.42,319.1
3279.0,25.65,38.08,1012.25,320.5
3280.0,25.63,38.91,1012.39,318.3
3281.0,25.73,38.06,1012.28,318.5
3282.0,25.58,39.15,1012.41,319.6
3283.0,25.56,38.75,1012.27,320.0
3284.0,25.65,38.45,1012.0,322.9
3285.0,25.51,37.27,1012.57,311.8
3286.0,25.66,38.37,1012.61,321.3
3287.0,25.53,38.39,1012.46,320.4
3288.0,25.46,38.65,1012.34,317.3
3289.0,25.49,38.36,1012.42,316.9
3290.0,25.64,37.9,1012.74,318.0
3291.0,25.63,39.12,1012.55,318.8
3292.0,25.54,38.21,1012.25,319.9
3293.0,25.56,39.15,1012.65,320.7
3294.0,25.44,38.15,1012.24,314.8
3295.0,25.66,38.7,1012.14,320.8
3296.0,25.51,39.52,1012.34,318.3
3297.0,25.54,39.0,1012.38,323.8
3298.0,25.43,38.26,1012.45,326.4
3299.0,25.57,38.38,1012.45,317.7
3300.0,25.47,39.19,1012.51,314.5
3301.0,25.41,39.25,1012.35,318.0
3302.0,25.55,38.83,1012.23,324.4
3303.0,25.49,39.0,1012.45,318.0
3304.0,25.65,38.79,1012.28,317.7
3305.0,25.51,39.26,1012.51,322.4
3306.0,25.53,39.76,1012.56,317.4
3307.0,25.55,38.04,1012.61,315.7
3308.0,25.47,39.42,1012.53,320.2
3309.0,25.48,38.96,1012.29,318.4
3310.0,25.48,39.27,1012.36,319.8
3311.0,25.54,39.05,1012.48,315.7
3312.0,25.38,39.73,1012.43,323.6
3313.0,25.39,39.05,1012.3,314.7
3314.0,25.41,38.97,1012.31,318.2
3315.0,25.4,39.63,1012.43,319.4
3316.0,25.44,39.0,1012.79,322.2
3317.0,25.32,39.32,1012.3,314.8
3318.0,25.35,39.46,1012.39,318.0
3319.0,25.43,38.86,1012.48,316.6
3320.0,25.43,38.94,1012.34,322.2
3321.0,25.47,39.57,1012.25,323.6
3322.0,25.38,40.02,1012.13,324.0
3323.0,25.52,38.58,1012.41,320.1
3324.0,25.35,40.03,1012.38,320.5
3325.0,25.34,39.38,1012.43,320.7
3326.0,25.2,39.43,1012.24,324.2
3327.0,25.34,39.76,1012.53,324.4
3328.0,25.19,39.28,1012.99,323.2
3329.0,25.26,39.63,1012.29,323.0
3330.0,25.37,40.22,1012.14,320.3
3331.0,25.24,39.63,1012.39,321.6
3332.0,25.28,39.42,1012.24,324.0
3333.0,25.39,39.37,1012.37,320.7
3334.0,25.21,39.24,1012.52,321.3
3335.0,25.38,39.88,1012.5,312.8
3336.0,25.4,39.58,1012.71,318.9
3337.0,25.34,39.65,1012.17,318.2
3338.0,25.14,39.46,1012.42,321.9
3339.0,25.25,40.01,1012.39,317.9
3340.0,25.39,40.43,1012.38,315.2
3341.0,25.3,39.86,1012.43,319.3
3342.0,25.23,39.76,1012.47,319.8
3343.0,25.2,39.61,1012.28,324.8
3344.0,25.09,40.16,1012.56,322.3
3345.0,25.26,39.97,1012.45,318.6
3346.0,25.24,39.72,1012.35,318.7
3347.0,25.23,39.96,1012.32,313.8
3348.0,25.26,40.46,1012.46,319.4
3349.0,25.25,40.05,1012.64,320.4
3350.0,25.27,39.98,1012.25,315.4
3351.0,25.22,39.57,1012.57,317.6
3352.0,25.23,39.66,1012.37,313.6
3353.0,25.23,40.22,1012.37,321.1
3354.0,25.24,39.11,1012.35,315.9
3355.0,25.32,39.95,1012.39,317.6
3356.0,25.33,39.83,1012.24,322.8
3357.0,25.21,40.13,1012.42,317.5
3358.0,25.19,39.66,1012.48,322.6
3359.0,25.32,40.58,1012.25,320.5
3360.0,25.22,40.37,1012.36,327.2
3361.0,25.16,40.14,1012.5,318.1
3362.0,25.06,40.45,1012.42,313.4
3363.0,25.14,40.14,1012.61,314.3
3364.0,25.24,40.82,1012.39,313.7
3365.0,25.15,40.77,1012.33,322.9
3366.0,25.06,39.81,1012.53,322.2
3367.0,25.11,39.97,1012.33,324.9
3368.0,25.21,40.23,1012.31,321.5
3369.0,25.13,40.13,1011.96,315.6
3370.0,25.15,41.18,1012.21,319.0
3371.0,25.18,40.64,1012.57,313.3
3372.0,25.12,40.36,1012.36,320.6
3373.0,25.07,40.05,1012.36,319.5
3374.0,25.07,39.62,1012.35,320.8
3375.0,25.28,41.04,1012.15,319.4
3376.0,25.12,41.29,1012.4,325.7
3377.0,25.17,40.54,1012.17,312.0
3378.0,25.14,40.24,1012.24,316.4
3379.0,25.18,40.23,1012.39,321.2
3380.0,25.1,40.15,1012.47,317.1
3381.0,24.99,40.91,1012.37,316.5
3382.0,25.22,40.29,1012.26,320.4
3383.0,25.07,40.77,1012.56,319.4
3384.0,24.96,40.48,1012.71,321.0
3385.0,25.06,40.46,1012.48,319.7
3386.0,25.07,41.08,1012.26,321.5
3387.0,25.04,40.61,1012.16,321.0
3388.0,25.0,40.8,1012.38,321.1
3389.0,25.28,40.74,1012.4,321.1
3390.0,25.08,41.07,1012.48,318.3
3391.0,24.89,40.38,1012.52,322.7
3392.0,25.07,40.73,1012.45,318.6
3393.0,24.95,40.82,1012.58,316.3
3394.0,25.0,41.09,1012.56,323.3
3395.0,25.06,41.19,1012.63,315.4
3396.0,25.13,40.29,1012.45,318.4
3397.0,25.06,40.84,1012.26,318.7
3398.0,25.03,40.59,1012.41,315.7
3399.0,25.12,41.24,1012.42,322.4
3400.0,24.91,40.88,1012.4,318.5
3401.0,24.91,40.12,1012.53,315.2
3402.0,24.97,41.29,1012.1,321.9
3403.0,24.95,41.58,1012.51,322.0
3404.0,25.03,40.95,1012.53,319.8
3405.0,25.12,40.9,1012.31,316.7
3406.0,25.04,41.4,1012.16,323.7
3407.0,24.93,41.37,1012.5,318.5
3408.0,25.07,41.09,1012.6,323.1
3409.0,24.98,40.97,1012.36,323.0
3410.0,24.91,42.15,1012.36,319.7
3411.0,24.96,41.65,1012.43,322.4
3412.0,25.08,41.6,1012.39,323.8
3413.0,24.96,41.55,1012.26,320.0
3414.0,25.01,41.49,1012.06,321.7
3415.0,24.86,41.14,1012.38,317.1
3416.0,24.9,41.36,1012.61,322.3
3417.0,24.94,41.37,1012.48,322.0
3418.0,24.81,41.62,1012.26,322.6
3419.0,24.85,41.51,1012.17,316.9
3420.0,24.9,41.07,1012.51,327.2
3421.0,24.9,41.49,1012.36,316.1
3422.0,24.84,42.24,1012.11,320.3
3423.0,24.81,41.04,1012.58,323.7
3424.0,24.87,41.33,1012.34,321.4
3425.0,25.02,40.8,1012.21,317.8
3426.0,24.88,41.27,1012.66,317.6
3427.0,24.74,41.05,1012.47,322.7
3428.0,24.63,41.91,1012.43,321.6
3429.0,24.93,41.51,1012.42,321.6
3430.0,24.79,41.04,1012.32,317.4
3431.0,24.86,40.98,1012.41,323.7
3432.0,24.88,41.2,1012.5,319.2
3433.0,24.84,42.06,1012.7,320.1
3434.0,24.88,41.37,1012.27,320.4
3435.0,24.87,42.1,1012.62,320.4
3436.0,24.75,42.22,1012.5,323.5
3437.0,24.87,42.49,1012.32,317.9
3438.0,24.72,41.81,1012.04,321.1
3439.0,24.76,42.15,1012.26,315.8
3440.0,24.7,42.23,1012.47,322.1
3441.0,24.75,42.28,1012.68,319.9
3442.0,24.72,42.22,1012.71,320.9
3443.0,24.54,41.65,1012.49,323.0
3444.0,24.76,42.35,1012.4,319.4
3445.0,24.72,42.13,1012.51,319.7
3446.0,24.7,41.42,1012.44,317.3
3447.0,24.72,42.38,1012.51,314.0
3448.0,24.85,41.8,1012.41,320.8
3449.0,24.87,42.59,1012.27,318.0
3450.0,24.7,42.37,1012.28,319.1
3451.0,24.68,42.13,1012.32,323.9
3452.0,24.59,42.41,1012.61,324.4
3453.0,24.77,42.08,1012.12,316.7
3454.0,24.65,42.02,1012.57,318.9
3455.0,24.66,42.05,1012.43,316.7
3456.0,24.81,42.13,1012.48,322.3
3457.0,24.79,42.03,1012.66,318.2
3458.0,24.74,42.66,1012.32,323.0
3459.0,24.69,41.52,1012.43,323.0
3460.0,24.61,42.18,1012.22,322.7
3461.0,24.61,42.46,1012.6,316.5
3462.0,24.65,42.03,1012.44,323.0
3463.0,24.59,41.09,1012.34,325.0
3464.0,24.67,42.29,1012.58,317.1
3465.0,24.69,42.32,1012.33,322.8
3466.0,24.79,42.33,1012.47,319.9
3467.0,24.71,42.67,1012.37,323.2
3468.0,24.6,42.32,1012.33,323.6
3469.0,24.61,42.75,1012.59,319.7
3470.0,24.71,42.12,1012.32,314.5
3471.0,24.55,42.03,1012.38,328.7
3472.0,24.67,43.19,1012.34,322.0
3473.0,24.64,42.12,1012.36,314.4
3474.0,24.61,42.87,1012.17,317.1
3475.0,24.6,42.46,1012.39,319.5
3476.0,24.47,43.19,1012.31,318.1
3477.0,24.6,42.49,1012.38,321.4
3478.0,24.66,41.66,1012.37,319.2
3479.0,24.57,42.52,1012.51,324.6
3480.0,24.59,42.51,1012.63,322.7
3481.0,24.6,42.75,1012.51,317.7
3482.0,24.59,42.25,1012.41,317.9
3483.0,24.68,41.88,1012.43,315.4
3484.0,24.52,42.49,1012.2,319.1
3485.0,24.62,42.18,1012.18,319.8
3486.0,24.6,43.36,1012.65,320.0
3487.0,24.52,42.21,1012.65,317.7
3488.0,24.41,42.37,1012.42,319.4
3489.0,24.65,42.86,1012.42,324.1
3490.0,24.45,43.45,1012.54,316.9
3491.0,24.49,43.21,1012.33,316.4
3492.0,24.51,42.31,1012.36,324.6
3493.0,24.44,43.3,1012.48,319.6
3494.0,24.56,43.29,1012.26,318.4
3495.0,24.56,43.27,1012.24,324.6
3496.0,24.53,42.82,1012.54,321.9
3497.0,24.43,43.28,1012.34,317.0
3498.0,24.54,43.22,1012.4,319.1
3499.0,24.52,42.46,1012.2,318.6
3500.0,24.55,43.7,1012.46,318.8
3501.0,24.6,43.79,1012.22,323.0
3502.0,24.42,43.34,1012.6,318.7
3503.0,24.44,43.39,1012.49,320.5
3504.0,24.53,43.23,1012.25,323.3
3505.0,24.51,42.96,1012.35,318.6
3506.0,24.52,43.06,1012.23,319.6
3507.0,24.57,42.99,1012.54,319.6
3508.0,24.43,43.67,1012.64,321.8
3509.0,24.32,42.31,1012.17,318.4
3510.0,24.53,43.61,1012.54,323.4
3511.0,24.44,43.21,1012.13,320.5
3512.0,24.34,44.05,1012.41,316.7
3513.0,24.63,42.95,1012.4,320.1
3514.0,24.33,42.95,1012.35,321.1
3515.0,24.27,43.17,1012.17,317.9
3516.0,24.53,43.3,1012.5,316.5
3517.0,24.44,43.38,1012.38,320.1
3518.0,24.49,42.8,1012.4,321.0
3519.0,24.45,43.36,1012.15,319.9
3520.0,24.3,43.28,1012.48,324.6
3521.0,24.5,43.34,1012.44,318.8
3522.0,24.41,43.42,1012.44,321.7
3523.0,24.3,43.23,1012.2,322.1
3524.0,24.48,43.44,1012.47,320.7
3525.0,24.26,42.94,1012.6,320.9
3526.0,24.48,43.26,1012.38,320.1
3527.0,24.37,43.64,1012.36,315.4
3528.0,24.36,43.46,1012.07,313.7
3529.0,24.52,43.7,1012.48,318.0
3530.0,24.35,43.96,1012.62,319.7
3531.0,24.34,43.47,1012.35,324.9
3532.0,24.3,44.06,1012.35,320.7
3533.0,24.33,43.17,1012.33,316.5
3534.0,24.39,43.48,1012.54,317.3
3535.0,24.26,43.44,1012.7,315.0
3536.0,24.17,43.89,1012.51,322.2
3537.0,24.19,43.69,1012.38,322.6
3538.0,24.16,44.23,1012.46,320.9
3539.0,24.31,43.97,1012.45,323.4
3540.0,24.29,43.93,1012.43,318.9
3541.0,24.37,42.85,1011.99,321.1
3542.0,24.16,43.76,1012.49,324.0
3543.0,24.27,43.79,1012.32,325.1
3544.0,24.41,44.03,1012.54,315.2
3545.0,24.35,43.79,1012.67,323.2
3546.0,24.26,43.92,1012.48,321.3
3547.0,24.41,43.83,1012.06,319.4
3548.0,24.31,44.23,1012.42,325.1
3549.0,24.16,44.11,1012.6,317.4
3550.0,24.24,43.74,1012.53,318.2
3551.0,24.3,44.26,1012.31,320.5
3552.0,24.31,44.26,1012.55,326.3
3553.0,24.12,44.43,1012.4,312.3
3554.0,24.21,44.02,1012.56,317.1
3555.0,24.4,44.01,1012.43,321.9
3556.0,24.2,43.83,1012.41,318.4
3557.0,24.23,44.41,1012.51,317.0
3558.0,24.16,43.61,1012.36,318.9
3559.0,24.28,44.03,1012.44,325.2
3560.0,24.18,43.81,1012.63,321.6
3561.0,24.19,43.57,1012.51,316.2
3562.0,24.18,44.25,1012.72,317.0
3563.0,24.09,44.69,1012.55,326.4
3564.0,24.16,44.21,1012.58,322.1
3565.0,24.37,44.34,1012.41,315.0
3566.0,24.22,43.84,1012.35,317.4
3567.0,24.25,43.54,1012.43,317.9
3568.0,24.17,44.8,1012.32,320.6
3569.0,24.17,44.87,1012.41,319.9
3570.0,24.26,44.23,1012.5,318.8
3571.0,24.22,44.05,1012.43,323.8
3572.0,24.04,44.05,1012.34,321.3
3573.0,24.16,44.74,1012.36,321.6
3574.0,23.98,44.28,1012.56,324.7
3575.0,23.99,44.57,1012.3,317.0
3576.0,24.15,44.81,1012.33,317.8
3577.0,24.06,44.65,1012.55,319.2
3578.0,24.15,43.64,1012.29,318.1
3579.0,24.15,45.16,1012.62,324.3
3580.0,24.27,44.75,1012.44,320.5
3581.0,23.99,44.17,1012.47,316.2
3582.0,24.05,44.1,1012.12,312.4
3583.0,23.95,45.31,1012.39,323.1
3584.0,24.06,44.95,1012.5,321.1
3585.0,23.98,44.88,1012.51,317.4
3586.0,24.01,44.31,1012.47,322.9
3587.0,24.2,43.7,1012.54,320.2
3588.0,24.08,45.22,1012.19,318.0
3589.0,24.07,44.42,1012.39,326.5
3590.0,24.01,44.83,1012.41,316.6
3591.0,23.92,44.92,1012.4,321.8
3592.0,24.07,44.26,1012.58,321.5
3593.0,24.06,45.34,1012.16,321.4
3594.0,24.07,44.53,1012.44,321.5
3595.0,24.04,45.23,1012.31,320.0
3596.0,24.04,44.72,1012.5,325.3
3597.0,23.95,44.68,1012.24,320.5
3598.0,24.02,44.93,1012.26,319.2
3599.0,23.95,44.79,1012.3,322.2
