timestamp,temperature,humidity,pressure,light
0.0,23.98,45.09,1012.16,320.9
1.0,23.99,44.87,1012.6,319.3
2.0,23.96,44.85,1012.24,319.5
3.0,23.87,45.41,1012.4,318.6
4.0,23.97,44.6,1012.31,315.0
5.0,23.97,44.9,1012.21,322.1
6.0,23.95,43.97,1012.58,318.0
7.0,24.01,44.97,1012.4,321.4
8.0,24.02,44.46,1012.61,320.6
9.0,24.0,44.85,1012.51,319.4
10.0,23.97,44.76,1012.22,320.7
11.0,23.92,45.74,1012.3,317.2
12.0,24.15,44.64,1012.26,321.4
13.0,24.06,45.16,1012.56,323.0
14.0,23.9,44.96,1012.6,322.0
15.0,24.16,45.07,1012.16,325.4
16.0,23.93,44.61,1012.24,319.9
17.0,24.02,44.78,1012.44,322.7
18.0,23.87,45.28,1012.27,320.4
19.0,24.0,46.0,1012.47,319.9
20.0,24.06,45.16,1012.15,323.3
21.0,23.93,44.33,1012.49,318.8
22.0,23.98,44.34,1012.17,321.6
23.0,23.96,45.67,1012.58,316.0
24.0,23.97,44.9,1012.54,316.1
25.0,23.95,44.59,1012.58,318.3
26.0,24.01,45.14,1012.63,318.0
27.0,24.07,45.17,1012.44,318.5
28.0,24.06,45.29,1012.57,322.5
29.0,24.03,44.43,1012.36,323.1
30.0,23.87,44.91,1012.31,321.3
31.0,24.02,44.47,1012.38,318.5
32.0,24.14,45.14,1012.33,316.2
33.0,24.06,44.86,1012.16,320.4
34.0,24.07,44.57,1012.6,319.5
35.0,23.99,44.93,1012.36,324.1
36.0,24.19,44.48,1012.26,319.1
37.0,24.1,44.45,1012.67,323.9
38.0,24.08,44.71,1012.48,320.0
39.0,24.02,45.29,1012.48,316.2
40.0,23.93,45.13,1012.61,317.1
41.0,24.09,45.6,1012.3,318.6
42.0,24.08,44.33,1012.43,320.3
43.0,23.97,44.04,1012.47,319.7
44.0,24.02,44.56,1012.33,319.0
45.0,24.01,44.86,1012.5,318.1
46.0,24.0,44.98,1012.26,323.3
47.0,24.01,44.94,1012.4,326.4
48.0,24.07,44.84,1012.2,321.4
49.0,24.01,44.68,1012.39,318.5
50.0,24.01,45.48,1012.49,320.5
51.0,24.09,45.13,1012.47,316.0
52.0,23.95,45.15,1012.38,320.8
53.0,24.01,44.75,1012.36,318.1
54.0,24.0,44.66,1012.48,319.2
55.0,23.89,45.41,1012.42,320.3
56.0,24.01,44.65,1012.38,321.1
57.0,24.1,45.24,1012.54,325.4
58.0,24.06,44.82,1012.44,322.5
59.0,23.93,45.23,1012.54,321.0
60.0,23.99,44.98,1012.26,318.4
61.0,24.11,44.87,1012.5,325.0
62.0,24.03,44.73,1012.22,321.0
63.0,23.99,45.95,1012.39,320.2
64.0,24.0,45.12,1012.32,320.9
65.0,23.86,45.38,1012.3,319.7
66.0,23.94,44.64,1012.17,319.7
67.0,24.02,44.35,1012.37,320.8
68.0,23.94,44.49,1012.38,322.7
69.0,23.96,45.85,1012.35,323.6
70.0,24.0,44.99,1012.22,323.5
71.0,24.1,44.62,1012.35,322.1
72.0,24.14,44.84,1012.5,318.8
73.0,24.06,44.63,1012.63,318.9
74.0,24.05,44.96,1012.16,319.7
75.0,24.07,44.88,1012.51,320.9
76.0,23.96,44.85,1012.58,319.8
77.0,23.97,44.85,1012.45,319.8
78.0,24.01,44.79,1012.29,320.4
79.0,23.98,45.31,1012.42,324.5
80.0,23.9,45.43,1012.4,316.2
81.0,23.95,45.34,1012.42,320.2
82.0,23.94,44.82,1012.48,318.2
83.0,24.0,45.02,1012.44,324.3
84.0,24.0,45.35,1012.26,318.4
85.0,24.14,44.12,1012.4,316.5
86.0,24.0,45.25,1012.46,317.4
87.0,23.97,44.69,1012.65,319.5
88.0,24.01,45.16,1012.29,320.5
89.0,23.94,45.04,1012.28,320.0
90.0,24.03,45.11,1012.21,319.7
91.0,24.02,44.85,1012.34,317.8
92.0,24.03,45.37,1012.34,316.8
93.0,23.94,45.04,1012.7,320.0
94.0,24.06,44.37,1012.28,316.6
95.0,23.99,45.01,1012.63,319.6
96.0,23.95,45.31,1012.3,323.9
97.0,24.08,45.11,1012.35,320.8
98.0,23.96,44.58,1012.24,317.4
99.0,23.98,44.94,1012.46,318.7
100.0,24.1,45.56,1012.41,323.1
101.0,23.95,44.61,1012.26,321.0
102.0,23.96,45.53,1012.38,322.5
103.0,24.01,44.77,1012.26,322.8
104.0,24.02,44.79,1012.35,323.7
105.0,24.05,44.78,1012.55,316.2
106.0,24.15,44.42,1012.22,315.2
107.0,24.06,45.34,1012.47,322.5
108.0,24.04,44.8,1012.38,318.8
109.0,23.93,45.33,1012.38,317.2
110.0,23.91,45.01,1012.44,318.7
111.0,24.07,44.21,1012.34,317.5
112.0,23.98,44.5,1012.47,319.8
113.0,24.14,44.99,1012.1,315.8
114.0,24.02,44.84,1012.28,320.3
115.0,24.01,44.93,1012.51,316.5
116.0,24.01,44.66,1012.19,320.4
117.0,23.94,45.14,1012.55,317.7
118.0,23.98,45.76,1012.43,322.4
119.0,24.08,45.11,1012.38,317.6
120.0,24.05,44.62,1012.52,319.0
121.0,24.03,44.99,1012.23,319.3
122.0,24.04,45.04,1012.51,322.8
123.0,24.06,45.21,1012.63,321.9
124.0,24.26,45.03,1012.42,320.3
125.0,24.16,45.21,1012.4,312.0
126.0,23.99,45.1,1012.56,321.3
127.0,24.0,44.56,1012.64,322.4
128.0,24.06,45.33,1012.27,321.1
129.0,24.02,45.54,1012.32,319.4
130.0,24.03,44.38,1012.72,315.4
131.0,24.03,44.95,1012.38,323.2
132.0,24.02,45.2,1012.2,323.1
133.0,24.01,45.39,1012.44,319.6
134.0,23.93,45.01,1012.51,318.5
135.0,23.91,45.14,1012.53,322.5
136.0,23.89,45.21,1012.49,320.1
137.0,23.98,45.14,1012.35,319.2
138.0,23.85,44.51,1012.32,317.1
139.0,23.95,45.16,1012.4,317.6
140.0,23.96,45.38,1012.41,323.5
141.0,23.95,45.44,1012.34,320.5
142.0,23.95,44.85,1012.48,320.9
143.0,23.95,45.13,1012.58,317.4
144.0,24.02,45.51,1012.51,320.6
145.0,24.1,45.52,1012.45,318.1
146.0,24.01,45.05,1012.51,316.7
147.0,23.93,44.93,1012.52,319.0
148.0,23.92,44.69,1012.31,318.0
149.0,23.91,44.31,1012.3,323.5
150.0,23.93,44.81,1012.41,316.6
151.0,23.96,44.67,1012.47,323.4
152.0,23.84,44.55,1012.35,319.6
153.0,24.01,43.94,1012.25,319.9
154.0,24.13,45.63,1012.48,317.7
155.0,23.94,45.38,1012.15,320.9
156.0,24.05,44.44,1012.27,313.8
157.0,23.99,46.18,1012.49,317.3
158.0,23.96,45.44,1012.36,324.0
159.0,23.9,44.78,1012.54,317.3
160.0,23.94,45.16,1012.42,324.0
161.0,23.91,45.05,1012.56,323.8
162.0,23.99,45.01,1012.39,319.7
163.0,23.86,44.08,1012.29,321.3
164.0,24.07,45.06,1012.31,321.8
165.0,24.0,45.26,1012.19,320.0
166.0,24.06,44.3,1012.73,319.9
167.0,24.01,44.68,1012.32,319.1
168.0,24.09,44.74,1012.35,316.6
169.0,23.94,45.35,1012.5,320.0
170.0,24.01,45.3,1012.39,318.3
171.0,23.95,44.0,1012.2,320.1
172.0,24.12,45.65,1011.94,321.3
173.0,24.1,45.09,1012.48,319.6
174.0,24.03,45.18,1012.42,318.6
175.0,24.0,45.08,1012.48,317.3
176.0,23.95,45.02,1012.44,320.4
177.0,23.92,45.09,1012.22,321.8
178.0,23.96,44.91,1012.18,322.5
179.0,23.93,45.18,1012.41,320.8
180.0,24.05,45.08,1012.51,318.4
181.0,24.06,45.27,1012.24,320.7
182.0,24.18,45.11,1012.26,322.8
183.0,23.96,45.17,1012.61,318.6
184.0,23.92,46.02,1012.46,317.9
185.0,23.92,45.28,1012.56,319.8
186.0,23.99,44.83,1012.45,316.3
187.0,23.89,45.1,1012.51,319.8
188.0,24.09,45.5,1012.39,315.4
189.0,24.05,45.19,1012.4,320.8
190.0,23.91,44.87,1012.47,318.7
191.0,24.18,44.93,1012.68,320.2
192.0,24.08,44.56,1012.51,320.1
193.0,23.9,44.91,1012.43,321.2
194.0,23.94,44.88,1012.52,322.3
195.0,23.91,45.15,1012.27,319.1
196.0,23.95,45.18,1012.32,316.0
197.0,23.95,44.36,1012.47,320.2
198.0,23.91,44.46,1012.43,318.6
199.0,24.01,44.45,1012.35,322.1
200.0,24.07,45.07,1012.13,315.4
201.0,24.09,44.84,1012.31,319.5
202.0,24.06,45.45,1012.3,320.7
203.0,24.14,45.14,1012.36,319.5
204.0,24.0,44.74,1012.26,317.8
205.0,24.04,45.59,1012.1,324.7
206.0,24.06,44.41,1012.0,320.8
207.0,24.05,45.14,1012.5,318.3
208.0,23.98,44.55,1012.25,318.0
209.0,23.98,44.07,1012.54,322.2
210.0,24.08,44.86,1012.37,317.9
211.0,24.14,44.83,1012.33,320.4
212.0,24.14,45.42,1012.37,321.2
213.0,23.99,45.99,1012.39,321.5
214.0,23.91,45.36,1012.31,316.0
215.0,24.04,45.02,1012.53,315.7
216.0,24.07,45.42,1012.35,315.9
217.0,23.93,45.38,1012.23,318.2
218.0,24.01,44.39,1012.17,326.7
219.0,24.1,45.53,1012.09,316.5
220.0,23.97,44.17,1012.5,320.5
221.0,24.09,45.35,1012.21,324.1
222.0,24.04,45.28,1012.48,321.9
223.0,24.0,45.38,1012.28,322.2
224.0,24.09,44.83,1012.39,318.3
225.0,23.95,44.58,1012.22,323.0
226.0,24.04,44.34,1012.46,322.0
227.0,24.0,45.5,1012.25,321.4
228.0,23.98,44.82,1012.35,317.1
229.0,24.08,46.08,1012.4,317.3
230.0,24.01,44.93,1012.63,325.4
231.0,24.05,45.28,1012.25,321.6
232.0,23.95,44.98,1012.39,320.7
233.0,23.97,45.5,1012.46,317.4
234.0,24.07,44.87,1012.53,312.9
235.0,24.05,45.28,1012.36,322.1
236.0,24.06,44.91,1012.47,320.0
237.0,23.89,45.26,1012.59,319.4
238.0,23.99,45.4,1012.27,319.2
239.0,24.07,45.0,1012.85,314.5
240.0,24.05,45.13,1012.29,321.1
241.0,24.09,45.55,1012.63,319.2
242.0,24.01,45.36,1012.56,319.1
243.0,23.99,44.72,1012.15,325.6
244.0,23.92,44.99,1012.3,313.6
245.0,24.03,45.19,1012.45,320.9
246.0,23.99,44.89,1012.12,322.8
247.0,24.07,44.83,1012.47,322.2
248.0,24.02,45.58,1012.22,316.5
249.0,24.12,44.64,1012.29,322.4
250.0,23.91,45.61,1012.46,325.4
251.0,23.93,45.07,1012.21,322.3
252.0,24.15,44.68,1012.61,320.4
253.0,23.96,45.54,1012.11,322.5
254.0,24.1,44.61,1012.58,328.3
255.0,24.07,44.87,1012.26,319.3
256.0,24.02,44.5,1012.52,321.7
257.0,24.07,44.95,1012.29,317.4
258.0,23.97,45.35,1012.42,322.2
259.0,23.95,45.54,1012.15,318.7
260.0,24.06,45.0,1012.3,315.6
261.0,23.96,45.01,1012.58,323.0
262.0,24.0,45.49,1012.3,321.1
263.0,23.96,44.96,1012.51,322.3
264.0,23.9,44.89,1012.59,317.1
265.0,23.9,44.3,1012.57,316.7
266.0,23.98,45.31,1012.2,316.2
267.0,23.94,45.32,1012.43,321.6
268.0,23.95,44.93,1012.5,319.1
269.0,24.1,44.74,1012.4,323.2
270.0,24.06,45.08,1012.39,321.3
271.0,24.05,44.21,1012.36,318.0
272.0,24.08,45.35,1012.41,319.6
273.0,24.03,44.71,1012.29,318.3
274.0,24.05,45.64,1012.3,319.5
275.0,24.03,45.91,1012.13,323.0
276.0,24.1,45.28,1012.15,320.3
277.0,24.02,45.13,1012.48,316.9
278.0,24.0,44.62,1012.19,323.0
279.0,23.91,44.49,1012.79,322.3
280.0,23.89,45.34,1012.44,319.8
281.0,24.12,44.97,1012.33,317.8
282.0,24.02,45.17,1012.23,320.2
283.0,23.99,44.73,1012.35,327.9
284.0,24.03,45.88,1012.19,321.8
285.0,23.98,44.7,1012.32,319.4
286.0,24.08,44.72,1012.41,318.5
287.0,24.03,44.68,1012.26,317.9
288.0,23.89,45.27,1012.38,322.8
289.0,23.94,45.94,1012.76,313.7
290.0,24.07,45.0,1012.51,317.2
291.0,23.91,45.32,1012.35,319.7
292.0,24.09,45.59,1012.5,317.9
293.0,24.04,44.47,1012.24,324.0
294.0,24.07,45.14,1012.23,318.5
295.0,24.15,45.39,1012.34,318.0
296.0,24.13,44.73,1012.39,314.3
297.0,24.06,45.71,1012.45,322.2
298.0,24.03,44.89,1012.43,323.3
299.0,24.07,44.83,1012.54,318.8
300.0,24.01,44.68,1012.58,320.9
301.0,24.1,44.51,1012.08,320.2
302.0,23.92,45.04,1012.53,315.4
303.0,24.08,44.89,1012.07,317.7
304.0,23.89,45.55,1012.34,326.0
305.0,23.94,44.93,1012.21,323.4
306.0,23.93,45.21,1012.55,319.1
307.0,24.02,44.53,1012.41,322.3
308.0,23.95,44.57,1012.58,318.9
309.0,24.0,45.55,1012.35,318.5
310.0,24.01,45.06,1012.57,318.8
311.0,24.02,45.04,1012.29,324.9
312.0,24.08,44.8,1012.53,316.5
313.0,23.95,44.88,1012.36,321.1
314.0,24.01,45.68,1012.35,315.3
315.0,23.93,44.59,1012.32,314.8
316.0,23.99,45.67,1012.48,323.2
317.0,23.97,44.78,1012.32,318.0
318.0,23.97,44.44,1012.51,319.9
319.0,24.0,44.65,1012.4,320.9
320.0,24.03,45.02,1012.36,319.5
321.0,24.08,45.61,1012.39,320.2
322.0,23.96,44.42,1012.58,321.8
323.0,24.1,45.32,1012.49,323.6
324.0,23.89,45.67,1012.39,320.5
325.0,24.11,44.92,1012.21,319.8
326.0,24.03,44.87,1012.49,318.3
327.0,24.08,45.49,1012.45,317.2
328.0,23.92,44.56,1012.31,316.3
329.0,23.92,44.66,1012.3,319.9
330.0,23.92,44.73,1012.2,321.1
331.0,24.01,45.21,1012.35,314.8
332.0,24.04,44.79,1012.4,316.8
333.0,24.03,44.91,1012.35,317.8
334.0,24.02,44.92,1012.53,315.1
335.0,23.98,44.87,1012.49,322.1
336.0,24.03,45.36,1012.43,322.7
337.0,24.0,44.23,1012.2,323.2
338.0,23.93,44.82,1012.38,312.6
339.0,23.93,45.88,1012.73,321.5
340.0,24.02,44.66,1012.13,322.3
341.0,24.11,45.05,1012.35,316.7
342.0,23.88,44.32,1012.36,322.5
343.0,23.91,45.13,1012.64,316.5
344.0,24.01,45.11,1012.3,322.6
345.0,23.96,44.44,1012.24,319.4
346.0,24.01,45.24,1012.17,321.7
347.0,24.12,45.56,1012.67,321.4
348.0,24.03,45.41,1012.15,318.5
349.0,23.94,45.14,1012.46,316.5
350.0,24.02,45.35,1012.25,314.7
351.0,24.11,45.21,1012.37,320.2
352.0,23.81,44.36,1012.32,323.4
353.0,24.22,45.58,1012.59,320.2
354.0,24.1,45.27,1012.15,320.9
355.0,23.94,44.78,1012.39,323.8
356.0,24.03,44.64,1012.6,326.6
357.0,23.94,45.3,1012.35,323.1
358.0,24.05,45.06,1012.28,321.7
359.0,24.16,44.3,1012.4,322.5
360.0,24.02,45.07,1012.37,319.9
361.0,24.05,45.11,1012.5,322.2
362.0,23.96,44.3,1012.7,319.7
363.0,23.98,44.39,1012.23,321.8
364.0,23.9,45.25,1012.26,316.8
365.0,24.07,44.42,1012.09,321.5
366.0,24.16,44.61,1012.32,318.1
367.0,24.01,45.25,1012.57,321.1
368.0,24.02,45.07,1012.39,324.6
369.0,23.93,44.9,1012.65,326.9
370.0,24.03,45.15,1012.63,316.0
371.0,24.12,44.98,1012.55,321.4
372.0,23.89,45.2,1012.63,320.7
373.0,23.92,44.67,1012.24,320.0
374.0,23.84,44.29,1012.57,319.5
375.0,23.9,45.04,1012.36,318.9
376.0,24.07,44.52,1012.23,321.8
377.0,23.96,44.75,1012.58,321.0
378.0,23.89,45.11,1012.3,319.7
379.0,23.87,45.23,1012.55,317.1
380.0,23.84,45.29,1012.32,316.3
381.0,24.12,44.8,1012.36,324.1
382.0,24.17,45.75,1012.58,322.4
383.0,23.97,45.53,1012.28,323.2
384.0,23.97,45.35,1012.52,318.7
385.0,24.07,44.74,1012.38,317.6
386.0,23.92,45.51,1012.19,315.2
387.0,24.13,45.34,1012.69,323.0
388.0,23.93,44.76,1012.19,318.0
389.0,24.16,44.51,1012.41,318.2
390.0,23.99,45.18,1012.55,324.4
391.0,24.05,45.71,1011.95,320.6
392.0,24.06,44.5,1012.52,318.4
393.0,23.85,45.64,1012.42,322.0
394.0,24.0,45.56,1012.48,320.1
395.0,23.89,45.2,1012.23,309.9
396.0,24.01,45.3,1011.95,320.9
397.0,23.97,45.4,1012.31,320.5
398.0,23.93,45.35,1012.37,321.6
399.0,24.05,44.44,1012.42,319.7
400.0,23.91,45.49,1012.48,320.6
401.0,24.09,45.71,1012.64,319.7
402.0,24.15,45.07,1012.14,319.5
403.0,24.07,44.71,1012.41,323.5
404.0,23.96,44.7,1012.52,318.4
405.0,23.96,44.79,1012.31,324.3
406.0,24.07,44.74,1012.23,322.1
407.0,24.07,45.65,1012.58,319.5
408.0,23.97,44.83,1012.34,316.6
409.0,23.82,45.29,1012.29,321.2
410.0,23.94,45.04,1012.37,316.2
411.0,24.16,45.49,1012.55,318.2
412.0,24.02,45.22,1012.57,319.6
413.0,24.0,45.49,1012.28,323.5
414.0,24.06,44.95,1012.83,322.7
415.0,23.86,44.76,1012.38,319.4
416.0,24.03,45.07,1012.35,318.4
417.0,23.95,45.24,1012.52,314.7
418.0,24.07,45.24,1012.53,319.3
419.0,24.14,44.91,1012.26,322.5
420.0,24.0,44.48,1012.39,320.8
421.0,23.96,45.06,1012.35,317.1
422.0,24.06,44.76,1012.23,318.1
423.0,23.75,44.82,1012.63,315.8
424.0,24.0,44.49,1012.42,320.1
425.0,24.14,44.64,1012.16,319.3
426.0,23.99,45.35,1012.64,314.7
427.0,23.93,44.51,1012.38,316.3
428.0,23.94,45.11,1012.31,324.3
429.0,24.1,45.2,1012.42,316.9
430.0,24.01,45.34,1012.54,315.4
431.0,24.02,45.06,1012.38,320.4
432.0,23.96,45.33,1012.52,326.8
433.0,23.96,44.86,1012.53,318.3
434.0,24.1,44.68,1012.25,319.1
435.0,24.08,44.51,1012.32,316.3
436.0,23.91,45.03,1012.39,321.5
437.0,23.81,44.24,1012.52,326.1
438.0,23.94,45.23,1012.23,321.7
439.0,24.03,45.44,1012.18,319.4
440.0,24.06,45.5,1012.32,318.5
441.0,23.99,45.29,1012.65,323.7
442.0,24.05,45.34,1012.71,324.4
443.0,24.03,44.62,1012.57,322.0
444.0,23.94,45.35,1012.42,317.7
445.0,23.97,44.87,1012.47,324.1
446.0,23.99,45.23,1012.06,324.5
447.0,23.92,45.38,1012.47,324.0
448.0,24.11,44.44,1012.55,320.0
449.0,24.12,45.26,1012.39,316.1
450.0,24.14,45.3,1012.41,321.8
451.0,24.11,45.33,1012.72,317.5
452.0,23.84,45.17,1012.46,322.8
453.0,23.79,45.79,1012.16,321.0
454.0,24.03,45.36,1012.4,320.8
455.0,24.16,44.69,1012.09,317.8
456.0,24.07,45.05,1012.58,320.0
457.0,24.21,45.15,1012.47,322.2
458.0,24.06,44.71,1012.26,321.7
459.0,24.03,44.64,1012.54,319.2
460.0,23.84,45.55,1012.29,323.1
461.0,23.88,45.3,1012.49,318.3
462.0,23.98,45.38,1012.41,324.8
463.0,24.03,45.34,1012.3,318.9
464.0,24.08,44.69,1012.31,321.0
465.0,24.02,44.94,1012.52,318.1
466.0,24.16,44.77,1012.74,321.0
467.0,24.15,44.45,1012.38,327.6
468.0,23.84,45.14,1012.3,318.4
469.0,23.85,44.69,1012.42,320.0
470.0,23.83,44.7,1012.33,314.1
471.0,23.88,44.91,1012.35,314.3
472.0,24.09,45.18,1012.52,321.9
473.0,23.99,44.72,1012.49,318.1
474.0,24.02,45.53,1012.43,325.6
475.0,23.99,44.51,1012.3,318.8
476.0,23.96,44.57,1012.39,319.5
477.0,23.94,45.16,1012.62,318.2
478.0,23.94,45.68,1012.3,321.9
479.0,24.19,44.75,1012.58,323.1
480.0,23.98,44.5,1012.6,313.3
481.0,23.93,45.24,1012.34,326.4
482.0,23.95,44.7,1012.34,320.5
483.0,24.17,45.26,1012.16,323.1
484.0,24.02,45.65,1012.55,317.3
485.0,24.07,44.68,1012.33,317.6
486.0,23.98,45.07,1012.67,320.8
487.0,24.02,45.55,1012.58,320.6
488.0,23.92,45.2,1012.62,314.5
489.0,24.02,44.74,1012.47,316.4
490.0,24.02,44.81,1012.28,325.5
491.0,24.05,44.71,1012.31,325.3
492.0,23.93,44.74,1012.49,316.9
493.0,23.94,44.96,1012.28,322.0
494.0,24.1,44.67,1012.29,323.1
495.0,23.87,44.78,1012.37,317.3
496.0,24.01,44.77,1012.13,320.3
497.0,23.85,45.58,1012.33,319.5
498.0,23.93,44.78,1012.23,322.8
499.0,24.02,45.1,1012.37,322.8
500.0,24.17,45.32,1012.3,319.3
501.0,24.11,45.26,1012.62,320.5
502.0,23.94,45.2,1012.6,321.4
503.0,24.03,45.28,1012.35,317.5
504.0,24.2,44.47,1012.41,323.5
505.0,24.0,44.82,1012.42,326.2
506.0,23.86,45.35,1012.34,320.5
507.0,23.92,45.49,1012.49,315.7
508.0,24.01,44.94,1012.51,317.0
509.0,24.01,45.26,1012.29,318.0
510.0,23.84,44.87,1012.08,320.9
511.0,24.03,45.26,1012.4,320.3
512.0,23.96,45.21,1012.38,318.8
513.0,23.98,45.17,1012.26,319.9
514.0,23.94,45.22,1012.3,320.1
515.0,23.95,44.44,1012.33,320.6
516.0,24.06,45.33,1012.69,323.2
517.0,24.04,45.24,1012.42,316.8
518.0,24.06,45.22,1012.2,321.3
519.0,24.1,44.8,1012.68,317.3
520.0,24.04,44.62,1012.42,319.4
521.0,24.13,44.74,1012.8,316.9
522.0,23.93,45.09,1012.52,315.2
523.0,24.17,45.04,1012.21,319.7
524.0,24.0,44.89,1012.38,321.2
525.0,23.95,44.89,1012.75,318.4
526.0,24.12,45.06,1012.41,319.2
527.0,24.03,45.45,1012.5,321.9
528.0,24.03,44.7,1012.39,317.1
529.0,24.0,45.49,1012.42,316.1
530.0,24.01,45.25,1012.41,313.3
531.0,23.89,45.42,1012.47,318.5
532.0,24.04,45.29,1012.45,317.7
533.0,23.95,45.28,1012.5,325.2
534.0,24.09,45.05,1012.41,322.9
535.0,24.03,45.04,1012.42,319.4
536.0,24.01,45.27,1012.59,318.5
537.0,23.87,44.85,1012.5,321.8
538.0,23.99,44.95,1012.39,314.0
539.0,23.92,44.5,1012.78,322.0
540.0,24.04,45.89,1012.46,319.8
541.0,23.86,45.4,1012.15,323.4
542.0,24.17,44.8,1012.49,320.5
543.0,23.98,45.03,1012.4,312.9
544.0,24.11,44.78,1012.45,315.6
545.0,24.03,44.42,1012.18,322.5
546.0,23.87,44.43,1012.57,319.8
547.0,23.91,44.77,1012.22,323.1
548.0,23.88,44.91,1012.39,315.1
549.0,23.99,44.6,1012.19,317.4
550.0,23.96,44.76,1012.58,318.9
551.0,24.03,44.77,1012.45,323.7
552.0,24.05,45.35,1012.2,318.1
553.0,24.01,45.48,1012.7,320.3
554.0,23.94,44.92,1012.6,323.4
555.0,24.08,44.09,1012.44,317.7
556.0,24.0,44.05,1012.18,318.8
557.0,24.12,44.08,1012.65,318.9
558.0,24.08,45.2,1012.12,320.6
559.0,24.09,45.03,1012.39,316.0
560.0,24.01,44.85,1012.23,317.7
561.0,24.04,44.19,1012.18,320.4
562.0,24.1,45.43,1012.62,321.5
563.0,23.86,44.56,1012.55,319.4
564.0,24.03,45.13,1012.28,322.3
565.0,24.0,45.12,1012.48,316.6
566.0,24.11,44.9,1012.58,317.8
567.0,24.08,45.87,1012.26,320.9
568.0,23.92,44.86,1012.23,325.0
569.0,23.91,44.75,1012.53,316.5
570.0,24.1,45.43,1012.58,318.9
571.0,24.05,44.71,1012.52,317.6
572.0,24.01,45.62,1012.31,320.0
573.0,24.08,45.35,1012.33,319.7
574.0,24.07,45.71,1012.31,320.3
575.0,24.17,45.14,1012.23,313.2
576.0,24.01,44.56,1012.3,324.4
577.0,23.98,45.4,1012.42,319.1
578.0,23.96,45.01,1012.21,320.5
579.0,24.0,45.0,1012.32,317.7
580.0,24.1,45.63,1012.58,322.6
581.0,24.02,44.75,1012.37,322.2
582.0,23.91,44.7,1012.39,320.8
583.0,23.9,46.07,1012.38,319.7
584.0,24.04,44.97,1012.25,317.6
585.0,24.09,44.55,1012.43,318.4
586.0,24.17,44.6,1012.27,314.8
587.0,24.03,45.17,1012.79,324.0
588.0,23.97,45.22,1012.36,314.3
589.0,23.98,45.47,1012.37,319.2
590.0,23.94,45.01,1012.48,316.0
591.0,24.05,45.07,1012.43,324.7
592.0,23.95,45.74,1012.49,323.1
593.0,24.08,45.53,1012.44,318.4
594.0,24.1,45.27,1012.33,319.4
595.0,23.91,44.67,1012.61,321.1
596.0,23.97,45.73,1012.52,318.1
597.0,24.0,45.02,1012.53,320.8
598.0,24.02,44.74,1012.46,318.3
599.0,23.95,45.29,1012.41,317.3
600.0,24.15,45.56,1012.48,322.9
601.0,23.91,44.9,1012.47,318.8
602.0,24.01,44.84,1012.49,320.6
603.0,24.07,45.26,1012.32,318.1
604.0,24.03,44.97,1012.62,315.6
605.0,23.95,45.24,1012.2,319.8
606.0,23.87,45.02,1012.57,321.8
607.0,23.95,45.02,1012.27,319.3
608.0,24.1,45.23,1012.57,321.3
609.0,23.99,44.61,1012.28,318.9
610.0,23.97,45.71,1012.29,321.5
611.0,23.85,45.37,1012.3,319.3
612.0,24.04,44.89,1012.44,322.6
613.0,24.02,44.73,1012.46,320.4
614.0,23.92,45.08,1012.21,319.8
615.0,24.01,44.5,1012.05,318.6
616.0,23.96,44.97,1012.46,320.0
617.0,24.1,44.52,1012.19,320.3
618.0,23.91,45.02,1012.48,320.4
619.0,24.09,45.27,1012.37,323.5
620.0,24.03,45.31,1012.38,322.1
621.0,24.08,44.74,1012.2,314.4
622.0,23.9,44.93,1012.67,320.4
623.0,23.96,45.74,1012.42,323.2
624.0,23.92,44.94,1012.52,320.7
625.0,24.02,44.6,1012.29,327.0
626.0,23.89,44.4,1012.53,317.1
627.0,23.92,45.19,1012.27,322.2
628.0,24.09,44.61,1012.45,314.6
629.0,23.85,44.93,1012.33,317.2
630.0,24.11,45.07,1012.12,323.5
631.0,24.09,44.93,1012.35,320.7
632.0,24.06,45.25,1012.64,320.7
633.0,23.98,44.44,1012.59,321.6
634.0,23.94,45.34,1012.43,323.0
635.0,24.0,44.3,1012.51,313.6
636.0,24.0,45.06,1012.29,318.9
637.0,24.17,44.6,1012.56,317.4
638.0,24.01,45.17,1012.36,322.0
639.0,23.89,45.5,1012.34,320.8
640.0,23.97,45.45,1012.33,312.2
641.0,24.09,45.07,1012.55,318.9
642.0,24.01,45.21,1012.4,319.7
643.0,24.0,45.08,1012.41,320.9
644.0,24.01,44.59,1012.3,318.9
645.0,23.97,45.12,1012.51,325.2
646.0,23.98,45.55,1012.41,323.5
647.0,24.13,44.13,1012.33,320.8
648.0,23.95,45.31,1012.43,318.2
649.0,24.03,44.54,1012.48,318.5
650.0,24.15,44.9,1012.42,320.2
651.0,23.91,44.97,1012.63,323.9
652.0,24.0,45.51,1012.59,319.5
653.0,24.07,44.93,1012.38,318.5
654.0,24.07,44.19,1012.48,318.4
655.0,24.03,45.34,1012.04,320.6
656.0,23.96,44.74,1012.29,316.9
657.0,23.94,45.3,1012.33,321.3
658.0,24.08,45.19,1012.55,322.8
659.0,24.09,45.43,1012.2,320.8
660.0,23.99,44.98,1012.52,325.1
661.0,24.01,45.35,1012.53,317.9
662.0,24.14,44.72,1012.65,325.7
663.0,23.93,45.0,1012.37,321.2
664.0,24.08,45.3,1012.3,318.1
665.0,23.94,44.69,1012.35,319.3
666.0,23.94,45.07,1012.48,322.9
667.0,23.88,45.34,1012.37,321.0
668.0,23.98,44.71,1012.68,318.9
669.0,23.99,45.28,1012.7,321.3
670.0,24.07,44.55,1012.53,319.6
671.0,24.14,45.09,1012.25,317.0
672.0,24.0,44.76,1012.48,322.8
673.0,23.98,45.42,1012.24,324.2
674.0,24.01,45.43,1012.34,316.9
675.0,24.04,45.08,1012.19,318.9
676.0,24.02,44.59,1012.46,318.4
677.0,23.93,44.8,1012.54,322.4
678.0,23.91,45.14,1012.5,318.8
679.0,24.02,45.03,1012.28,320.6
680.0,24.19,44.84,1012.46,316.8
681.0,24.0,45.21,1012.39,317.7
682.0,23.95,45.12,1012.38,317.0
683.0,23.92,44.6,1012.46,321.4
684.0,24.12,45.34,1012.44,326.2
685.0,24.01,44.73,1012.58,321.0
686.0,24.08,44.38,1012.27,321.6
687.0,23.89,45.06,1012.44,325.7
688.0,24.0,45.67,1012.31,325.0
689.0,24.06,44.99,1012.3,322.5
690.0,23.9,45.64,1012.27,318.9
691.0,23.94,44.91,1012.41,321.6
692.0,23.99,45.03,1012.45,321.5
693.0,23.99,45.35,1012.26,321.8
694.0,24.0,45.03,1012.41,322.1
695.0,24.03,45.74,1012.41,319.5
696.0,24.05,45.25,1012.47,317.4
697.0,24.03,45.22,1012.55,318.2
698.0,24.01,44.84,1012.62,315.6
699.0,23.91,44.9,1012.28,316.7
700.0,23.98,44.75,1012.33,314.9
701.0,23.99,45.34,1012.32,318.2
702.0,24.01,45.68,1012.55,321.7
703.0,24.07,45.0,1012.35,319.3
704.0,24.03,45.22,1012.39,318.6
705.0,24.01,44.29,1012.42,320.0
706.0,23.95,44.98,1012.55,318.9
707.0,23.86,45.22,1012.29,319.5
708.0,24.14,45.86,1012.55,324.1
709.0,24.09,44.88,1012.66,325.4
710.0,24.0,44.47,1012.36,320.9
711.0,23.96,44.67,1012.38,318.2
712.0,23.95,45.2,1012.22,319.8
713.0,24.02,44.69,1012.3,317.6
714.0,24.03,45.1,1012.57,315.1
715.0,24.04,44.82,1012.33,321.2
716.0,23.96,45.07,1012.55,326.1
717.0,24.11,45.03,1012.61,322.3
718.0,24.06,43.97,1012.4,324.2
719.0,23.86,44.97,1012.32,322.1
720.0,24.09,46.03,1012.47,319.3
721.0,23.85,44.95,1012.37,322.1
722.0,23.94,45.51,1012.24,323.0
723.0,24.05,44.9,1012.5,315.2
724.0,24.06,45.31,1012.47,315.9
725.0,23.91,45.4,1012.41,319.7
726.0,23.97,45.34,1012.2,324.2
727.0,24.19,44.41,1012.43,320.7
728.0,24.04,45.6,1012.35,323.0
729.0,23.93,45.88,1012.72,320.3
730.0,23.88,44.96,1012.49,316.8
731.0,23.97,44.99,1012.59,318.2
732.0,23.89,44.74,1012.38,321.4
733.0,23.83,45.33,1012.64,319.7
734.0,23.93,45.26,1012.34,324.8
735.0,24.06,45.38,1012.3,320.7
736.0,24.01,45.07,1012.42,319.5
737.0,24.0,45.55,1012.48,314.7
738.0,24.03,44.85,1012.28,316.0
739.0,24.03,44.82,1012.05,320.0
740.0,24.01,44.39,1012.27,317.3
741.0,24.03,43.92,1012.69,321.6
742.0,24.06,44.52,1012.34,321.9
743.0,24.06,45.01,1012.33,324.4
744.0,23.94,45.43,1012.34,320.9
745.0,24.12,44.36,1012.67,318.0
746.0,24.03,45.07,1012.29,320.9
747.0,24.0,45.19,1012.27,316.6
748.0,24.0,45.03,1012.44,317.5
749.0,24.02,44.49,1012.39,323.4
750.0,23.93,45.3,1012.45,317.5
751.0,24.17,45.41,1012.45,321.5
752.0,23.96,44.24,1012.34,316.7
753.0,23.97,46.05,1012.5,318.0
754.0,24.0,44.42,1012.63,316.9
755.0,23.96,45.06,1012.49,326.9
756.0,23.94,44.61,1012.14,316.4
757.0,24.05,45.14,1012.38,325.1
758.0,23.93,45.44,1012.19,319.5
759.0,23.92,45.04,1012.49,318.5
760.0,23.88,45.45,1012.58,319.9
761.0,23.94,44.66,1012.29,322.4
762.0,24.08,44.81,1012.46,323.5
763.0,24.06,45.43,1012.18,318.9
764.0,24.02,44.89,1012.32,320.9
765.0,23.98,45.04,1012.31,320.0
766.0,23.91,44.95,1012.47,318.0
767.0,24.11,45.61,1012.45,320.8
768.0,24.0,45.32,1012.58,315.6
769.0,24.09,45.26,1012.56,321.8
770.0,24.0,44.84,1012.29,318.1
771.0,23.91,45.17,1012.39,320.1
772.0,23.97,44.84,1012.14,320.8
773.0,24.03,45.2,1012.25,321.9
774.0,24.12,44.48,1012.27,322.7
775.0,24.02,45.83,1012.29,328.2
776.0,23.99,44.53,1012.39,320.4
777.0,23.91,44.96,1012.35,315.6
778.0,23.94,45.17,1012.45,319.2
779.0,23.97,45.37,1012.53,317.3
780.0,24.08,45.26,1012.45,325.8
781.0,24.07,44.74,1012.31,323.1
782.0,24.12,45.12,1012.5,315.8
783.0,23.93,45.35,1012.52,323.5
784.0,24.01,45.1,1012.12,322.3
785.0,23.92,45.06,1012.38,326.3
786.0,24.06,44.79,1012.19,322.1
787.0,23.98,44.81,1012.25,316.7
788.0,23.93,44.13,1012.25,315.9
789.0,23.93,45.19,1012.55,319.1
790.0,24.06,45.12,1012.39,320.7
791.0,23.92,45.13,1012.42,316.9
792.0,24.09,44.83,1012.58,324.5
793.0,24.08,45.11,1012.54,317.4
794.0,24.34,45.01,1011.94,321.1
795.0,24.05,44.68,1012.28,321.3
796.0,24.05,45.57,1012.55,316.9
797.0,24.01,44.29,1012.53,319.3
798.0,23.99,45.17,1012.25,316.5
799.0,24.08,45.19,1012.31,322.1
800.0,23.88,45.29,1012.61,317.3
801.0,24.05,44.53,1012.58,320.1
802.0,23.94,44.13,1012.43,316.3
803.0,24.06,44.33,1012.36,318.7
804.0,23.95,45.52,1012.45,315.1
805.0,24.02,44.38,1012.18,324.7
806.0,23.94,44.31,1012.34,317.3
807.0,23.99,45.69,1012.63,321.5
808.0,24.03,44.92,1012.28,318.5
809.0,23.94,44.8,1012.3,324.3
810.0,24.1,45.11,1012.31,319.6
811.0,24.03,44.91,1012.26,316.3
812.0,24.03,45.69,1012.34,321.7
813.0,24.07,44.93,1012.36,315.7
814.0,23.95,45.57,1012.45,319.1
815.0,24.04,44.48,1012.46,316.8
816.0,24.08,45.03,1012.49,316.2
817.0,23.94,45.13,1012.37,324.2
818.0,23.98,45.0,1012.53,316.4
819.0,23.99,45.49,1012.48,317.0
820.0,23.95,45.12,1012.38,317.5
821.0,23.94,45.04,1012.46,318.3
822.0,23.87,44.64,1012.34,316.9
823.0,24.05,45.17,1012.37,319.3
824.0,23.98,45.72,1012.19,317.9
825.0,24.0,45.36,1012.46,321.3
826.0,24.01,45.29,1012.47,319.6
827.0,23.95,43.85,1012.21,322.1
828.0,23.97,44.5,1012.31,322.9
829.0,23.96,44.84,1012.52,318.9
830.0,23.96,45.67,1012.54,321.3
831.0,23.99,44.25,1012.32,315.6
832.0,24.15,44.67,1012.21,321.6
833.0,23.93,44.83,1012.38,318.8
834.0,24.03,44.85,1012.08,317.6
835.0,23.93,45.12,1012.52,321.8
836.0,23.9,44.81,1012.4,321.0
837.0,23.93,44.55,1012.37,321.6
838.0,24.07,44.72,1012.36,317.6
839.0,23.95,44.88,1012.3,316.6
840.0,23.94,44.94,1012.48,317.9
841.0,23.98,45.24,1012.25,317.8
842.0,23.97,45.1,1012.46,316.5
843.0,24.05,44.88,1012.34,312.9
844.0,23.84,44.85,1012.57,319.2
845.0,24.13,44.89,1012.66,311.5
846.0,23.95,45.68,1012.39,317.6
847.0,23.84,45.35,1012.47,316.8
848.0,24.15,44.97,1012.28,320.4
849.0,23.99,45.71,1012.43,314.4
850.0,23.96,44.79,1012.26,315.4
851.0,23.83,44.77,1012.32,318.5
852.0,24.06,44.6,1012.24,318.0
853.0,24.11,44.5,1012.41,320.9
854.0,23.99,44.64,1012.17,323.5
855.0,24.06,44.93,1012.51,320.6
856.0,23.95,45.03,1012.54,321.5
857.0,24.08,44.45,1012.59,320.8
858.0,23.9,45.24,1012.5,319.1
859.0,24.11,44.53,1012.35,315.1
860.0,24.15,44.2,1012.51,319.1
861.0,23.9,45.09,1012.39,315.8
862.0,23.93,45.56,1012.47,320.6
863.0,23.96,45.15,1012.33,322.3
864.0,23.86,45.64,1012.36,322.9
865.0,23.82,45.57,1012.55,321.6
866.0,23.93,45.49,1012.62,324.5
867.0,23.93,45.28,1012.42,318.7
868.0,24.05,45.14,1012.48,319.8
869.0,24.02,44.61,1012.3,319.1
870.0,24.02,44.63,1012.46,318.0
871.0,23.87,44.92,1012.42,319.8
872.0,23.95,45.14,1012.53,323.1
873.0,23.91,44.81,1012.5,325.1
874.0,24.14,45.15,1012.37,320.6
875.0,23.87,45.01,1012.56,319.0
876.0,24.03,44.51,1012.38,314.9
877.0,24.16,44.61,1012.51,317.8
878.0,24.0,45.25,1012.62,315.9
879.0,24.02,44.31,1012.38,320.9
880.0,24.08,44.48,1012.56,315.5
881.0,24.05,44.62,1012.49,321.4
882.0,23.94,45.5,1012.49,321.4
883.0,23.99,45.1,1012.44,321.6
884.0,24.07,44.43,1012.36,314.3
885.0,24.09,45.04,1012.37,322.5
886.0,23.97,44.85,1012.24,317.9
887.0,24.03,45.0,1012.28,322.5
888.0,24.06,44.97,1012.49,319.7
889.0,24.0,44.65,1012.27,320.4
890.0,24.06,44.88,1012.12,318.6
891.0,24.03,45.53,1012.17,318.9
892.0,24.01,45.35,1012.4,317.3
893.0,23.95,43.86,1012.54,317.1
894.0,24.0,45.61,1012.49,318.5
895.0,23.99,45.71,1012.52,315.7
896.0,23.88,44.9,1012.2,318.1
897.0,23.99,44.61,1012.35,321.5
898.0,23.94,45.29,1012.3,321.3
899.0,24.06,44.39,1012.47,315.2
900.0,24.12,44.57,1012.39,319.3
901.0,23.9,44.83,1012.35,320.2
902.0,23.94,45.2,1012.43,323.9
903.0,24.0,44.62,1012.39,319.8
904.0,24.02,45.02,1012.62,316.9
905.0,24.02,45.01,1012.36,322.4
906.0,23.89,45.03,1012.28,321.2
907.0,23.97,44.86,1012.43,324.2
908.0,24.06,44.73,1012.31,318.4
909.0,24.07,44.47,1012.42,318.6
910.0,23.95,44.27,1012.62,324.0
911.0,23.98,45.22,1012.33,320.8
912.0,23.97,45.08,1012.29,316.7
913.0,23.95,45.14,1012.2,315.6
914.0,23.85,44.87,1012.27,321.3
915.0,24.04,44.81,1012.48,315.1
916.0,24.01,45.25,1012.61,324.6
917.0,24.05,44.16,1012.48,320.5
918.0,24.1,44.94,1012.26,321.1
919.0,24.05,44.91,1012.32,322.8
920.0,23.86,45.48,1012.53,318.7
921.0,24.08,45.65,1012.24,321.1
922.0,23.95,45.84,1012.28,320.9
923.0,23.91,45.62,1012.56,323.5
924.0,24.04,44.89,1012.61,323.1
925.0,24.03,44.61,1012.48,317.6
926.0,23.99,44.71,1012.18,321.0
927.0,24.22,45.29,1012.15,318.6
928.0,24.14,44.88,1012.46,320.6
929.0,24.09,44.79,1012.61,317.5
930.0,24.01,44.31,1012.14,315.6
931.0,23.81,44.98,1012.48,322.0
932.0,23.98,43.88,1012.48,318.2
933.0,24.07,44.26,1012.2,324.4
934.0,23.97,45.42,1012.51,317.2
935.0,24.01,44.09,1012.44,315.9
936.0,23.95,45.16,1012.39,323.7
937.0,23.94,44.48,1012.41,320.4
938.0,24.08,44.87,1012.46,320.2
939.0,24.06,45.3,1012.59,316.1
940.0,24.0,45.53,1012.53,322.4
941.0,23.98,45.26,1012.62,323.8
942.0,23.91,45.6,1012.55,313.9
943.0,23.89,45.17,1012.37,319.2
944.0,23.97,44.53,1012.39,321.9
945.0,24.04,44.99,1012.68,319.6
946.0,24.02,44.81,1012.41,315.4
947.0,24.04,45.07,1012.24,316.5
948.0,24.12,45.13,1012.41,319.1
949.0,24.11,45.01,1012.18,320.4
950.0,23.99,44.96,1012.36,323.2
951.0,23.94,44.66,1012.38,318.6
952.0,23.96,44.75,1012.34,326.1
953.0,24.09,44.46,1012.32,321.1
954.0,24.05,44.77,1012.42,321.2
955.0,24.09,45.28,1012.39,320.6
956.0,23.89,45.52,1012.48,322.3
957.0,24.01,44.93,1012.37,321.1
958.0,24.04,44.36,1011.98,310.3
959.0,23.98,44.67,1012.51,316.7
960.0,24.13,44.55,1012.42,322.1
961.0,23.9,45.34,1012.25,317.7
962.0,24.0,45.24,1012.2,318.5
963.0,24.08,44.71,1012.45,325.0
964.0,23.92,45.15,1012.42,316.9
965.0,23.87,44.35,1012.56,322.6
966.0,23.98,45.07,1012.54,323.1
967.0,23.95,44.88,1012.36,320.5
968.0,23.95,44.49,1012.3,319.6
969.0,23.93,44.93,1012.57,320.1
970.0,23.97,45.21,1012.51,320.7
971.0,24.13,45.14,1012.22,318.2
972.0,24.01,45.27,1012.63,324.2
973.0,24.04,44.72,1012.59,317.2
974.0,24.04,45.24,1012.62,310.5
975.0,24.05,45.04,1012.26,315.7
976.0,24.06,45.09,1012.48,318.9
977.0,24.13,45.28,1012.5,321.9
978.0,23.96,44.76,1012.51,317.5
979.0,23.96,45.11,1012.61,318.2
980.0,23.97,45.54,1012.33,317.3
981.0,24.04,45.17,1012.28,311.4
982.0,23.94,45.37,1012.3,316.9
983.0,24.01,44.88,1012.45,317.9
984.0,23.8,44.9,1012.54,319.7
985.0,23.91,44.8,1012.29,320.8
986.0,23.95,44.8,1012.48,318.9
987.0,23.96,45.16,1012.21,318.1
988.0,24.08,44.5,1012.4,316.9
989.0,23.91,44.8,1012.49,320.4
990.0,23.94,44.62,1012.52,319.7
991.0,24.06,45.54,1012.37,314.2
992.0,23.92,45.49,1012.5,324.6
993.0,23.95,44.86,1012.54,316.9
994.0,23.97,45.37,1012.38,319.3
995.0,23.92,45.78,1012.4,318.1
996.0,24.0,45.02,1012.25,321.3
997.0,24.03,45.12,1012.59,318.7
998.0,23.94,45.2,1012.5,321.1
999.0,23.92,45.17,1012.26,316.4
1000.0,24.03,45.53,1012.27,320.4
1001.0,24.06,44.85,1012.42,317.2
1002.0,23.98,45.14,1012.39,320.0
1003.0,24.06,45.11,1012.31,319.3
1004.0,24.09,45.55,1012.35,318.2
1005.0,23.97,45.54,1012.68,320.1
1006.0,23.85,44.61,1012.21,322.2
1007.0,24.04,45.34,1012.46,318.6
1008.0,24.04,45.22,1012.55,315.6
1009.0,24.02,45.65,1012.21,320.2
1010.0,24.04,44.68,1012.28,316.2
1011.0,24.08,45.63,1012.36,324.0
1012.0,23.97,44.84,1012.3,317.9
1013.0,24.11,45.47,1012.6,318.9
1014.0,24.15,45.02,1012.41,319.6
1015.0,23.93,44.95,1012.23,322.2
1016.0,23.97,44.97,1012.35,316.4
1017.0,23.98,44.44,1012.41,314.8
1018.0,24.0,44.97,1012.29,318.7
1019.0,24.01,45.13,1012.39,316.8
1020.0,24.01,44.96,1012.33,319.1
1021.0,24.07,45.19,1012.46,325.1
1022.0,24.12,45.15,1012.31,314.6
1023.0,24.05,45.22,1012.13,323.2
1024.0,23.97,44.65,1012.5,318.4
1025.0,24.0,45.04,1012.3,318.9
1026.0,24.17,44.29,1012.55,316.3
1027.0,24.0,45.06,1012.5,321.6
1028.0,24.03,44.15,1012.2,322.3
1029.0,23.94,44.56,1012.46,321.7
1030.0,23.85,44.84,1012.7,314.9
1031.0,24.03,45.15,1012.13,322.7
1032.0,24.16,43.97,1012.28,315.4
1033.0,24.08,45.84,1012.43,317.6
1034.0,24.07,44.34,1012.41,328.2
1035.0,24.13,44.25,1012.33,322.0
1036.0,23.94,45.04,1012.64,323.1
1037.0,24.01,44.92,1012.24,321.2
1038.0,23.96,45.24,1012.44,321.8
1039.0,23.95,44.64,1012.53,320.3
1040.0,24.11,45.58,1012.23,323.5
1041.0,24.0,44.93,1012.47,324.4
1042.0,24.03,44.91,1012.54,317.1
1043.0,23.92,44.83,1012.47,322.1
1044.0,24.01,44.93,1012.45,323.3
1045.0,23.94,44.81,1012.44,319.4
1046.0,24.01,45.25,1012.51,321.7
1047.0,24.15,46.16,1012.53,320.3
1048.0,24.06,45.29,1012.6,316.7
1049.0,24.02,44.94,1012.39,321.1
1050.0,23.91,44.75,1012.4,318.6
1051.0,24.12,45.54,1012.18,319.9
1052.0,24.14,44.6,1012.23,319.1
1053.0,23.95,44.94,1012.39,318.1
1054.0,24.05,44.22,1012.43,324.4
1055.0,24.15,45.11,1012.41,318.8
1056.0,23.93,45.0,1012.16,321.8
1057.0,24.01,45.21,1012.25,315.0
1058.0,24.04,44.5,1012.34,318.4
1059.0,23.96,45.09,1012.41,321.9
1060.0,23.93,44.23,1012.42,322.8
1061.0,23.93,44.96,1012.32,319.9
1062.0,24.19,44.73,1012.46,319.5
1063.0,24.03,44.9,1012.42,318.1
1064.0,23.98,45.99,1012.46,319.6
1065.0,23.95,45.18,1012.55,317.9
1066.0,24.08,44.64,1012.48,320.1
1067.0,24.01,45.04,1012.06,318.0
1068.0,23.96,44.77,1012.26,316.3
1069.0,23.98,45.12,1012.37,315.2
1070.0,24.0,45.02,1012.51,318.8
1071.0,23.92,44.95,1012.52,322.9
1072.0,23.95,44.13,1012.61,319.3
1073.0,24.09,45.15,1012.6,321.8
1074.0,23.95,45.34,1012.29,318.3
1075.0,23.98,44.74,1012.45,318.0
1076.0,24.12,44.54,1012.22,325.5
1077.0,24.06,44.61,1012.23,319.9
1078.0,24.07,44.85,1012.36,322.7
1079.0,23.93,44.5,1012.51,319.5
1080.0,23.97,45.44,1012.15,316.3
1081.0,23.86,45.37,1012.47,317.3
1082.0,23.96,44.36,1012.44,321.5
1083.0,24.02,45.17,1012.5,315.2
1084.0,23.98,44.85,1012.53,318.1
1085.0,24.21,44.57,1012.18,319.0
1086.0,24.11,44.84,1012.14,323.2
1087.0,23.89,45.34,1012.26,318.3
1088.0,23.92,44.79,1012.59,321.4
1089.0,24.01,45.28,1012.52,319.1
1090.0,24.07,44.71,1012.49,322.1
1091.0,24.05,45.1,1012.35,314.3
1092.0,23.99,45.09,1012.09,320.6
1093.0,23.92,44.67,1012.23,317.7
1094.0,23.91,45.17,1012.4,324.2
1095.0,23.87,44.9,1012.22,319.7
1096.0,23.97,45.11,1012.49,319.1
1097.0,23.91,45.05,1012.31,320.4
1098.0,24.06,44.95,1012.47,322.9
1099.0,24.0,44.69,1012.32,320.0
1100.0,23.82,45.85,1012.39,317.8
1101.0,24.0,44.66,1012.48,321.8
1102.0,24.01,45.11,1012.65,319.5
1103.0,23.95,45.12,1012.71,319.9
1104.0,24.11,44.82,1012.29,321.6
1105.0,23.99,44.61,1012.4,318.5
1106.0,24.01,44.6,1012.5,318.8
1107.0,23.96,44.66,1012.11,326.8
1108.0,23.97,44.34,1012.39,322.4
1109.0,24.03,45.58,1012.31,317.2
1110.0,24.01,44.66,1012.56,318.0
1111.0,24.0,44.56,1012.41,323.4
1112.0,24.2,44.82,1012.35,323.6
1113.0,24.08,45.47,1012.55,317.4
1114.0,23.99,45.24,1012.67,321.2
1115.0,24.06,45.64,1012.57,317.9
1116.0,24.09,45.03,1012.29,323.0
1117.0,23.88,44.32,1012.29,323.2
1118.0,23.97,44.74,1012.44,320.6
1119.0,24.05,45.27,1012.29,317.0
1120.0,24.0,44.36,1012.12,320.7
1121.0,24.12,44.84,1012.45,320.7
1122.0,24.03,44.59,1012.42,316.8
1123.0,24.09,44.98,1012.27,320.7
1124.0,23.96,44.42,1012.64,320.1
1125.0,23.94,44.71,1012.47,315.0
1126.0,24.0,44.73,1012.47,317.0
1127.0,24.02,45.3,1012.51,323.6
1128.0,24.1,45.21,1012.09,320.9
1129.0,24.04,44.69,1012.35,318.7
1130.0,24.02,45.0,1012.78,319.6
1131.0,24.08,45.13,1012.18,321.9
1132.0,24.0,44.86,1012.46,319.1
1133.0,23.96,44.81,1012.27,320.3
1134.0,24.02,44.47,1012.18,322.6
1135.0,23.98,45.02,1012.43,318.2
1136.0,23.94,45.04,1012.37,319.5
1137.0,23.99,45.58,1012.66,317.8
1138.0,24.06,44.95,1012.42,321.6
1139.0,23.98,45.29,1012.34,315.7
1140.0,23.85,45.06,1012.3,323.7
1141.0,23.83,44.93,1012.42,322.2
1142.0,24.07,45.26,1012.45,316.7
1143.0,24.03,44.42,1012.46,324.5
1144.0,24.05,45.12,1012.46,320.3
1145.0,24.08,45.02,1012.54,314.6
1146.0,24.02,45.22,1012.48,320.7
1147.0,24.11,45.33,1012.58,315.9
1148.0,24.1,45.61,1011.91,316.0
1149.0,24.12,44.39,1012.53,318.0
1150.0,23.99,45.03,1012.32,323.2
1151.0,23.83,45.71,1012.36,322.5
1152.0,23.99,45.34,1012.55,323.0
1153.0,23.89,45.53,1012.44,318.9
1154.0,24.04,44.99,1012.27,316.6
1155.0,24.15,44.77,1012.6,320.6
1156.0,23.95,45.13,1012.35,323.3
1157.0,24.03,44.73,1012.63,322.5
1158.0,24.02,45.79,1012.48,320.9
1159.0,24.01,45.07,1012.41,317.1
1160.0,23.92,44.81,1012.25,321.4
1161.0,23.91,44.51,1012.3,320.9
1162.0,24.02,44.92,1012.48,322.0
1163.0,23.94,45.27,1012.25,325.7
1164.0,24.02,44.51,1012.3,322.0
1165.0,24.12,45.08,1012.29,322.0
1166.0,24.01,45.41,1012.35,322.8
1167.0,24.1,45.03,1012.1,322.3
1168.0,24.03,45.24,1012.49,319.4
1169.0,24.1,45.09,1012.47,319.5
1170.0,23.98,45.02,1012.33,317.1
1171.0,24.04,44.07,1012.29,324.0
1172.0,23.95,44.66,1012.39,319.4
1173.0,23.95,45.27,1012.5,317.3
1174.0,23.86,45.14,1012.32,321.7
1175.0,23.98,45.33,1012.5,318.7
1176.0,24.15,45.1,1012.52,324.5
1177.0,23.96,45.06,1012.36,322.3
1178.0,23.87,45.38,1012.55,323.1
1179.0,24.06,45.07,1012.73,320.6
1180.0,24.12,44.44,1012.21,319.2
1181.0,24.09,44.99,1012.26,319.1
1182.0,23.99,44.54,1012.42,318.1
1183.0,23.96,45.06,1012.51,319.3
1184.0,24.0,45.13,1012.46,322.6
1185.0,24.02,44.64,1012.69,321.5
1186.0,23.95,45.06,1012.47,326.1
1187.0,23.91,45.32,1012.33,314.7
1188.0,23.96,44.92,1011.97,316.5
1189.0,23.9,45.43,1012.24,320.3
1190.0,23.96,44.97,1012.23,319.2
1191.0,24.1,44.96,1012.31,323.4
1192.0,24.01,44.2,1012.73,322.3
1193.0,24.03,45.26,1012.35,320.2
1194.0,24.1,44.64,1012.49,316.1
1195.0,24.05,45.03,1012.31,321.4
1196.0,23.99,44.68,1012.39,315.1
1197.0,23.98,44.7,1012.34,323.1
1198.0,24.05,44.91,1012.44,321.7
1199.0,23.96,45.34,1012.45,317.1
1200.0,23.86,45.09,1012.39,318.3
1201.0,24.06,44.94,1012.4,317.5
1202.0,23.91,44.14,1012.46,319.4
1203.0,23.97,45.34,1012.32,323.0
1204.0,23.96,45.08,1012.57,320.7
1205.0,24.04,45.27,1012.43,317.7
1206.0,23.97,45.16,1012.44,319.5
1207.0,24.07,44.04,1012.64,320.3
1208.0,24.09,45.62,1012.46,326.1
1209.0,24.01,45.22,1012.42,315.8
1210.0,23.99,45.28,1012.33,317.5
1211.0,23.9,44.79,1012.53,316.8
1212.0,24.12,45.55,1012.52,323.0
1213.0,24.08,44.67,1012.36,321.7
1214.0,24.03,45.26,1012.19,319.3
1215.0,23.9,44.97,1012.4,318.0
1216.0,24.05,44.85,1012.37,321.4
1217.0,23.86,44.27,1012.46,325.5
1218.0,23.85,44.82,1012.5,316.2
1219.0,23.98,45.38,1012.42,322.8
1220.0,23.95,45.01,1012.37,313.0
1221.0,23.94,45.36,1012.47,323.6
1222.0,23.96,45.25,1012.38,323.2
1223.0,23.94,45.07,1012.27,316.5
1224.0,23.87,45.65,1012.35,320.9
1225.0,23.94,45.25,1012.5,322.8
1226.0,23.87,44.4,1012.37,321.6
1227.0,23.91,44.47,1012.35,315.9
1228.0,24.03,44.17,1012.53,318.9
1229.0,24.13,44.91,1012.43,317.5
1230.0,23.94,45.53,1012.36,322.8
1231.0,24.16,45.07,1012.54,314.1
1232.0,24.01,44.77,1012.39,319.6
1233.0,24.04,45.11,1012.39,318.2
1234.0,24.07,44.29,1012.66,316.6
1235.0,24.02,45.37,1012.75,321.5
1236.0,23.98,44.75,1012.23,317.0
1237.0,24.0,44.77,1012.62,323.7
1238.0,24.1,44.38,1012.34,324.9
1239.0,24.05,44.79,1012.63,316.9
1240.0,23.98,44.35,1012.44,313.7
1241.0,24.04,45.24,1012.51,321.1
1242.0,24.05,44.81,1012.22,318.6
1243.0,24.15,44.81,1012.64,317.7
1244.0,23.99,45.52,1012.01,323.8
1245.0,24.15,44.81,1012.51,315.7
1246.0,24.16,45.04,1012.57,321.3
1247.0,24.02,44.68,1012.23,323.5
1248.0,24.1,45.15,1012.39,314.6
1249.0,23.84,44.6,1012.56,318.1
1250.0,24.21,45.16,1012.46,319.1
1251.0,24.1,45.21,1012.45,316.7
1252.0,23.98,45.07,1012.24,315.2
1253.0,23.89,45.75,1012.38,324.5
1254.0,24.02,45.01,1012.31,321.9
1255.0,24.01,45.52,1012.59,317.3
1256.0,24.07,45.21,1012.41,314.5
1257.0,23.92,44.99,1012.75,324.3
1258.0,24.05,44.88,1012.27,327.4
1259.0,24.03,45.28,1012.21,315.8
1260.0,23.89,45.29,1012.28,320.4
1261.0,23.99,44.57,1012.13,327.8
1262.0,24.06,44.57,1012.46,319.0
1263.0,24.16,45.06,1012.59,317.3
1264.0,23.83,44.54,1012.44,317.3
1265.0,24.02,45.76,1012.45,319.8
1266.0,23.85,45.02,1012.64,325.0
1267.0,23.89,45.24,1012.28,318.9
1268.0,23.86,45.32,1012.71,321.8
1269.0,24.07,45.88,1012.34,323.5
1270.0,24.05,44.76,1012.36,313.8
1271.0,23.91,46.14,1012.6,322.6
1272.0,23.89,45.37,1012.09,320.8
1273.0,24.08,45.61,1012.27,322.1
1274.0,23.89,45.62,1012.67,323.2
1275.0,23.85,45.33,1012.56,319.3
1276.0,24.02,45.01,1012.43,318.6
1277.0,24.0,44.45,1012.53,317.9
1278.0,24.03,45.45,1012.34,319.5
1279.0,23.96,45.38,1012.3,319.3
1280.0,24.11,44.72,1012.64,320.1
1281.0,24.1,44.57,1012.4,319.4
1282.0,24.1,44.79,1012.13,322.9
1283.0,24.12,45.01,1012.62,315.7
1284.0,24.09,44.38,1012.44,326.0
1285.0,23.92,45.79,1012.66,324.8
1286.0,23.95,44.85,1012.28,322.9
1287.0,24.03,44.98,1012.39,316.7
1288.0,24.0,44.87,1012.71,316.0
1289.0,24.06,45.38,1012.29,322.2
1290.0,24.01,44.51,1012.43,323.0
1291.0,24.01,44.58,1012.43,324.0
1292.0,23.98,45.53,1012.58,318.2
1293.0,23.96,45.06,1012.51,322.9
1294.0,24.14,43.92,1012.54,326.6
1295.0,24.02,44.24,1012.3,325.0
1296.0,23.97,45.56,1012.17,312.4
1297.0,23.86,44.99,1012.52,322.4
1298.0,24.1,45.41,1012.62,321.8
1299.0,24.13,44.9,1012.4,318.9
1300.0,24.1,44.54,1012.3,318.7
1301.0,23.98,45.25,1012.51,318.2
1302.0,24.1,44.81,1012.41,318.3
1303.0,23.97,44.65,1012.52,323.4
1304.0,23.98,44.98,1012.42,315.8
1305.0,23.99,44.55,1012.26,313.4
1306.0,23.96,45.61,1012.29,322.9
1307.0,23.94,45.07,1012.71,318.3
1308.0,23.98,44.52,1012.52,319.7
1309.0,24.13,45.16,1012.22,315.5
1310.0,23.93,45.66,1012.58,317.6
1311.0,24.01,44.15,1012.72,319.0
1312.0,23.96,44.99,1012.36,317.7
1313.0,24.01,45.36,1012.53,319.0
1314.0,24.12,44.31,1012.58,322.0
1315.0,23.89,45.42,1012.31,320.9
1316.0,23.97,44.63,1012.36,319.9
1317.0,23.98,45.56,1012.32,319.4
1318.0,23.98,45.25,1012.36,318.4
1319.0,24.02,45.5,1012.32,317.5
1320.0,24.03,44.99,1012.47,322.4
1321.0,24.1,44.41,1012.35,313.2
1322.0,24.05,44.61,1012.5,320.3
1323.0,24.05,44.6,1012.43,317.5
1324.0,24.01,44.88,1012.36,321.5
1325.0,24.11,45.2,1012.44,317.5
1326.0,23.91,44.84,1012.34,312.2
1327.0,24.05,45.43,1012.34,321.1
1328.0,24.15,45.38,1012.25,325.5
1329.0,24.01,44.64,1012.32,321.0
1330.0,23.97,45.41,1012.72,317.8
1331.0,24.0,45.18,1012.37,314.9
1332.0,23.97,45.25,1012.76,322.5
1333.0,24.07,46.22,1012.21,323.0
1334.0,24.1,44.52,1012.67,322.1
1335.0,23.97,45.04,1012.43,321.9
1336.0,23.98,44.52,1012.47,318.1
1337.0,24.01,44.4,1012.2,317.0
1338.0,24.0,44.83,1012.39,316.4
1339.0,24.13,45.21,1012.35,326.5
1340.0,24.12,44.62,1012.48,322.9
1341.0,23.9,45.22,1012.37,318.7
1342.0,23.99,45.16,1012.31,318.3
1343.0,23.96,45.07,1012.36,321.7
1344.0,24.03,45.2,1012.23,316.4
1345.0,23.94,45.6,1012.27,325.0
1346.0,23.98,44.44,1012.38,324.7
1347.0,23.98,44.76,1012.38,322.1
1348.0,23.93,44.4,1012.52,316.8
1349.0,24.11,44.99,1012.63,318.0
1350.0,23.79,44.2,1012.62,321.3
1351.0,24.02,45.49,1012.22,322.6
1352.0,23.95,44.92,1012.34,316.8
1353.0,24.06,44.99,1012.46,317.8
1354.0,24.09,44.97,1012.22,324.0
1355.0,23.93,45.33,1012.51,317.4
1356.0,23.96,45.34,1012.48,319.9
1357.0,24.05,45.7,1012.24,315.5
1358.0,23.97,45.59,1012.42,323.7
1359.0,24.03,45.45,1012.42,318.7
1360.0,24.03,45.23,1012.27,312.5
1361.0,24.0,45.02,1012.28,318.8
1362.0,23.99,44.58,1012.32,320.5
1363.0,23.92,44.67,1012.34,319.5
1364.0,24.07,45.37,1012.23,317.1
1365.0,24.05,45.79,1012.36,319.9
1366.0,24.15,44.9,1012.6,319.4
1367.0,23.9,44.91,1012.36,315.8
1368.0,23.91,45.25,1012.24,319.1
1369.0,23.93,45.57,1012.42,321.3
1370.0,24.24,44.9,1012.44,320.5
1371.0,23.91,45.01,1012.29,324.5
1372.0,24.1,45.63,1012.39,320.7
1373.0,24.16,45.1,1012.61,318.3
1374.0,24.02,45.23,1012.59,321.5
1375.0,24.18,45.21,1012.45,313.4
1376.0,24.08,45.73,1012.48,321.4
1377.0,24.07,44.27,1012.07,323.9
1378.0,23.96,45.13,1012.28,312.9
1379.0,23.93,45.12,1012.47,321.1
1380.0,23.88,44.91,1012.25,313.9
1381.0,24.06,45.14,1012.42,321.0
1382.0,24.06,45.74,1012.28,320.3
1383.0,23.89,45.34,1012.4,320.7
1384.0,23.99,45.28,1012.52,321.3
1385.0,24.09,44.47,1012.51,318.3
1386.0,23.93,45.1,1012.26,318.8
1387.0,24.07,45.43,1012.48,316.1
1388.0,23.97,44.68,1012.13,319.4
1389.0,23.95,45.1,1012.49,316.2
1390.0,23.95,44.71,1012.4,317.9
1391.0,24.0,45.13,1012.39,321.5
1392.0,23.99,44.63,1012.43,319.5
1393.0,24.01,45.34,1012.28,321.8
1394.0,24.03,44.74,1012.27,320.7
1395.0,24.08,45.39,1012.51,319.4
1396.0,24.07,44.83,1012.26,318.2
1397.0,23.95,44.86,1012.5,320.9
1398.0,24.01,44.91,1012.34,320.3
1399.0,24.04,44.69,1012.39,318.1
1400.0,24.0,45.17,1012.29,319.8
1401.0,24.0,44.6,1012.46,318.6
1402.0,24.0,45.19,1012.2,326.0
1403.0,24.03,44.98,1012.26,322.2
1404.0,24.0,44.78,1012.59,325.5
1405.0,23.79,44.52,1012.34,316.3
1406.0,24.01,45.1,1012.34,323.9
1407.0,23.99,45.31,1012.42,321.0
1408.0,23.9,44.06,1012.1,325.4
1409.0,24.1,44.78,1012.44,321.3
1410.0,23.99,45.5,1012.35,317.0
1411.0,23.98,44.91,1012.18,326.4
1412.0,24.12,44.91,1012.42,315.2
1413.0,23.99,44.7,1012.44,321.2
1414.0,24.01,44.52,1012.17,316.4
1415.0,23.95,44.51,1012.53,316.6
1416.0,24.0,45.24,1012.51,319.4
1417.0,24.12,45.23,1012.49,321.3
1418.0,24.05,45.69,1012.52,319.2
1419.0,24.03,45.02,1012.37,318.1
1420.0,24.05,45.58,1012.31,324.0
1421.0,24.03,44.97,1012.42,315.5
1422.0,24.04,44.91,1012.42,326.7
1423.0,24.24,44.99,1012.33,315.4
1424.0,23.98,44.6,1012.2,316.9
1425.0,24.04,45.38,1012.5,316.7
1426.0,24.06,44.87,1012.3,322.3
1427.0,24.01,45.34,1012.5,313.7
1428.0,23.85,45.42,1012.56,319.2
1429.0,23.93,45.45,1012.29,320.4
1430.0,23.98,44.63,1012.26,316.9
1431.0,23.99,44.93,1012.45,319.3
1432.0,24.14,44.92,1012.48,325.4
1433.0,23.99,45.4,1012.44,319.9
1434.0,24.03,45.25,1012.33,318.7
1435.0,24.03,44.93,1012.21,316.0
1436.0,24.0,44.87,1012.46,322.0
1437.0,24.22,45.16,1012.47,323.9
1438.0,24.04,44.4,1012.22,321.0
1439.0,24.12,45.29,1012.65,321.0
1440.0,23.85,44.88,1012.51,320.5
1441.0,23.93,45.47,1012.41,317.3
1442.0,24.06,44.14,1012.48,316.4
1443.0,23.97,45.3,1012.5,318.2
1444.0,23.93,44.76,1012.28,313.5
1445.0,24.05,44.22,1012.46,320.8
1446.0,24.03,44.78,1012.54,316.2
1447.0,23.88,45.29,1012.38,321.5
1448.0,23.89,44.88,1012.32,325.4
1449.0,23.98,45.44,1012.42,323.5
1450.0,24.16,44.84,1012.71,320.3
1451.0,23.81,45.24,1012.58,322.8
1452.0,24.04,45.21,1012.43,324.5
1453.0,23.91,44.51,1012.27,325.4
1454.0,24.05,45.36,1012.49,315.5
1455.0,24.06,45.78,1012.52,323.7
1456.0,24.12,44.81,1012.31,321.3
1457.0,23.95,45.21,1012.18,321.8
1458.0,24.03,44.8,1012.41,321.8
1459.0,24.02,44.31,1012.29,316.7
1460.0,24.23,45.01,1012.61,322.9
1461.0,23.96,44.83,1012.47,316.1
1462.0,24.03,45.23,1012.39,322.4
1463.0,24.08,44.59,1012.25,320.8
1464.0,23.92,44.78,1012.4,319.0
1465.0,24.07,45.01,1012.23,320.1
1466.0,24.06,45.61,1012.57,319.5
1467.0,23.91,44.86,1012.52,325.1
1468.0,24.03,44.82,1012.2,319.4
1469.0,23.95,45.18,1012.41,322.1
1470.0,23.89,45.11,1012.17,322.6
1471.0,23.97,45.55,1012.48,320.7
1472.0,24.02,45.21,1012.63,325.6
1473.0,24.02,44.92,1012.08,323.8
1474.0,23.98,45.91,1012.32,318.4
1475.0,24.16,45.32,1012.25,322.4
1476.0,23.99,45.13,1012.36,324.6
1477.0,23.97,44.73,1012.68,319.0
1478.0,23.98,45.14,1012.58,319.4
1479.0,23.9,45.54,1012.71,318.3
1480.0,23.81,44.72,1012.33,316.0
1481.0,24.03,45.29,1012.22,321.8
1482.0,24.02,45.88,1012.62,318.3
1483.0,24.07,44.78,1012.4,320.4
1484.0,24.01,45.08,1012.51,322.5
1485.0,24.1,45.19,1012.53,317.9
1486.0,23.92,45.51,1012.26,327.8
1487.0,24.06,45.11,1012.48,323.9
1488.0,23.95,45.16,1012.54,318.5
1489.0,23.99,44.62,1012.39,323.6
1490.0,24.17,45.28,1012.39,316.8
1491.0,24.13,44.84,1012.57,318.8
1492.0,24.0,44.71,1012.54,312.6
1493.0,23.91,44.6,1012.44,322.2
1494.0,24.01,44.97,1012.15,317.9
1495.0,24.07,45.16,1012.42,320.1
1496.0,23.91,44.97,1012.6,318.6
1497.0,24.03,44.93,1012.57,320.1
1498.0,23.96,44.54,1012.42,323.4
1499.0,23.97,44.9,1012.48,321.7
1500.0,24.01,44.79,1012.51,322.5
1501.0,24.06,44.7,1012.35,322.4
1502.0,24.14,43.98,1012.4,311.7
1503.0,24.19,44.53,1012.47,323.2
1504.0,23.98,44.53,1012.5,318.8
1505.0,24.16,45.08,1012.27,316.7
1506.0,24.2,44.5,1012.42,314.7
1507.0,24.19,43.97,1012.54,324.3
1508.0,24.25,44.52,1012.24,312.8
1509.0,24.34,44.15,1012.63,313.9
1510.0,24.36,44.3,1012.52,324.5
1511.0,24.31,44.2,1012.09,324.6
1512.0,24.25,44.66,1012.33,317.1
1513.0,24.29,43.58,1012.39,314.0
1514.0,24.42,43.72,1012.57,325.1
1515.0,24.49,43.33,1012.36,320.5
1516.0,24.56,43.83,1012.32,320.1
1517.0,24.43,43.2,1012.51,322.5
1518.0,24.54,43.49,1012.43,321.1
1519.0,24.66,43.19,1012.36,319.0
1520.0,24.52,42.94,1012.54,320.8
1521.0,24.55,43.23,1012.36,319.8
1522.0,24.67,42.37,1012.37,320.9
1523.0,24.69,43.09,1012.34,320.2
1524.0,24.76,42.61,1012.49,321.8
1525.0,24.67,42.41,1012.37,316.6
1526.0,24.78,42.63,1012.42,314.3
1527.0,24.82,42.45,1012.37,318.2
1528.0,24.76,42.33,1012.45,314.5
1529.0,24.71,41.96,1012.39,320.6
1530.0,24.9,42.03,1012.44,319.1
1531.0,24.78,41.65,1011.93,323.2
1532.0,24.89,41.76,1012.22,320.6
1533.0,24.81,42.03,1012.06,321.2
1534.0,24.78,42.06,1012.53,320.4
1535.0,24.83,42.15,1012.5,321.0
1536.0,24.75,42.23,1012.51,315.4
1537.0,24.91,42.58,1012.42,323.6
1538.0,24.9,41.97,1012.32,318.6
1539.0,24.77,41.8,1012.42,321.2
1540.0,24.87,41.24,1012.45,322.1
1541.0,24.76,42.02,1012.2,316.2
1542.0,24.88,41.39,1012.42,317.0
1543.0,24.83,41.6,1012.33,324.3
1544.0,24.92,41.8,1012.58,321.1
1545.0,24.96,41.96,1012.43,319.9
1546.0,24.7,42.04,1012.53,317.4
1547.0,24.96,41.61,1012.5,321.6
1548.0,24.86,41.78,1012.33,320.0
1549.0,24.91,41.53,1012.58,320.6
1550.0,24.89,41.42,1012.36,320.3
1551.0,24.9,42.01,1012.21,321.4
1552.0,24.96,41.77,1012.29,317.5
1553.0,24.96,42.03,1012.46,317.5
1554.0,24.87,42.43,1012.69,319.1
1555.0,24.8,41.78,1012.4,318.2
1556.0,24.83,41.5,1012.57,316.2
1557.0,24.94,42.11,1012.43,322.2
1558.0,24.86,42.94,1012.5,322.8
1559.0,24.9,42.05,1012.09,319.9
1560.0,24.76,42.15,1012.61,317.5
1561.0,24.66,42.19,1012.34,318.6
1562.0,24.7,41.77,1012.46,319.0
1563.0,24.87,42.63,1012.35,320.7
1564.0,24.77,42.23,1012.6,314.7
1565.0,24.65,42.41,1012.33,319.4
1566.0,24.61,42.51,1012.68,316.8
1567.0,24.51,42.22,1012.56,325.1
1568.0,24.58,42.81,1012.34,322.1
1569.0,24.69,43.25,1012.3,317.2
1570.0,24.55,42.16,1012.62,320.5
1571.0,24.51,42.93,1012.57,320.8
1572.0,24.59,42.93,1012.53,321.9
1573.0,24.54,43.05,1012.33,319.1
1574.0,24.47,43.65,1012.52,318.9
1575.0,24.55,43.57,1012.42,326.3
1576.0,24.33,43.7,1012.54,319.6
1577.0,24.34,43.51,1012.3,322.2
1578.0,24.38,43.56,1012.08,317.2
1579.0,24.32,44.04,1012.42,320.3
1580.0,24.28,44.63,1012.15,321.5
1581.0,24.14,43.55,1012.57,321.4
1582.0,24.34,44.21,1012.55,317.8
1583.0,24.21,43.85,1012.49,319.7
1584.0,24.32,44.05,1012.44,325.6
1585.0,24.11,44.58,1012.33,322.8
1586.0,24.11,44.74,1012.3,316.4
1587.0,24.29,45.02,1012.21,323.9
1588.0,23.99,45.67,1012.46,323.5
1589.0,24.06,45.4,1012.2,322.2
1590.0,23.96,45.14,1012.26,322.5
1591.0,24.17,44.96,1012.54,316.4
1592.0,23.98,45.43,1012.34,319.7
1593.0,23.95,45.55,1012.45,320.3
1594.0,24.01,45.35,1012.28,317.0
1595.0,23.83,46.01,1012.34,324.8
1596.0,23.88,45.28,1012.22,319.3
1597.0,23.76,46.12,1012.27,317.5
1598.0,23.8,45.9,1012.41,317.3
1599.0,23.67,45.87,1012.28,323.5
1600.0,23.64,45.39,1012.26,322.0
1601.0,23.53,46.61,1012.43,327.9
1602.0,23.66,46.74,1012.46,320.9
1603.0,23.55,46.42,1012.36,322.3
1604.0,23.48,46.51,1012.51,322.3
1605.0,23.5,46.49,1012.34,321.9
1606.0,23.64,47.38,1012.33,325.8
1607.0,23.52,46.01,1012.21,321.7
1608.0,23.42,46.07,1012.48,319.1
1609.0,23.47,47.43,1012.19,323.1
1610.0,23.26,46.75,1011.84,322.8
1611.0,23.43,47.68,1012.58,319.8
1612.0,23.4,47.9,1012.36,321.0
1613.0,23.31,47.51,1012.33,314.5
1614.0,23.15,47.33,1012.52,324.0
1615.0,23.3,47.58,1012.12,323.3
1616.0,23.32,47.71,1012.79,320.6
1617.0,23.22,47.65,1012.37,324.2
1618.0,23.04,47.68,1012.17,324.7
1619.0,23.38,47.15,1012.49,319.1
1620.0,23.2,48.39,1012.22,316.8
1621.0,23.24,47.05,1012.46,319.0
1622.0,23.13,47.91,1012.64,321.3
1623.0,23.22,48.45,1012.36,321.3
1624.0,23.23,47.52,1012.37,315.5
1625.0,23.22,48.27,1012.4,324.0
1626.0,23.14,47.96,1012.6,324.4
1627.0,23.09,48.15,1012.15,318.0
1628.0,23.06,48.26,1012.31,320.8
1629.0,23.17,47.49,1012.52,318.1
1630.0,23.09,47.95,1012.34,319.6
1631.0,23.14,48.29,1012.61,317.6
1632.0,23.07,48.46,1012.43,316.7
1633.0,23.21,48.01,1012.46,313.1
1634.0,23.15,48.51,1012.6,318.1
1635.0,23.18,48.24,1012.61,318.5
1636.0,23.02,48.38,1012.46,314.1
1637.0,23.1,48.69,1012.43,315.1
1638.0,23.16,48.23,1012.25,319.6
1639.0,23.08,48.1,1012.57,322.3
1640.0,23.07,48.07,1012.24,320.0
1641.0,23.15,48.97,1012.46,317.8
1642.0,23.23,48.54,1012.07,314.3
1643.0,23.19,48.22,1012.32,318.7
1644.0,23.15,47.86,1012.32,320.9
1645.0,23.18,47.32,1012.43,317.7
1646.0,23.04,48.42,1012.61,316.7
1647.0,23.22,48.15,1012.52,315.7
1648.0,23.23,47.93,1012.3,318.9
1649.0,23.26,47.8,1012.43,318.9
1650.0,23.08,47.86,1012.22,319.1
1651.0,23.36,47.45,1012.35,318.6
1652.0,23.32,47.71,1012.57,325.8
1653.0,23.37,48.0,1012.28,318.2
1654.0,23.14,48.16,1012.25,327.0
1655.0,23.21,47.53,1012.27,316.5
1656.0,23.49,48.07,1012.42,315.8
1657.0,23.43,46.93,1012.45,319.1
1658.0,23.34,46.75,1012.39,326.2
1659.0,23.46,47.31,1012.3,319.8
1660.0,23.39,46.99,1012.19,319.1
1661.0,23.41,47.46,1012.45,317.2
1662.0,23.47,46.3,1012.36,320.0
1663.0,23.58,46.11,1012.22,320.3
1664.0,23.54,46.82,1012.42,326.5
1665.0,23.64,46.65,1012.38,323.5
1666.0,23.59,46.46,1012.44,315.4
1667.0,23.63,46.26,1012.34,323.8
1668.0,23.58,46.39,1012.7,319.9
1669.0,23.62,46.46,1012.19,323.2
1670.0,23.61,45.7,1012.42,315.2
1671.0,23.82,46.44,1012.24,321.1
1672.0,23.74,45.47,1012.42,324.6
1673.0,23.74,46.01,1012.48,320.0
1674.0,23.78,45.53,1012.63,320.6
1675.0,23.83,46.3,1012.19,315.9
1676.0,23.83,46.0,1012.44,320.5
1677.0,23.96,45.5,1012.52,318.1
1678.0,24.01,45.75,1012.26,323.2
1679.0,23.93,45.44,1012.57,322.9
1680.0,24.01,44.27,1012.67,315.9
1681.0,24.04,44.33,1012.19,324.0
1682.0,24.14,45.11,1012.35,317.7
1683.0,23.97,44.95,1012.68,318.2
1684.0,24.11,45.35,1012.36,322.4
1685.0,24.14,44.35,1012.04,316.7
1686.0,24.3,44.15,1012.37,324.1
1687.0,24.15,44.58,1012.32,316.7
1688.0,24.3,43.94,1012.41,319.2
1689.0,24.21,43.55,1012.53,319.6
1690.0,24.37,43.75,1012.39,323.3
1691.0,24.29,44.35,1012.34,321.0
1692.0,24.37,43.46,1012.3,320.8
1693.0,24.28,43.49,1012.46,320.4
1694.0,24.36,43.37,1012.31,318.6
1695.0,24.54,42.98,1012.42,317.2
1696.0,24.4,43.45,1012.15,323.3
1697.0,24.35,43.74,1012.05,321.4
1698.0,24.5,42.48,1012.26,319.9
1699.0,24.56,42.82,1012.54,324.9
1700.0,24.65,43.56,1012.39,316.8
1701.0,24.61,42.25,1012.75,319.8
1702.0,24.63,43.28,1012.27,320.6
1703.0,24.7,42.97,1012.5,325.5
1704.0,24.62,42.76,1012.5,317.9
1705.0,24.69,43.04,1012.33,323.8
1706.0,24.75,42.06,1012.43,321.3
1707.0,24.81,42.07,1012.37,319.8
1708.0,24.91,41.88,1012.26,317.7
1709.0,24.85,41.97,1012.27,320.3
1710.0,24.56,43.62,1012.67,320.9
1711.0,24.7,41.8,1012.24,323.2
1712.0,24.85,41.92,1012.22,321.7
1713.0,24.86,41.21,1012.46,321.3
1714.0,24.78,42.69,1012.15,317.4
1715.0,24.83,42.04,1012.54,324.0
1716.0,24.84,41.91,1012.49,314.9
1717.0,24.88,42.49,1012.59,319.8
1718.0,24.87,41.81,1012.38,325.4
1719.0,24.76,42.6,1012.17,322.2
1720.0,24.93,41.77,1012.02,320.0
1721.0,24.85,41.23,1012.42,314.2
1722.0,24.85,41.69,1012.38,315.4
1723.0,24.88,42.1,1012.5,318.8
1724.0,24.93,41.62,1012.45,319.3
1725.0,24.89,41.64,1012.31,319.3
1726.0,24.8,42.13,1012.32,325.0
1727.0,24.81,41.33,1012.37,314.6
1728.0,24.82,41.93,1012.57,320.9
1729.0,24.87,41.7,1012.48,317.4
1730.0,24.92,41.99,1012.32,322.3
1731.0,24.97,42.21,1012.16,325.0
1732.0,24.83,41.84,1012.39,321.7
1733.0,24.86,42.53,1012.6,320.0
1734.0,24.83,42.55,1012.2,322.0
1735.0,24.88,42.65,1012.17,321.2
1736.0,24.96,42.29,1012.35,319.9
1737.0,24.88,42.29,1012.34,329.7
1738.0,24.89,42.55,1012.46,317.3
1739.0,24.6,42.28,1012.44,320.1
1740.0,24.7,41.32,1012.48,323.6
1741.0,24.83,42.62,1012.52,320.0
1742.0,24.78,43.06,1012.53,322.0
1743.0,24.59,42.51,1012.63,318.7
1744.0,24.7,42.58,1012.73,322.5
1745.0,24.72,42.26,1012.52,320.6
1746.0,24.74,43.1,1012.37,317.5
1747.0,24.77,42.19,1012.65,314.1
1748.0,24.62,42.29,1012.31,320.4
1749.0,24.68,43.52,1012.34,321.0
1750.0,24.6,42.76,1012.42,319.3
1751.0,24.74,43.09,1012.41,319.1
1752.0,24.63,43.03,1012.4,323.1
1753.0,24.57,42.79,1012.44,320.8
1754.0,24.6,43.62,1012.31,316.2
1755.0,24.54,43.24,1012.41,320.6
1756.0,24.4,43.86,1012.46,315.9
1757.0,24.27,43.16,1012.56,315.9
1758.0,24.46,43.55,1012.28,320.0
1759.0,24.32,43.28,1012.33,317.6
1760.0,24.23,43.27,1012.46,321.1
1761.0,24.29,44.15,1012.38,320.2
1762.0,24.39,44.45,1012.29,321.0
1763.0,24.25,43.88,1012.17,322.1
1764.0,24.26,44.23,1012.09,320.6
1765.0,24.09,43.75,1012.31,324.1
1766.0,24.08,44.61,1012.36,324.6
1767.0,24.08,45.16,1012.33,317.6
1768.0,24.13,44.82,1012.41,322.8
1769.0,24.02,44.83,1012.27,319.8
1770.0,23.97,45.3,1012.48,321.8
1771.0,23.93,45.49,1012.39,318.2
1772.0,23.88,45.4,1012.36,321.7
1773.0,23.69,45.96,1012.36,323.1
1774.0,23.91,45.77,1012.5,317.1
1775.0,23.86,45.73,1012.15,318.7
1776.0,23.86,46.03,1012.53,319.3
1777.0,23.83,46.18,1012.42,320.6
1778.0,23.66,46.5,1012.42,321.6
1779.0,23.74,45.94,1012.62,321.4
1780.0,23.69,45.82,1012.37,322.1
1781.0,23.64,45.69,1012.49,316.8
1782.0,23.5,46.47,1012.54,326.2
1783.0,23.62,46.1,1012.45,320.4
1784.0,23.57,46.69,1012.37,316.7
1785.0,23.5,46.28,1012.52,320.8
1786.0,23.45,45.99,1012.41,317.6
1787.0,23.52,47.0,1012.48,323.0
1788.0,23.5,47.0,1012.36,324.5
1789.0,23.33,47.61,1013.03,317.4
1790.0,23.55,47.1,1012.56,317.9
1791.0,23.47,47.3,1012.47,318.1
1792.0,23.36,46.55,1012.3,322.7
1793.0,23.24,46.94,1012.34,321.6
1794.0,23.37,47.26,1012.19,320.2
1795.0,23.26,48.26,1012.36,315.9
1796.0,23.4,47.44,1012.42,319.6
1797.0,23.27,47.45,1012.58,318.6
1798.0,23.23,47.07,1012.4,323.9
1799.0,23.32,47.3,1012.39,319.4
1800.0,23.18,47.53,1012.43,315.2
1801.0,23.21,48.44,1012.32,321.7
1802.0,23.19,47.8,1012.49,321.9
1803.0,23.12,48.09,1012.41,317.2
1804.0,23.26,47.93,1012.31,321.0
1805.0,23.23,48.44,1012.61,320.3
1806.0,23.08,47.44,1012.53,318.5
1807.0,23.24,47.59,1012.64,316.3
1808.0,23.24,48.55,1012.39,318.2
1809.0,23.06,48.38,1012.24,322.2
1810.0,23.14,47.97,1012.49,318.6
1811.0,23.15,48.94,1012.33,316.5
1812.0,23.22,47.83,1012.46,322.1
1813.0,23.16,48.57,1012.37,316.1
1814.0,23.15,47.91,1012.68,323.8
1815.0,23.07,48.23,1012.41,322.2
1816.0,23.12,47.32,1012.31,316.6
1817.0,23.13,47.86,1012.26,316.1
1818.0,23.16,48.61,1012.39,317.8
1819.0,23.08,48.12,1012.17,316.8
1820.0,23.34,47.97,1012.32,318.4
1821.0,23.13,48.52,1012.24,317.0
1822.0,22.99,47.47,1012.49,317.6
1823.0,23.08,48.3,1012.41,316.6
1824.0,23.15,48.22,1012.52,316.7
1825.0,23.25,47.89,1012.61,324.1
1826.0,23.07,47.89,1012.21,314.6
1827.0,23.1,48.03,1012.38,317.4
1828.0,23.07,47.8,1012.43,322.5
1829.0,23.32,47.64,1012.46,321.9
1830.0,23.15,47.34,1012.64,320.4
1831.0,23.19,47.23,1012.36,319.7
1832.0,23.17,48.94,1012.18,319.6
1833.0,23.36,47.87,1012.26,315.8
1834.0,23.32,47.95,1012.47,320.8
1835.0,23.4,47.89,1012.22,320.8
1836.0,23.46,47.87,1012.21,316.8
1837.0,23.28,46.79,1012.42,320.8
1838.0,23.39,47.42,1012.49,320.4
1839.0,23.41,46.8,1012.4,315.9
1840.0,23.38,47.0,1012.62,322.7
1841.0,23.28,46.85,1012.28,320.8
1842.0,23.61,46.64,1012.01,322.2
1843.0,23.36,47.01,1012.51,324.1
1844.0,23.44,47.29,1012.28,323.0
1845.0,23.53,46.45,1012.36,317.9
1846.0,23.67,45.9,1012.53,320.3
1847.0,23.52,46.68,1012.49,321.4
1848.0,23.62,46.6,1012.35,318.2
1849.0,23.74,46.08,1012.46,318.8
1850.0,23.71,45.61,1012.64,321.8
1851.0,23.72,46.06,1012.39,323.9
1852.0,23.66,46.84,1012.48,319.6
1853.0,23.91,45.58,1012.34,327.7
1854.0,23.73,45.12,1012.4,323.1
1855.0,23.86,44.75,1012.24,320.5
1856.0,23.83,44.66,1012.31,317.7
1857.0,24.02,44.82,1012.37,317.3
1858.0,24.02,45.48,1012.57,321.3
1859.0,23.93,45.55,1012.57,323.3
1860.0,23.86,45.18,1012.03,315.9
1861.0,24.09,44.22,1012.43,319.5
1862.0,24.17,44.22,1012.39,328.3
1863.0,24.14,44.34,1012.56,326.2
1864.0,23.99,44.63,1012.67,312.8
1865.0,24.16,44.03,1012.28,326.2
1866.0,24.15,44.01,1012.26,320.4
1867.0,24.37,44.9,1012.16,316.1
1868.0,24.27,44.45,1012.26,314.6
1869.0,24.25,44.19,1012.22,316.3
1870.0,24.39,44.41,1012.4,320.7
1871.0,24.34,42.74,1012.33,320.3
1872.0,24.28,43.75,1012.35,323.5
1873.0,24.4,43.66,1012.37,319.3
1874.0,24.47,42.88,1012.63,317.6
1875.0,24.5,44.52,1012.32,324.2
1876.0,24.59,42.97,1012.59,319.1
1877.0,24.55,43.02,1012.55,321.4
1878.0,24.54,43.17,1012.7,316.2
1879.0,24.63,43.27,1012.47,318.3
1880.0,24.49,42.95,1012.57,316.8
1881.0,24.57,42.81,1012.45,325.0
1882.0,24.62,43.24,1012.49,318.4
1883.0,24.52,42.26,1012.47,322.1
1884.0,24.73,43.13,1012.43,318.5
1885.0,24.53,41.69,1012.64,320.3
1886.0,24.68,42.64,1012.31,317.4
1887.0,24.8,42.76,1012.47,320.2
1888.0,24.8,41.95,1012.38,314.6
1889.0,24.87,41.59,1012.48,313.0
1890.0,24.8,41.4,1012.72,322.1
1891.0,25.02,41.49,1012.49,319.6
1892.0,24.82,42.08,1012.71,320.2
1893.0,25.03,42.01,1012.72,318.7
1894.0,24.72,42.02,1012.33,318.3
1895.0,24.92,42.0,1012.34,322.8
1896.0,24.82,41.52,1012.34,320.8
1897.0,24.82,41.26,1012.22,317.6
1898.0,24.88,41.78,1012.64,321.5
1899.0,24.96,42.03,1012.28,321.8
1900.0,24.88,41.78,1012.44,324.2
1901.0,24.79,41.37,1012.35,315.9
1902.0,24.91,41.68,1012.14,317.0
1903.0,24.84,41.87,1012.62,320.4
1904.0,24.88,40.76,1012.37,316.5
1905.0,25.06,41.9,1012.39,313.6
1906.0,25.02,41.86,1012.41,319.9
1907.0,24.9,41.62,1012.36,324.5
1908.0,24.97,41.57,1012.53,317.8
1909.0,24.98,41.16,1012.19,317.3
1910.0,24.97,41.86,1012.5,317.0
1911.0,24.94,41.98,1012.36,314.2
1912.0,24.93,41.62,1012.34,319.4
1913.0,24.99,42.09,1012.48,316.5
1914.0,24.79,42.0,1012.32,317.5
1915.0,24.84,41.14,1012.38,321.9
1916.0,24.96,42.1,1012.54,321.0
1917.0,24.78,41.87,1012.51,313.3
1918.0,24.74,41.97,1012.4,321.8
1919.0,24.94,41.77,1012.56,317.7
1920.0,24.79,42.8,1012.36,325.6
1921.0,24.84,42.0,1012.44,326.7
1922.0,24.65,42.7,1012.34,323.0
1923.0,24.65,42.43,1012.22,323.5
1924.0,24.65,42.19,1012.42,318.0
1925.0,24.66,42.34,1012.7,319.0
1926.0,24.56,43.33,1012.32,322.1
1927.0,24.65,43.23,1012.3,316.1
1928.0,24.59,43.17,1012.55,317.6
1929.0,24.61,43.21,1012.56,316.1
1930.0,24.44,42.97,1012.37,322.7
1931.0,24.62,42.26,1012.72,321.4
1932.0,24.51,43.18,1012.22,322.9
1933.0,24.69,43.61,1012.4,323.9
1934.0,24.51,43.15,1012.61,324.4
1935.0,24.59,43.33,1012.6,316.5
1936.0,24.43,42.48,1012.11,321.4
1937.0,24.29,43.91,1012.39,318.2
1938.0,24.4,43.61,1012.55,320.7
1939.0,24.33,44.26,1012.36,324.2
1940.0,24.24,43.89,1012.59,317.6
1941.0,24.26,43.89,1012.35,317.2
1942.0,24.31,44.27,1012.61,321.1
1943.0,24.14,44.46,1012.46,319.6
1944.0,24.17,43.64,1012.34,315.7
1945.0,24.27,44.44,1012.45,322.7
1946.0,24.13,44.27,1012.41,323.3
1947.0,24.18,44.44,1012.51,320.4
1948.0,24.07,44.94,1012.44,324.7
1949.0,24.15,44.82,1012.55,321.0
1950.0,24.07,45.49,1012.32,316.7
1951.0,24.05,44.18,1012.48,316.6
1952.0,24.02,45.99,1012.41,317.3
1953.0,23.92,45.09,1012.32,318.8
1954.0,23.86,45.92,1012.51,326.3
1955.0,23.75,46.11,1012.34,318.0
1956.0,23.73,46.32,1012.44,321.6
1957.0,23.84,46.23,1012.36,314.9
1958.0,23.79,45.5,1012.44,323.2
1959.0,23.8,46.45,1012.26,317.7
1960.0,23.66,45.87,1012.33,319.3
1961.0,23.72,46.07,1012.32,316.4
1962.0,23.68,45.92,1012.36,320.2
1963.0,23.55,46.32,1012.14,315.2
1964.0,23.5,46.83,1012.39,323.4
1965.0,23.6,46.94,1012.13,317.1
1966.0,23.4,46.52,1012.55,321.5
1967.0,23.38,47.24,1012.44,320.5
1968.0,23.38,47.31,1012.44,322.5
1969.0,23.32,47.75,1012.49,321.0
1970.0,23.31,46.36,1012.51,317.5
1971.0,23.39,47.3,1012.42,326.8
1972.0,23.45,46.65,1012.47,315.5
1973.0,23.47,47.24,1012.4,323.1
1974.0,23.38,46.71,1012.73,320.7
1975.0,23.37,48.18,1012.43,321.7
1976.0,23.34,47.87,1012.55,321.8
1977.0,23.26,47.46,1012.39,319.5
1978.0,23.36,47.59,1012.43,320.6
1979.0,23.25,47.56,1012.33,319.2
1980.0,23.2,47.99,1012.46,320.7
1981.0,23.24,47.9,1012.29,324.1
1982.0,23.28,47.81,1012.63,321.1
1983.0,23.21,48.0,1012.16,314.3
1984.0,23.17,48.38,1012.37,319.8
1985.0,23.29,47.62,1012.45,317.1
1986.0,23.09,48.46,1012.58,324.7
1987.0,23.17,48.54,1012.34,319.1
1988.0,23.11,47.95,1012.46,316.8
1989.0,23.21,48.09,1012.27,321.9
1990.0,23.27,47.25,1012.36,320.8
1991.0,23.15,47.77,1012.43,319.7
1992.0,22.97,48.44,1012.54,318.9
1993.0,23.04,48.22,1012.48,318.5
1994.0,23.14,47.35,1012.27,315.3
1995.0,23.26,48.82,1012.26,321.6
1996.0,22.94,48.15,1012.29,316.6
1997.0,23.16,47.85,1012.37,320.9
1998.0,23.08,47.56,1012.64,321.3
1999.0,23.11,48.49,1012.54,325.5
2000.0,23.09,48.26,1012.35,320.7
2001.0,23.18,47.87,1012.34,320.1
2002.0,23.04,47.76,1012.2,320.6
2003.0,23.05,47.71,1012.55,321.0
2004.0,23.1,47.85,1012.61,321.1
2005.0,23.18,48.26,1012.34,320.3
2006.0,23.08,48.08,1012.44,321.8
2007.0,23.08,47.44,1012.28,323.7
2008.0,23.0,48.22,1012.21,326.5
2009.0,23.06,47.52,1012.21,318.8
2010.0,23.13,47.88,1012.4,315.1
2011.0,23.24,47.24,1012.66,321.0
2012.0,23.22,47.93,1012.31,320.3
2013.0,23.34,48.47,1012.51,322.7
2014.0,23.41,47.76,1012.22,322.5
2015.0,23.24,46.71,1012.28,317.1
2016.0,23.3,47.48,1012.51,320.2
2017.0,23.36,46.35,1012.5,319.8
2018.0,23.36,47.06,1012.3,323.3
2019.0,23.42,46.92,1012.5,322.6
2020.0,23.39,46.74,1012.59,324.0
2021.0,23.64,46.94,1012.55,323.0
2022.0,23.34,46.65,1012.32,316.1
2023.0,23.58,46.2,1012.57,320.9
2024.0,23.5,46.41,1011.93,324.1
2025.0,23.58,46.78,1012.39,320.9
2026.0,23.54,45.77,1012.27,316.4
2027.0,23.61,46.43,1012.58,318.8
2028.0,23.62,46.38,1012.19,316.7
2029.0,23.85,46.11,1012.67,319.9
2030.0,23.86,45.61,1012.22,318.0
2031.0,23.72,45.89,1012.31,314.5
2032.0,23.79,45.95,1012.22,318.2
2033.0,23.69,46.15,1012.49,317.0
2034.0,23.68,45.35,1012.49,315.5
2035.0,23.98,44.63,1012.46,323.1
2036.0,23.9,45.22,1012.29,321.4
2037.0,24.02,45.92,1012.43,321.5
2038.0,23.83,45.46,1012.35,319.4
2039.0,24.05,45.23,1012.39,320.3
2040.0,24.05,44.34,1012.4,324.7
2041.0,24.14,45.09,1012.29,322.8
2042.0,24.11,44.61,1012.58,319.1
2043.0,24.1,44.27,1012.47,317.1
2044.0,24.21,44.33,1012.33,321.3
2045.0,24.05,44.47,1012.17,313.7
2046.0,24.16,44.26,1012.44,323.0
2047.0,24.28,43.9,1012.56,319.1
2048.0,24.23,44.72,1012.48,325.7
2049.0,24.22,43.52,1012.4,320.0
2050.0,24.4,44.79,1012.2,324.5
2051.0,24.23,43.6,1012.36,320.7
2052.0,24.49,43.34,1012.1,316.6
2053.0,24.46,43.5,1012.4,317.1
2054.0,24.52,43.35,1012.16,321.1
2055.0,24.5,43.84,1012.57,317.1
2056.0,24.5,43.61,1012.76,324.6
2057.0,24.44,43.27,1012.5,319.9
2058.0,24.5,43.05,1012.42,319.7
2059.0,24.48,42.76,1012.54,317.4
2060.0,24.49,42.46,1012.39,327.2
2061.0,24.71,43.36,1012.27,320.7
2062.0,24.67,42.97,1012.19,319.2
2063.0,24.67,43.52,1012.35,325.1
2064.0,24.65,42.47,1012.47,316.5
2065.0,24.66,43.02,1012.32,320.8
2066.0,24.67,41.99,1012.41,319.5
2067.0,24.74,42.79,1012.44,318.7
2068.0,24.63,42.86,1012.19,318.4
2069.0,24.82,41.9,1012.34,319.2
2070.0,24.68,42.33,1012.15,321.3
2071.0,24.78,41.9,1012.35,325.9
2072.0,24.78,41.46,1012.41,322.7
2073.0,24.99,42.03,1012.38,320.8
2074.0,24.73,42.06,1012.24,316.6
2075.0,24.82,41.75,1012.23,324.2
2076.0,24.8,42.29,1012.35,315.8
2077.0,24.89,42.1,1012.43,319.1
2078.0,24.92,41.69,1012.52,316.6
2079.0,24.98,41.4,1012.7,315.4
2080.0,24.86,41.66,1012.63,313.8
2081.0,24.91,42.02,1012.23,325.1
2082.0,24.95,42.02,1012.21,319.6
2083.0,24.77,41.66,1012.47,316.9
2084.0,24.89,40.99,1012.45,319.0
2085.0,24.89,42.34,1012.4,326.1
2086.0,24.9,41.21,1012.21,322.0
2087.0,24.88,41.79,1012.44,320.1
2088.0,24.9,41.21,1012.29,320.3
2089.0,24.89,41.72,1012.17,316.7
2090.0,24.82,41.48,1012.2,318.3
2091.0,24.81,42.05,1012.48,318.1
2092.0,24.84,41.45,1012.46,319.8
2093.0,24.81,42.5,1012.34,319.4
2094.0,24.89,41.75,1012.4,320.7
2095.0,24.73,42.07,1012.27,322.1
2096.0,24.72,42.04,1012.64,322.4
2097.0,24.85,42.52,1012.51,325.1
2098.0,24.79,42.51,1012.48,322.3
2099.0,24.81,41.87,1012.29,314.7
2100.0,24.85,41.89,1012.34,318.3
2101.0,24.71,41.96,1012.0,318.9
2102.0,24.79,42.19,1012.4,323.8
2103.0,24.72,43.11,1012.5,321.4
2104.0,24.75,41.67,1012.33,322.6
2105.0,24.74,42.59,1012.41,316.4
2106.0,24.61,42.15,1012.55,321.4
2107.0,24.74,42.8,1012.51,316.0
2108.0,24.57,42.54,1012.62,314.1
2109.0,24.71,42.33,1012.2,319.5
2110.0,24.77,42.74,1012.45,319.1
2111.0,24.57,43.01,1012.62,323.8
2112.0,24.55,43.14,1012.23,314.6
2113.0,24.52,42.87,1012.39,323.0
2114.0,24.47,43.4,1012.59,317.3
2115.0,24.33,43.37,1012.53,320.4
2116.0,24.42,43.78,1012.24,318.2
2117.0,24.31,43.42,1012.48,318.3
2118.0,24.49,43.91,1012.4,324.2
2119.0,24.51,43.79,1012.37,316.3
2120.0,24.3,44.19,1012.26,322.9
2121.0,24.38,43.95,1012.65,321.2
2122.0,24.17,43.97,1012.5,319.6
2123.0,24.27,44.42,1012.4,317.5
2124.0,24.14,44.34,1012.35,315.0
2125.0,24.08,44.54,1012.24,320.5
2126.0,24.23,44.54,1012.4,320.0
2127.0,24.06,44.54,1012.27,320.9
2128.0,24.11,45.16,1012.3,323.7
2129.0,24.03,44.34,1012.31,319.1
2130.0,24.0,45.02,1012.28,315.7
2131.0,23.96,45.12,1012.31,323.6
2132.0,23.87,44.81,1012.53,321.6
2133.0,23.95,44.79,1012.3,321.2
2134.0,23.85,45.74,1012.54,315.0
2135.0,23.69,45.46,1012.33,319.8
2136.0,23.96,45.88,1012.47,314.1
2137.0,23.9,45.17,1012.38,321.0
2138.0,23.63,46.2,1012.49,317.0
2139.0,23.69,45.66,1012.13,318.2
2140.0,23.69,45.6,1012.53,318.8
2141.0,23.58,46.02,1012.5,317.3
2142.0,23.53,46.42,1012.49,319.8
2143.0,23.7,46.89,1012.44,318.1
2144.0,23.5,46.7,1012.46,322.5
2145.0,23.58,46.49,1012.11,319.1
2146.0,23.66,46.51,1012.47,318.7
2147.0,23.53,47.36,1012.3,319.4
2148.0,23.53,47.27,1012.44,319.5
2149.0,23.5,46.42,1012.49,320.6
2150.0,23.45,47.12,1012.58,316.9
2151.0,23.51,47.47,1012.33,325.5
2152.0,23.37,46.86,1012.42,320.5
2153.0,23.45,47.35,1012.25,317.2
2154.0,23.21,46.75,1012.41,314.8
2155.0,23.39,47.57,1012.1,316.8
2156.0,23.26,47.9,1012.57,319.8
2157.0,23.43,47.72,1012.51,322.1
2158.0,23.28,47.61,1012.56,317.5
2159.0,23.19,46.98,1012.57,316.5
2160.0,23.23,48.37,1012.34,321.2
2161.0,23.36,47.8,1012.48,316.3
2162.0,23.26,48.49,1012.36,318.0
2163.0,23.14,48.24,1012.4,322.2
2164.0,23.18,47.36,1012.39,319.7
2165.0,23.16,48.37,1012.2,316.8
2166.0,23.01,48.37,1012.48,317.0
2167.0,23.24,47.71,1012.28,322.5
2168.0,23.27,47.76,1012.51,318.4
2169.0,23.05,48.41,1012.37,318.3
2170.0,23.16,48.23,1012.55,324.6
2171.0,23.24,48.35,1012.35,323.9
2172.0,23.15,48.51,1012.26,321.3
2173.0,23.2,48.2,1012.27,322.9
2174.0,22.88,48.33,1012.68,320.5
2175.0,23.02,48.24,1012.58,318.7
2176.0,23.13,47.66,1012.22,319.0
2177.0,23.2,48.2,1012.3,317.2
2178.0,23.06,48.19,1012.49,321.1
2179.0,23.03,48.31,1012.42,321.3
2180.0,23.07,48.54,1012.61,320.5
2181.0,23.17,47.91,1012.52,321.1
2182.0,23.13,48.37,1012.33,319.3
2183.0,22.97,47.7,1012.47,316.4
2184.0,23.11,48.51,1012.58,323.4
2185.0,23.13,48.92,1012.57,318.4
2186.0,23.08,47.83,1012.0,323.0
2187.0,23.12,47.92,1012.21,321.8
2188.0,23.19,48.39,1012.42,321.8
2189.0,23.15,48.52,1012.56,317.0
2190.0,23.16,47.58,1012.22,318.3
2191.0,23.08,47.91,1012.09,324.8
2192.0,23.29,47.73,1012.32,321.5
2193.0,23.32,47.8,1012.39,324.0
2194.0,23.34,47.28,1012.69,320.9
2195.0,23.35,47.25,1012.34,317.8
2196.0,23.19,48.06,1012.44,319.2
2197.0,23.38,47.36,1012.59,319.8
2198.0,23.32,47.45,1012.45,315.3
2199.0,23.48,47.11,1012.29,318.2
2200.0,23.33,47.33,1012.43,321.7
2201.0,23.49,47.1,1012.14,321.7
2202.0,23.39,46.95,1012.33,316.7
2203.0,23.53,46.74,1012.51,314.8
2204.0,23.35,46.95,1012.74,321.3
2205.0,23.65,46.79,1012.04,322.8
2206.0,23.58,45.97,1012.21,313.0
2207.0,23.61,46.59,1012.44,319.5
2208.0,23.73,46.82,1011.89,325.6
2209.0,23.78,46.56,1012.4,322.5
2210.0,23.74,46.54,1012.38,328.2
2211.0,23.77,45.58,1012.5,318.2
2212.0,23.84,46.02,1012.24,319.5
2213.0,23.72,46.22,1012.31,325.8
2214.0,23.78,46.01,1012.48,317.8
2215.0,23.96,44.69,1012.42,319.3
2216.0,23.93,45.88,1012.4,316.4
2217.0,23.91,46.0,1012.47,317.2
2218.0,23.95,44.94,1012.44,325.2
2219.0,24.0,45.18,1012.06,321.5
2220.0,23.92,45.65,1012.56,322.4
2221.0,24.01,45.24,1012.52,317.6
2222.0,24.08,45.1,1012.32,320.6
2223.0,23.99,45.14,1012.45,323.6
2224.0,24.15,44.93,1012.54,319.6
2225.0,24.16,44.36,1012.28,321.1
2226.0,24.05,44.52,1012.42,324.4
2227.0,24.29,44.59,1012.61,311.7
2228.0,24.33,44.39,1012.47,318.7
2229.0,24.25,44.07,1012.58,321.8
2230.0,24.31,43.83,1012.52,321.7
2231.0,24.36,43.44,1012.51,320.8
2232.0,24.43,43.43,1012.48,318.8
2233.0,24.23,43.47,1012.47,319.1
2234.0,24.4,43.56,1012.49,318.8
2235.0,24.48,43.67,1012.35,319.3
2236.0,24.48,43.54,1012.43,320.0
2237.0,24.39,43.19,1012.13,315.8
2238.0,24.52,42.65,1012.49,321.9
2239.0,24.52,43.53,1012.52,319.6
2240.0,24.68,42.7,1012.29,322.7
2241.0,24.64,43.07,1012.84,322.7
2242.0,24.8,42.88,1012.43,317.7
2243.0,24.57,42.86,1012.34,323.6
2244.0,24.7,42.51,1012.39,322.2
2245.0,24.61,42.57,1012.49,324.2
2246.0,24.67,42.76,1012.39,318.4
2247.0,24.85,42.35,1012.16,318.8
2248.0,24.7,42.68,1012.41,319.7
2249.0,24.74,42.52,1012.51,322.8
2250.0,24.7,41.93,1012.4,322.2
2251.0,24.78,42.36,1012.04,324.8
2252.0,24.88,41.81,1012.32,321.3
2253.0,24.97,42.72,1012.12,318.3
2254.0,24.88,41.8,1012.57,321.8
2255.0,24.96,41.7,1012.34,320.8
2256.0,24.84,41.7,1012.43,321.1
2257.0,24.95,41.74,1012.44,322.2
2258.0,24.9,41.78,1011.9,319.2
2259.0,24.89,41.64,1012.51,323.2
2260.0,24.75,42.41,1012.3,320.1
2261.0,24.84,42.18,1012.36,316.7
2262.0,24.86,42.05,1012.38,318.8
2263.0,24.82,41.38,1012.18,321.7
2264.0,24.84,41.29,1012.27,316.9
2265.0,24.93,41.52,1012.61,321.0
2266.0,24.8,41.24,1012.63,317.1
2267.0,24.88,41.47,1012.45,320.7
2268.0,25.0,41.86,1012.3,321.9
2269.0,24.85,41.4,1012.41,322.1
2270.0,24.84,41.53,1012.49,322.5
2271.0,24.96,42.85,1012.34,326.1
2272.0,24.88,41.49,1012.51,322.2
2273.0,24.77,41.28,1012.36,319.7
2274.0,24.9,41.63,1012.57,323.3
2275.0,24.81,42.27,1012.26,322.2
2276.0,24.8,41.62,1012.37,323.6
2277.0,24.79,42.14,1012.17,319.3
2278.0,24.71,42.06,1012.26,321.3
2279.0,24.82,42.23,1012.49,323.2
2280.0,24.92,41.23,1012.4,317.8
2281.0,24.72,42.67,1012.61,320.9
2282.0,24.83,41.96,1012.43,322.2
2283.0,24.7,42.57,1012.37,321.0
2284.0,24.81,42.69,1012.32,320.9
2285.0,24.67,43.25,1012.49,322.3
2286.0,24.66,43.06,1012.54,321.9
2287.0,24.56,42.32,1012.5,318.6
2288.0,24.74,42.89,1012.59,321.9
2289.0,24.46,42.73,1012.29,321.4
2290.0,24.71,42.69,1012.39,318.7
2291.0,24.69,43.08,1012.45,322.8
2292.0,24.44,43.42,1012.42,325.0
2293.0,24.48,42.28,1012.14,319.6
2294.0,24.51,42.9,1012.27,319.4
2295.0,24.29,43.24,1012.56,316.0
2296.0,24.42,44.26,1012.69,313.0
2297.0,24.42,43.12,1012.52,320.6
2298.0,24.41,43.62,1012.28,311.5
2299.0,24.25,43.41,1012.36,322.6
2300.0,24.36,44.64,1012.14,321.3
2301.0,24.13,43.94,1012.43,322.7
2302.0,24.19,44.36,1012.48,322.0
2303.0,24.28,44.68,1012.33,319.2
2304.0,24.36,44.1,1012.43,317.9
2305.0,24.22,44.92,1012.57,316.9
2306.0,24.2,45.14,1012.46,321.1
2307.0,23.98,44.65,1012.73,321.4
2308.0,24.26,45.64,1012.24,322.4
2309.0,24.04,45.25,1012.65,320.8
2310.0,23.94,44.51,1012.6,319.9
2311.0,23.91,45.77,1012.19,317.3
2312.0,24.0,46.05,1012.02,320.3
2313.0,23.81,45.3,1012.31,319.2
2314.0,23.81,45.07,1012.2,324.0
2315.0,23.85,44.83,1012.15,316.8
2316.0,23.74,45.08,1012.5,324.3
2317.0,23.81,46.32,1012.12,323.2
2318.0,23.84,45.31,1012.64,322.5
2319.0,23.7,45.87,1012.32,318.2
2320.0,23.69,45.59,1012.3,318.8
2321.0,23.66,46.57,1012.68,319.9
2322.0,23.59,45.9,1012.18,321.3
2323.0,23.56,45.61,1012.31,316.3
2324.0,23.51,46.48,1012.52,315.7
2325.0,23.59,46.66,1012.19,322.0
2326.0,23.63,46.24,1012.33,320.8
2327.0,23.47,46.41,1012.25,316.5
2328.0,23.46,46.99,1012.12,325.1
2329.0,23.52,46.64,1012.34,323.7
2330.0,23.5,47.23,1012.68,320.8
2331.0,23.45,47.15,1012.48,319.2
2332.0,23.41,46.96,1012.4,318.3
2333.0,23.35,47.11,1012.6,323.5
2334.0,23.44,47.74,1012.14,321.1
2335.0,23.36,48.19,1012.52,322.2
2336.0,23.25,47.22,1012.33,315.1
2337.0,23.4,47.2,1012.43,319.0
2338.0,23.26,48.21,1012.29,317.7
2339.0,23.18,47.36,1012.5,327.1
2340.0,23.08,48.43,1012.75,323.6
2341.0,23.32,48.7,1012.35,321.2
2342.0,23.09,48.08,1012.4,322.3
2343.0,23.28,48.44,1012.43,315.1
2344.0,23.06,48.05,1012.54,319.4
2345.0,23.24,48.07,1012.2,321.4
2346.0,23.17,48.06,1012.44,319.2
2347.0,23.19,47.61,1012.26,319.6
2348.0,23.23,48.3,1012.31,316.9
2349.0,23.15,48.87,1012.51,321.5
2350.0,23.05,48.03,1012.36,321.9
2351.0,22.97,48.5,1012.42,318.9
2352.0,23.15,48.5,1012.49,319.7
2353.0,23.15,48.15,1012.59,322.3
2354.0,23.07,48.29,1012.19,320.0
2355.0,23.1,48.9,1012.61,318.4
2356.0,23.06,48.89,1012.52,323.4
2357.0,23.11,48.65,1012.16,320.3
2358.0,23.14,48.77,1012.48,314.2
2359.0,23.05,48.19,1012.34,316.5
2360.0,23.09,47.9,1012.51,317.9
2361.0,23.07,48.68,1012.14,322.3
2362.0,23.1,48.39,1012.26,312.4
2363.0,23.14,48.16,1012.39,321.4
2364.0,23.09,47.85,1012.5,319.7
2365.0,23.28,48.4,1012.63,322.8
2366.0,23.18,48.27,1012.32,322.8
2367.0,23.15,48.08,1012.7,321.7
2368.0,23.09,47.63,1012.39,322.1
2369.0,23.04,47.87,1012.32,313.2
2370.0,23.32,47.86,1012.34,315.1
2371.0,23.23,47.56,1012.12,323.7
2372.0,23.1,47.88,1012.43,318.8
2373.0,23.32,47.18,1012.51,322.3
2374.0,23.26,48.43,1012.27,318.7
2375.0,23.39,47.66,1012.58,323.5
2376.0,23.3,46.94,1012.38,322.9
2377.0,23.11,47.73,1012.56,317.7
2378.0,23.44,47.24,1012.16,319.6
2379.0,23.42,47.18,1012.39,321.9
2380.0,23.45,47.54,1012.14,318.6
2381.0,23.46,45.85,1012.24,316.1
2382.0,23.39,46.3,1012.17,319.8
2383.0,23.5,46.92,1012.53,322.8
2384.0,23.62,46.45,1012.25,317.3
2385.0,23.72,46.3,1012.38,327.8
2386.0,23.69,45.97,1012.52,321.7
2387.0,23.61,46.34,1012.55,318.3
2388.0,23.54,46.76,1012.36,321.4
2389.0,23.62,46.63,1012.34,320.3
2390.0,23.76,46.3,1012.59,323.9
2391.0,23.69,46.33,1012.23,316.0
2392.0,23.82,45.81,1012.05,316.4
2393.0,23.72,45.61,1012.35,323.4
2394.0,23.81,45.25,1012.32,318.9
2395.0,23.97,45.81,1012.48,324.5
2396.0,23.76,45.99,1012.51,319.6
2397.0,23.95,44.73,1012.18,319.9
2398.0,23.95,46.02,1012.32,319.3
2399.0,23.92,45.14,1012.54,322.4
2400.0,23.99,45.93,1012.46,314.7
2401.0,24.04,45.24,1012.36,322.3
2402.0,24.01,44.51,1012.43,325.4
2403.0,24.04,44.73,1012.62,322.5
2404.0,23.8,45.23,1012.31,320.5
2405.0,23.89,45.42,1012.41,312.7
2406.0,23.98,45.33,1012.68,320.5
2407.0,23.95,45.28,1012.6,325.7
2408.0,23.88,45.35,1012.23,319.8
2409.0,24.12,45.05,1012.43,318.6
2410.0,24.03,45.35,1012.26,316.2
2411.0,23.84,44.8,1012.48,318.9
2412.0,23.92,44.51,1012.37,321.2
2413.0,23.96,44.83,1012.46,319.2
2414.0,24.08,45.13,1012.43,328.9
2415.0,24.06,44.68,1012.54,314.4
2416.0,24.1,44.31,1012.32,317.4
2417.0,24.06,45.58,1012.57,321.7
2418.0,23.95,45.9,1012.04,317.9
2419.0,24.0,45.11,1012.47,323.3
2420.0,24.11,45.74,1012.63,320.2
2421.0,24.01,45.24,1012.32,321.3
2422.0,23.98,44.18,1012.47,316.9
2423.0,23.96,44.93,1012.66,322.0
2424.0,23.9,44.95,1012.45,319.3
2425.0,23.89,44.98,1012.34,320.3
2426.0,24.04,45.18,1012.32,323.4
2427.0,24.05,43.95,1012.56,318.8
2428.0,23.99,44.54,1012.4,317.8
2429.0,24.02,44.75,1012.2,321.9
2430.0,24.19,44.69,1012.26,323.4
2431.0,24.09,44.59,1012.42,321.6
2432.0,24.05,44.47,1012.28,319.3
2433.0,23.86,45.24,1012.2,322.3
2434.0,23.97,45.09,1012.34,322.2
2435.0,24.01,45.18,1012.34,320.6
2436.0,23.99,45.02,1012.39,318.3
2437.0,24.04,44.94,1012.52,316.3
2438.0,23.98,45.42,1012.48,323.8
2439.0,24.1,45.04,1012.47,324.0
2440.0,23.89,44.82,1012.31,318.0
2441.0,23.95,45.37,1012.47,325.8
2442.0,23.98,45.0,1012.38,315.2
2443.0,23.97,45.11,1012.38,317.4
2444.0,24.01,45.31,1012.18,324.6
2445.0,24.09,44.96,1012.21,323.3
2446.0,23.97,45.39,1012.33,316.7
2447.0,23.8,45.01,1012.53,317.1
2448.0,24.0,44.97,1012.58,324.5
2449.0,24.01,44.82,1011.93,320.7
2450.0,24.0,44.76,1012.32,316.1
2451.0,24.05,44.54,1012.39,325.4
2452.0,24.0,44.66,1012.53,321.1
2453.0,24.15,45.03,1012.52,313.8
2454.0,23.99,44.41,1012.23,322.8
2455.0,24.06,44.55,1012.55,315.5
2456.0,24.05,44.7,1012.34,323.7
2457.0,24.1,45.44,1012.04,321.3
2458.0,24.05,44.35,1012.68,320.5
2459.0,24.01,44.81,1012.33,320.4
2460.0,24.02,45.61,1012.41,322.7
2461.0,23.79,45.05,1012.42,319.8
2462.0,23.99,44.44,1012.49,320.5
2463.0,24.11,45.51,1012.6,321.4
2464.0,23.98,45.15,1012.3,319.2
2465.0,24.03,44.54,1012.4,317.7
2466.0,23.93,45.2,1012.49,317.8
2467.0,23.86,45.04,1012.12,317.1
2468.0,23.85,44.82,1012.29,318.3
2469.0,24.11,44.99,1012.23,328.0
2470.0,24.01,45.53,1012.23,326.3
2471.0,23.91,44.8,1012.13,319.2
2472.0,23.94,45.82,1012.37,322.0
2473.0,23.96,45.22,1012.43,321.2
2474.0,23.94,44.78,1012.43,314.9
2475.0,24.08,45.28,1012.23,327.5
2476.0,23.94,46.07,1012.56,315.2
2477.0,24.02,45.58,1012.46,323.2
2478.0,24.03,45.3,1012.14,317.2
2479.0,23.81,44.57,1012.49,319.8
2480.0,24.04,44.68,1012.42,316.2
2481.0,23.94,44.73,1012.28,317.5
2482.0,24.08,45.0,1012.51,324.9
2483.0,24.12,44.72,1012.29,320.2
2484.0,23.99,45.09,1012.39,320.5
2485.0,24.0,45.17,1012.56,321.3
2486.0,23.94,44.61,1012.16,319.1
2487.0,24.0,45.13,1012.07,317.0
2488.0,24.02,44.45,1012.46,316.6
2489.0,23.98,44.7,1012.54,319.9
2490.0,24.1,45.3,1012.37,317.9
2491.0,24.06,45.13,1012.44,322.4
2492.0,23.88,45.29,1012.24,318.6
2493.0,23.89,45.59,1012.28,318.0
2494.0,24.03,45.12,1012.44,322.0
2495.0,24.03,44.67,1012.34,314.8
2496.0,23.99,44.89,1012.44,322.1
2497.0,24.05,44.83,1012.26,320.6
2498.0,23.89,44.61,1012.34,319.4
2499.0,23.91,45.01,1012.36,323.5
2500.0,24.12,46.16,1012.34,320.1
2501.0,24.0,45.15,1012.44,319.8
2502.0,23.95,44.33,1012.12,319.8
2503.0,24.09,43.98,1012.61,318.1
2504.0,24.02,45.06,1012.6,320.7
2505.0,24.0,45.07,1012.23,315.5
2506.0,24.06,44.68,1012.31,315.8
2507.0,23.99,44.64,1012.35,319.9
2508.0,24.13,45.32,1012.48,321.9
2509.0,23.97,45.57,1012.47,321.2
2510.0,23.86,45.39,1012.47,321.6
2511.0,23.93,45.39,1012.43,314.3
2512.0,24.02,45.36,1012.47,321.4
2513.0,24.09,44.61,1012.35,318.7
2514.0,24.08,45.03,1012.37,322.2
2515.0,24.07,44.5,1012.67,320.0
2516.0,24.0,44.71,1012.41,320.9
2517.0,24.04,44.97,1012.73,323.5
2518.0,24.06,44.49,1012.42,319.0
2519.0,23.83,44.95,1012.2,321.3
2520.0,23.98,44.8,1012.47,321.0
2521.0,23.99,45.54,1012.6,323.2
2522.0,24.03,44.35,1012.37,324.6
2523.0,24.11,45.64,1012.4,319.3
2524.0,23.9,44.8,1012.71,319.8
2525.0,24.02,44.63,1012.33,322.8
2526.0,23.8,44.53,1012.07,323.1
2527.0,23.96,45.39,1012.19,319.1
2528.0,24.01,44.7,1012.48,317.4
2529.0,23.97,44.92,1012.36,325.3
2530.0,24.06,45.46,1012.59,316.4
2531.0,23.97,44.9,1012.21,319.2
2532.0,24.02,45.01,1012.23,319.4
2533.0,24.02,45.01,1012.31,316.1
2534.0,24.07,44.55,1012.43,318.7
2535.0,23.87,45.62,1012.42,321.3
2536.0,24.09,44.83,1012.44,321.5
2537.0,23.92,45.01,1012.51,318.8
2538.0,24.05,45.05,1012.25,323.7
2539.0,23.99,45.49,1012.14,313.4
2540.0,24.08,45.62,1012.55,318.7
2541.0,23.93,44.67,1012.75,324.1
2542.0,24.05,45.16,1012.55,316.7
2543.0,24.03,45.29,1012.7,323.5
2544.0,23.97,45.45,1012.28,325.2
2545.0,24.06,45.07,1012.45,315.8
2546.0,23.85,45.65,1012.44,317.1
2547.0,24.04,45.13,1012.2,319.3
2548.0,23.96,45.08,1012.32,317.4
2549.0,23.89,45.94,1012.46,319.2
2550.0,24.07,45.26,1012.47,322.6
2551.0,23.88,45.25,1012.34,320.0
2552.0,24.04,45.26,1012.21,316.8
2553.0,24.05,45.05,1012.08,318.9
2554.0,23.87,44.36,1012.42,321.0
2555.0,23.92,45.12,1012.2,322.2
2556.0,23.85,44.93,1012.49,322.6
2557.0,23.99,44.98,1011.97,325.9
2558.0,23.99,44.76,1012.32,322.2
2559.0,23.94,44.68,1012.64,317.9
2560.0,24.02,45.1,1012.31,321.7
2561.0,23.95,45.02,1012.29,324.1
2562.0,24.11,45.21,1012.24,319.3
2563.0,24.04,44.86,1012.03,318.1
2564.0,24.11,45.27,1012.51,316.6
2565.0,24.09,45.43,1012.36,319.0
2566.0,24.05,45.06,1012.64,322.6
2567.0,23.99,45.16,1012.43,314.5
2568.0,24.0,44.75,1012.28,320.8
2569.0,23.95,44.65,1012.56,317.9
2570.0,24.05,44.6,1012.28,316.7
2571.0,24.05,45.33,1012.28,319.1
2572.0,24.06,44.14,1012.41,321.4
2573.0,23.99,45.22,1012.66,318.5
2574.0,23.93,44.5,1012.26,315.9
2575.0,24.1,44.7,1012.79,321.5
2576.0,23.93,44.75,1012.58,321.0
2577.0,24.1,45.6,1012.18,318.9
2578.0,23.97,44.95,1012.27,323.4
2579.0,23.93,44.91,1012.37,318.9
2580.0,24.07,44.44,1012.39,322.6
2581.0,24.03,45.1,1012.48,316.1
2582.0,24.15,44.49,1012.39,321.4
2583.0,24.05,45.03,1012.53,323.7
2584.0,24.0,44.64,1012.35,319.8
2585.0,23.95,44.88,1012.24,319.6
2586.0,24.11,45.44,1012.34,321.1
2587.0,24.01,46.43,1012.71,322.4
2588.0,24.07,45.61,1012.42,321.4
2589.0,23.96,44.79,1012.63,318.5
2590.0,24.1,45.31,1012.49,321.0
2591.0,24.07,44.69,1012.11,323.9
2592.0,23.95,44.72,1012.5,323.1
2593.0,24.17,44.35,1012.33,319.8
2594.0,24.02,44.73,1012.37,323.4
2595.0,23.97,44.8,1012.37,321.7
2596.0,24.08,44.94,1012.53,320.0
2597.0,24.06,44.72,1012.66,322.4
2598.0,23.96,44.21,1012.35,316.9
2599.0,24.0,44.82,1012.36,322.3
2600.0,23.94,45.4,1012.2,323.8
2601.0,24.0,45.42,1012.39,321.5
2602.0,24.05,45.32,1012.3,320.7
2603.0,23.95,45.06,1012.23,321.3
2604.0,24.13,44.74,1012.28,318.8
2605.0,23.92,45.05,1012.51,319.9
2606.0,23.88,44.79,1012.45,320.7
2607.0,23.93,45.3,1012.52,318.6
2608.0,24.02,45.0,1012.34,325.4
2609.0,23.95,45.27,1012.48,321.7
2610.0,23.95,45.09,1012.04,323.3
2611.0,24.05,45.25,1012.33,317.1
2612.0,24.11,44.39,1012.3,322.3
2613.0,24.03,44.81,1012.45,318.6
2614.0,23.99,44.56,1012.3,320.0
2615.0,24.01,45.28,1012.21,321.8
2616.0,24.1,44.53,1012.33,326.2
2617.0,24.14,45.0,1012.45,315.4
2618.0,24.12,44.43,1012.3,316.0
2619.0,24.09,44.71,1012.31,315.3
2620.0,24.1,44.99,1012.22,323.9
2621.0,23.85,45.33,1012.4,326.6
2622.0,24.12,44.78,1012.59,324.7
2623.0,24.05,45.06,1012.42,317.7
2624.0,24.05,45.18,1012.4,315.8
2625.0,23.97,44.92,1012.62,318.2
2626.0,24.01,45.11,1012.33,321.6
2627.0,23.96,44.76,1012.55,319.5
2628.0,23.99,45.55,1012.31,318.4
2629.0,24.1,44.75,1012.22,321.0
2630.0,24.04,45.02,1012.16,321.1
2631.0,24.04,44.58,1012.36,319.8
2632.0,23.99,44.42,1012.62,319.9
2633.0,23.94,45.44,1012.26,319.0
2634.0,24.06,45.06,1012.49,323.9
2635.0,24.02,45.01,1012.3,314.5
2636.0,24.0,45.07,1012.52,318.6
2637.0,24.04,44.56,1012.39,322.3
2638.0,24.07,44.52,1012.46,317.9
2639.0,24.05,45.56,1012.44,317.5
2640.0,24.02,45.78,1012.43,319.5
2641.0,23.96,45.25,1012.51,319.1
2642.0,24.12,45.66,1012.29,320.2
2643.0,23.99,44.43,1012.59,322.4
2644.0,23.89,44.98,1012.63,320.5
2645.0,24.01,45.46,1012.48,324.2
2646.0,23.96,44.79,1012.55,319.4
2647.0,23.98,45.47,1012.47,320.2
2648.0,24.01,44.58,1012.42,317.1
2649.0,24.0,45.46,1012.37,316.9
2650.0,23.89,44.44,1012.57,317.7
2651.0,23.99,45.27,1012.58,314.5
2652.0,23.97,45.38,1012.44,318.7
2653.0,24.21,44.75,1012.42,320.3
2654.0,24.13,45.23,1012.2,319.0
2655.0,24.01,44.67,1012.56,320.3
2656.0,24.16,45.68,1012.32,320.2
2657.0,23.97,44.96,1012.42,319.7
2658.0,23.97,45.1,1012.3,320.4
2659.0,23.98,44.83,1012.24,318.1
2660.0,23.98,44.9,1012.37,320.2
2661.0,24.02,44.84,1012.62,317.2
2662.0,24.01,45.33,1012.69,316.4
2663.0,23.96,45.13,1012.48,313.7
2664.0,24.01,45.04,1012.42,321.6
2665.0,23.97,44.52,1012.37,315.2
2666.0,23.99,45.42,1012.49,320.8
2667.0,24.05,45.05,1012.64,318.6
2668.0,24.01,44.35,1012.41,318.8
2669.0,23.95,44.45,1012.3,322.0
2670.0,24.22,45.83,1012.43,318.8
2671.0,23.95,44.54,1012.11,315.4
2672.0,24.11,44.89,1012.26,320.3
2673.0,23.98,45.08,1012.18,318.4
2674.0,24.05,44.56,1012.25,319.6
2675.0,24.01,44.8,1012.44,317.4
2676.0,23.77,44.47,1012.5,317.0
2677.0,24.0,45.42,1012.41,315.8
2678.0,24.02,44.66,1012.27,318.4
2679.0,24.14,45.29,1012.65,321.9
2680.0,24.12,45.51,1012.54,317.6
2681.0,23.97,45.07,1012.34,321.8
2682.0,23.94,45.21,1012.53,317.7
2683.0,24.03,44.93,1012.4,325.4
2684.0,24.2,44.89,1012.49,321.9
2685.0,24.08,44.76,1012.64,321.2
2686.0,24.05,45.19,1012.38,319.6
2687.0,23.91,45.18,1012.4,321.5
2688.0,23.98,45.59,1012.31,322.6
2689.0,24.04,44.97,1012.31,319.8
2690.0,24.1,44.86,1012.44,320.3
2691.0,24.03,45.27,1012.62,318.0
2692.0,24.01,44.36,1012.71,323.1
2693.0,23.92,45.5,1012.12,320.6
2694.0,24.0,44.64,1012.68,319.7
2695.0,23.89,45.79,1012.38,319.1
2696.0,23.83,45.51,1012.48,319.9
2697.0,24.1,45.68,1012.3,321.4
2698.0,23.94,45.26,1012.35,320.9
2699.0,23.97,44.66,1012.43,323.0
2700.0,23.92,45.2,1012.57,323.4
2701.0,24.04,45.35,1012.36,322.8
2702.0,24.0,44.62,1012.23,318.3
2703.0,24.07,45.21,1012.31,316.1
2704.0,23.97,45.61,1012.56,314.8
2705.0,23.92,45.62,1012.36,322.3
2706.0,23.95,44.67,1012.61,321.4
2707.0,23.95,45.14,1012.32,317.7
2708.0,24.13,44.85,1012.23,322.9
2709.0,23.96,44.9,1012.19,320.2
2710.0,23.94,44.97,1012.67,320.1
2711.0,24.13,45.55,1012.34,317.7
2712.0,24.08,45.24,1012.41,320.0
2713.0,23.97,44.68,1012.54,313.8
2714.0,24.01,44.28,1012.3,318.7
2715.0,23.82,44.99,1012.34,325.6
2716.0,24.07,45.33,1012.49,321.1
2717.0,23.91,44.92,1012.3,320.8
2718.0,23.94,45.01,1012.37,322.8
2719.0,24.07,44.45,1012.54,317.6
2720.0,23.93,44.65,1012.47,326.4
2721.0,24.09,44.84,1012.37,321.9
2722.0,23.95,45.15,1012.43,315.2
2723.0,24.02,44.82,1012.43,322.2
2724.0,24.04,44.82,1012.47,322.4
2725.0,24.02,45.06,1012.63,319.0
2726.0,24.03,44.68,1012.66,322.0
2727.0,23.92,44.58,1012.69,317.3
2728.0,23.95,45.25,1012.23,316.5
2729.0,23.98,44.87,1012.5,322.6
2730.0,24.02,45.38,1012.53,317.3
2731.0,24.04,45.08,1012.36,322.0
2732.0,23.92,45.12,1012.39,321.9
2733.0,24.05,44.63,1012.34,321.7
2734.0,24.14,44.65,1012.36,320.0
2735.0,24.07,45.22,1012.4,319.4
2736.0,23.94,43.93,1012.29,323.5
2737.0,23.76,45.64,1012.47,314.7
2738.0,23.91,45.48,1012.42,320.0
2739.0,23.92,45.41,1012.61,315.5
2740.0,23.94,44.76,1012.48,319.0
2741.0,23.95,45.36,1012.32,319.8
2742.0,23.97,44.7,1012.47,324.7
2743.0,23.99,45.68,1012.39,323.3
2744.0,24.01,45.16,1012.38,324.2
2745.0,23.87,45.37,1012.57,317.2
2746.0,23.83,45.55,1012.03,317.0
2747.0,23.86,45.02,1012.47,317.5
2748.0,24.04,44.78,1012.3,322.3
2749.0,24.15,45.06,1012.27,322.2
2750.0,23.94,44.8,1012.31,317.3
2751.0,23.97,44.99,1012.45,322.1
2752.0,24.03,44.24,1012.5,320.4
2753.0,23.92,45.37,1012.52,325.5
2754.0,23.96,45.31,1012.41,319.0
2755.0,24.06,44.95,1012.19,322.3
2756.0,24.01,44.82,1012.43,320.7
2757.0,24.05,44.52,1012.44,316.8
2758.0,24.16,45.37,1012.64,321.3
2759.0,23.99,44.97,1012.45,317.7
2760.0,23.9,45.11,1012.31,316.8
2761.0,24.03,45.02,1012.48,316.7
2762.0,24.0,44.84,1012.25,319.0
2763.0,23.95,44.57,1012.54,319.7
2764.0,23.99,45.75,1012.36,320.1
2765.0,24.0,44.38,1012.33,322.5
2766.0,23.96,45.65,1012.48,316.1
2767.0,24.1,45.29,1012.42,317.9
2768.0,24.0,44.92,1012.7,313.4
2769.0,24.05,45.18,1012.5,324.1
2770.0,23.86,45.38,1012.27,323.4
2771.0,23.9,45.15,1012.29,325.9
2772.0,23.99,45.13,1012.48,322.1
2773.0,24.06,45.03,1012.19,318.3
2774.0,23.91,44.91,1012.22,318.8
2775.0,24.06,44.7,1012.56,319.7
2776.0,24.05,45.38,1012.59,318.6
2777.0,23.99,45.68,1012.52,320.5
2778.0,23.9,44.96,1012.44,318.8
2779.0,23.9,45.18,1012.3,320.7
2780.0,24.0,44.44,1012.34,316.9
2781.0,23.93,44.5,1012.48,318.4
2782.0,24.09,45.16,1012.54,320.6
2783.0,24.04,44.64,1012.65,323.8
2784.0,24.12,45.26,1012.56,319.8
2785.0,24.02,45.33,1012.55,321.4
2786.0,23.98,45.03,1012.59,318.2
2787.0,23.9,45.06,1012.38,319.9
2788.0,23.97,44.98,1012.35,319.8
2789.0,24.06,45.36,1012.29,317.9
2790.0,23.92,45.33,1012.5,322.4
2791.0,23.91,45.18,1012.57,324.3
2792.0,24.01,45.05,1012.32,323.6
2793.0,24.03,45.12,1012.67,320.5
2794.0,23.91,44.98,1012.18,316.0
2795.0,23.86,44.47,1012.46,318.9
2796.0,23.99,44.83,1012.35,319.7
2797.0,24.02,44.48,1012.34,324.6
2798.0,23.94,44.91,1012.46,317.4
2799.0,24.07,45.31,1012.42,315.3
2800.0,24.07,44.82,1012.31,320.1
2801.0,24.0,44.79,1012.28,317.4
2802.0,23.98,45.27,1012.36,317.9
2803.0,23.96,45.3,1012.29,317.5
2804.0,24.07,45.42,1012.32,316.9
2805.0,24.03,44.58,1012.38,322.2
2806.0,23.87,44.58,1012.35,320.5
2807.0,24.01,44.66,1012.28,317.3
2808.0,24.05,44.97,1012.33,323.5
2809.0,24.01,45.33,1012.39,319.2
2810.0,24.0,45.21,1012.39,318.1
2811.0,24.08,44.58,1012.64,323.0
2812.0,23.92,45.28,1012.31,320.5
2813.0,23.93,44.56,1012.39,319.8
2814.0,23.94,44.41,1012.63,320.4
2815.0,23.92,44.94,1012.46,314.8
2816.0,24.17,44.8,1012.03,322.1
2817.0,24.07,45.46,1011.98,323.0
2818.0,24.02,45.07,1012.43,317.3
2819.0,24.17,44.8,1012.38,315.1
2820.0,24.05,45.18,1012.36,321.0
2821.0,24.03,45.31,1012.45,318.2
2822.0,23.97,45.7,1012.49,316.0
2823.0,24.02,45.25,1012.45,319.9
2824.0,23.95,45.02,1012.63,322.3
2825.0,23.89,44.7,1012.61,317.8
2826.0,23.85,44.23,1012.54,320.6
2827.0,24.12,44.46,1012.49,324.7
2828.0,23.98,44.67,1012.27,324.4
2829.0,23.87,44.31,1012.48,316.8
2830.0,24.04,44.81,1012.53,319.1
2831.0,23.99,44.83,1012.68,324.7
2832.0,24.08,45.32,1012.5,322.8
2833.0,24.05,44.43,1012.25,330.4
2834.0,24.03,45.03,1012.48,320.2
2835.0,24.16,45.07,1012.14,319.7
2836.0,24.17,45.17,1012.45,315.9
2837.0,23.99,44.58,1012.43,319.9
2838.0,23.94,44.8,1012.29,320.9
2839.0,23.99,45.67,1012.42,320.1
2840.0,23.99,44.94,1012.3,321.7
2841.0,23.93,45.61,1012.45,324.9
2842.0,23.97,44.72,1012.27,318.5
2843.0,23.95,45.1,1012.44,319.6
2844.0,23.96,45.47,1012.47,324.1
2845.0,24.02,44.45,1012.29,323.5
2846.0,23.86,45.09,1012.6,321.1
2847.0,24.12,44.98,1012.18,321.6
2848.0,24.09,45.33,1012.68,317.9
2849.0,23.85,44.39,1012.41,317.2
2850.0,23.88,44.92,1012.69,317.5
2851.0,24.03,44.79,1012.58,319.1
2852.0,23.94,44.49,1012.52,314.1
2853.0,23.96,44.67,1012.46,326.5
2854.0,24.03,44.82,1012.49,322.4
2855.0,23.91,45.01,1012.46,322.1
2856.0,24.01,44.79,1012.4,320.0
2857.0,24.03,44.89,1012.09,318.2
2858.0,24.03,45.25,1012.23,320.1
2859.0,23.99,45.03,1012.59,322.9
2860.0,24.05,44.55,1012.49,321.8
2861.0,23.94,45.35,1012.64,322.0
2862.0,24.02,45.43,1012.54,323.4
2863.0,23.85,44.42,1012.33,318.6
2864.0,23.98,45.13,1012.67,322.9
2865.0,23.97,45.16,1012.49,322.6
2866.0,23.99,45.14,1012.58,321.1
2867.0,23.98,45.02,1012.17,323.1
2868.0,24.08,44.85,1012.44,318.8
2869.0,24.0,45.08,1012.33,322.0
2870.0,24.09,45.66,1012.37,324.0
2871.0,24.11,45.45,1012.3,315.4
2872.0,23.91,45.82,1012.43,318.6
2873.0,23.88,44.82,1012.44,324.6
2874.0,24.05,44.31,1012.51,317.6
2875.0,23.92,44.9,1012.59,318.0
2876.0,23.97,46.02,1012.61,319.7
2877.0,23.95,44.61,1012.34,311.2
2878.0,24.08,44.48,1012.45,318.8
2879.0,24.05,44.25,1012.14,321.9
2880.0,24.04,45.26,1012.32,319.6
2881.0,23.95,45.27,1012.21,319.0
2882.0,23.92,44.9,1012.14,320.8
2883.0,24.01,44.89,1012.59,317.5
2884.0,23.97,44.66,1012.2,320.1
2885.0,24.09,45.29,1012.55,319.6
2886.0,23.85,44.21,1012.59,317.9
2887.0,23.92,45.28,1012.41,323.8
2888.0,23.95,44.92,1012.69,317.9
2889.0,23.91,45.0,1012.28,319.2
2890.0,24.07,44.67,1012.51,326.3
2891.0,24.08,45.32,1012.29,322.8
2892.0,24.02,45.79,1012.53,321.2
2893.0,24.05,45.29,1012.61,318.2
2894.0,24.11,45.09,1012.49,318.4
2895.0,24.12,45.78,1012.39,321.7
2896.0,23.86,45.14,1012.34,318.1
2897.0,24.02,45.41,1012.19,320.3
2898.0,23.93,45.15,1012.21,318.4
2899.0,24.05,44.6,1012.29,317.2
2900.0,24.01,44.68,1012.33,320.5
2901.0,24.0,44.85,1012.22,315.6
2902.0,24.02,45.53,1012.43,315.1
2903.0,24.04,45.79,1012.36,317.5
2904.0,24.01,45.55,1012.44,319.4
2905.0,24.04,45.09,1012.41,320.7
2906.0,24.09,45.89,1012.42,318.2
2907.0,24.12,45.11,1012.51,320.3
2908.0,24.05,46.28,1012.46,318.1
2909.0,23.96,45.15,1012.38,320.7
2910.0,23.94,45.21,1012.41,314.4
2911.0,24.16,44.91,1012.25,319.2
2912.0,24.09,44.43,1012.3,322.1
2913.0,24.03,44.2,1012.4,321.9
2914.0,24.08,44.81,1012.42,316.2
2915.0,23.98,45.45,1012.28,320.6
2916.0,23.91,44.85,1012.31,317.9
2917.0,23.98,45.52,1012.31,315.6
2918.0,24.0,44.92,1012.49,320.5
2919.0,23.95,44.76,1012.22,317.5
2920.0,24.11,44.9,1012.19,317.8
2921.0,24.21,45.22,1012.14,325.9
2922.0,23.89,44.56,1012.57,318.5
2923.0,24.03,45.01,1012.46,322.7
2924.0,23.96,45.56,1012.54,320.8
2925.0,23.96,44.82,1012.35,319.0
2926.0,24.07,44.75,1012.39,316.0
2927.0,24.11,44.59,1012.35,313.3
2928.0,24.15,44.73,1012.33,318.5
2929.0,24.12,44.8,1012.54,320.6
2930.0,24.06,44.62,1012.42,325.1
2931.0,24.07,44.82,1012.62,315.3
2932.0,23.94,45.04,1012.34,321.1
2933.0,24.04,44.82,1012.5,322.2
2934.0,23.99,44.97,1012.41,322.8
2935.0,23.85,44.74,1012.39,321.8
2936.0,23.94,44.83,1012.59,317.2
2937.0,23.93,44.73,1012.43,320.4
2938.0,24.05,45.18,1012.41,319.1
2939.0,23.98,45.1,1012.36,320.0
2940.0,23.92,45.4,1012.5,318.9
2941.0,24.17,44.2,1012.5,318.4
2942.0,23.94,45.54,1012.29,319.7
2943.0,24.04,45.15,1012.44,321.1
2944.0,23.98,44.68,1012.52,319.1
2945.0,23.94,45.24,1012.56,325.1
2946.0,24.06,44.56,1012.41,323.6
2947.0,24.04,44.76,1012.17,313.0
2948.0,23.9,45.7,1012.49,327.1
2949.0,24.05,45.0,1012.45,321.9
2950.0,23.94,45.53,1012.26,315.1
2951.0,24.03,44.65,1012.54,322.1
2952.0,24.13,45.09,1012.25,317.5
2953.0,24.06,45.01,1012.37,320.1
2954.0,23.87,44.48,1012.26,319.1
2955.0,24.09,44.92,1012.26,323.5
2956.0,23.96,44.69,1012.62,314.6
2957.0,24.01,45.11,1012.64,318.7
2958.0,24.08,45.08,1012.2,320.5
2959.0,23.9,45.58,1012.45,321.1
2960.0,23.96,45.2,1012.41,322.3
2961.0,23.85,44.81,1012.5,321.4
2962.0,24.05,45.09,1012.46,320.5
2963.0,23.94,44.79,1012.44,323.4
2964.0,23.93,45.31,1012.45,317.8
2965.0,24.0,45.51,1012.43,317.2
2966.0,23.89,44.92,1012.28,320.4
2967.0,23.97,44.87,1012.47,317.2
2968.0,23.92,44.3,1012.19,319.4
2969.0,23.99,45.08,1012.28,322.2
2970.0,24.04,44.86,1012.33,319.7
2971.0,23.96,45.5,1012.15,321.4
2972.0,24.01,44.81,1012.32,322.8
2973.0,23.96,45.52,1012.43,314.0
2974.0,23.97,44.73,1012.51,323.3
2975.0,24.02,44.83,1012.27,316.6
2976.0,24.1,45.56,1012.11,324.0
2977.0,24.03,44.39,1012.48,320.6
2978.0,23.97,44.69,1012.37,312.8
2979.0,23.99,44.53,1012.42,317.9
2980.0,24.02,45.2,1012.34,314.2
2981.0,24.04,45.82,1012.44,316.9
2982.0,23.93,45.2,1012.55,322.7
2983.0,24.0,44.81,1012.39,320.3
2984.0,23.92,44.55,1012.22,317.1
2985.0,24.06,45.46,1012.33,316.1
2986.0,23.93,44.74,1012.61,323.4
2987.0,23.99,45.21,1012.5,321.6
2988.0,23.95,45.27,1012.5,319.6
2989.0,24.13,45.09,1012.35,318.6
2990.0,23.99,44.52,1012.76,322.4
2991.0,23.99,44.64,1012.29,313.8
2992.0,24.08,44.83,1012.38,322.5
2993.0,23.98,45.36,1012.27,318.7
2994.0,24.06,45.73,1012.38,318.3
2995.0,23.99,45.34,1012.39,316.2
2996.0,23.95,45.28,1012.34,322.8
2997.0,23.77,45.5,1012.26,318.1
2998.0,23.96,44.65,1012.33,322.8
2999.0,24.16,45.39,1012.71,320.4
3000.0,23.94,45.39,1012.51,321.1
3001.0,24.02,44.33,1012.48,314.8
3002.0,23.96,45.18,1012.45,318.5
3003.0,24.05,45.38,1012.34,321.5
3004.0,23.85,44.85,1012.37,317.6
3005.0,24.01,44.53,1012.48,316.9
3006.0,23.95,44.73,1012.22,318.1
3007.0,24.04,45.2,1012.67,316.5
3008.0,24.01,44.75,1012.37,327.7
3009.0,24.03,45.38,1012.37,319.2
3010.0,24.0,44.87,1012.65,322.6
3011.0,23.97,44.41,1012.6,321.4
3012.0,24.22,45.34,1012.19,318.5
3013.0,23.97,45.34,1012.26,320.6
3014.0,24.08,44.23,1012.5,322.1
3015.0,24.08,45.32,1012.12,315.7
3016.0,23.93,44.96,1012.33,321.3
3017.0,23.9,44.45,1012.37,314.2
3018.0,23.92,45.32,1012.15,318.6
3019.0,23.85,45.02,1012.65,320.7
3020.0,24.0,44.81,1012.41,317.7
3021.0,23.99,45.17,1012.28,321.5
3022.0,24.05,44.92,1012.48,321.9
3023.0,24.05,44.98,1012.62,318.8
3024.0,24.06,44.34,1012.42,324.5
3025.0,23.93,44.41,1012.29,317.9
3026.0,24.02,44.93,1012.49,318.7
3027.0,23.98,44.81,1012.68,318.7
3028.0,24.12,44.13,1012.55,318.3
3029.0,23.95,44.86,1012.18,323.3
3030.0,24.12,45.41,1012.32,317.5
3031.0,23.93,44.44,1012.43,324.7
3032.0,24.11,44.86,1012.16,324.1
3033.0,23.88,45.0,1012.23,323.3
3034.0,23.98,44.65,1012.71,315.9
3035.0,24.05,44.46,1012.53,319.9
3036.0,23.93,44.29,1012.54,319.8
3037.0,23.97,44.72,1012.32,320.5
3038.0,24.01,45.31,1012.42,321.6
3039.0,23.95,44.84,1012.3,313.8
3040.0,23.93,45.2,1012.57,319.3
3041.0,24.04,44.79,1012.3,319.4
3042.0,23.98,44.84,1012.53,319.8
3043.0,23.81,44.49,1012.63,316.6
3044.0,24.0,44.75,1012.3,322.7
3045.0,24.02,45.05,1012.41,318.3
3046.0,23.95,45.38,1012.55,318.7
3047.0,24.04,45.01,1012.37,319.1
3048.0,24.15,45.1,1012.5,319.1
3049.0,24.07,44.48,1012.39,324.2
3050.0,24.09,45.09,1012.67,323.7
3051.0,23.87,44.45,1012.53,316.6
3052.0,24.03,45.16,1012.56,318.9
3053.0,23.93,45.35,1012.2,319.8
3054.0,23.98,44.82,1012.42,321.3
3055.0,23.97,45.52,1012.46,317.6
3056.0,23.9,45.2,1012.22,318.9
3057.0,24.08,45.5,1012.23,324.2
3058.0,24.02,44.91,1012.51,317.7
3059.0,24.0,45.35,1012.18,315.2
3060.0,24.0,44.88,1012.35,323.5
3061.0,24.02,45.38,1012.38,314.5
3062.0,23.95,44.92,1012.27,319.7
3063.0,24.05,44.45,1012.44,317.2
3064.0,24.02,44.55,1012.27,317.5
3065.0,24.03,44.86,1012.4,321.2
3066.0,23.87,45.71,1012.32,322.7
3067.0,24.03,45.3,1012.35,322.3
3068.0,24.18,45.13,1012.38,322.1
3069.0,24.01,45.32,1012.51,323.1
3070.0,23.93,44.14,1012.39,319.2
3071.0,23.96,45.1,1012.46,324.5
3072.0,23.86,44.58,1012.32,322.5
3073.0,23.85,45.63,1012.56,315.9
3074.0,24.0,43.99,1012.62,323.2
3075.0,24.16,44.45,1012.34,320.4
3076.0,24.08,45.5,1012.66,320.1
3077.0,24.09,45.18,1012.6,323.2
3078.0,24.01,45.68,1012.08,319.3
3079.0,23.93,45.04,1012.34,314.9
3080.0,24.03,45.12,1012.26,317.6
3081.0,23.96,44.72,1012.43,321.3
3082.0,24.18,45.47,1012.34,322.1
3083.0,24.02,45.18,1012.39,318.6
3084.0,23.86,44.93,1012.48,319.6
3085.0,24.05,44.56,1012.56,323.2
3086.0,24.16,44.51,1012.62,316.1
3087.0,23.95,44.89,1012.32,322.2
3088.0,23.93,44.65,1012.31,325.4
3089.0,23.9,44.86,1012.72,318.5
3090.0,24.13,45.31,1012.53,317.4
3091.0,23.92,45.08,1012.54,323.2
3092.0,24.01,44.04,1012.4,319.1
3093.0,23.98,45.11,1012.61,323.4
3094.0,23.98,44.94,1012.5,321.5
3095.0,24.07,45.45,1012.47,319.9
3096.0,24.0,45.3,1012.73,324.2
3097.0,24.0,44.59,1012.6,318.7
3098.0,24.0,45.26,1012.45,321.0
3099.0,24.06,44.75,1012.42,316.8
3100.0,23.96,45.51,1012.49,321.5
3101.0,24.14,45.16,1012.48,321.0
3102.0,23.93,44.71,1012.5,323.3
3103.0,23.95,44.29,1012.3,319.4
3104.0,24.08,45.44,1012.47,321.2
3105.0,24.06,45.66,1012.48,322.4
3106.0,24.08,45.05,1012.37,321.4
3107.0,24.03,44.75,1012.32,319.6
3108.0,23.99,45.44,1012.34,319.1
3109.0,24.04,45.56,1012.13,320.4
3110.0,23.89,44.97,1012.28,320.0
3111.0,23.9,44.86,1012.47,314.6
3112.0,23.9,44.92,1012.59,317.2
3113.0,24.07,45.01,1012.71,321.4
3114.0,24.08,45.05,1012.3,320.8
3115.0,23.95,44.43,1012.51,318.6
3116.0,24.12,44.57,1012.26,319.0
3117.0,23.91,44.55,1012.48,313.3
3118.0,24.04,44.18,1012.17,314.2
3119.0,24.01,45.08,1012.18,319.4
3120.0,24.01,44.09,1012.37,318.9
3121.0,24.06,45.03,1012.41,319.8
3122.0,23.99,44.62,1012.44,319.6
3123.0,23.9,45.0,1012.25,318.7
3124.0,24.03,45.91,1012.25,322.3
3125.0,24.12,45.68,1012.63,316.8
3126.0,24.2,44.75,1012.32,318.1
3127.0,24.05,45.18,1012.45,322.2
3128.0,24.04,44.83,1012.44,323.5
3129.0,24.04,44.82,1012.49,322.4
3130.0,24.12,45.32,1012.58,317.3
3131.0,23.89,44.87,1012.44,319.6
3132.0,23.94,45.38,1012.45,319.8
3133.0,23.9,44.42,1012.19,321.7
3134.0,24.21,44.85,1012.28,320.0
3135.0,24.01,44.35,1012.27,321.4
3136.0,24.13,45.09,1012.57,319.2
3137.0,24.04,45.08,1012.48,320.6
3138.0,23.99,45.03,1012.47,324.8
3139.0,24.08,45.66,1012.49,319.5
3140.0,24.02,45.44,1012.3,323.6
3141.0,23.95,45.15,1012.4,317.6
3142.0,23.96,44.93,1012.49,318.8
3143.0,23.87,45.17,1012.54,316.4
3144.0,23.92,45.47,1012.46,320.8
3145.0,24.01,45.6,1012.26,324.1
3146.0,24.05,45.52,1012.23,322.7
3147.0,24.16,45.61,1012.26,318.0
3148.0,23.97,45.77,1012.31,321.9
3149.0,23.99,44.66,1012.57,318.8
3150.0,23.87,44.18,1012.49,323.3
3151.0,23.96,45.01,1012.54,322.6
3152.0,23.97,45.14,1012.43,320.5
3153.0,24.13,45.03,1012.36,319.1
3154.0,24.0,45.18,1012.44,317.0
3155.0,23.98,45.04,1012.54,319.3
3156.0,23.91,45.61,1012.64,318.9
3157.0,24.12,44.43,1012.39,322.3
3158.0,23.95,44.96,1012.2,324.1
3159.0,24.08,44.54,1012.42,327.2
3160.0,23.92,44.92,1012.52,318.4
3161.0,24.07,45.11,1012.29,323.4
3162.0,23.85,45.09,1012.39,317.6
3163.0,23.98,44.61,1012.43,313.8
3164.0,24.01,44.96,1012.55,318.9
3165.0,23.93,44.69,1012.18,322.8
3166.0,24.05,45.23,1012.66,320.1
3167.0,24.0,44.98,1012.44,320.6
3168.0,23.85,45.06,1012.59,317.1
3169.0,23.9,45.66,1012.42,313.7
3170.0,23.99,45.05,1012.49,321.3
3171.0,23.99,45.55,1012.49,314.5
3172.0,23.97,44.38,1012.5,323.4
3173.0,23.97,45.21,1011.93,322.7
3174.0,24.01,45.17,1012.7,322.3
3175.0,24.07,45.15,1012.25,321.6
3176.0,23.92,46.0,1012.33,320.9
3177.0,24.03,44.85,1012.5,320.9
3178.0,24.03,45.13,1012.57,318.4
3179.0,24.09,44.93,1012.29,320.3
3180.0,24.01,45.79,1012.35,321.3
3181.0,23.94,44.59,1012.27,320.5
3182.0,24.04,44.95,1012.28,317.3
3183.0,23.97,44.81,1012.23,317.2
3184.0,23.95,44.83,1012.32,317.4
3185.0,24.02,44.7,1012.28,321.9
3186.0,24.13,45.45,1012.46,320.4
3187.0,23.92,44.48,1012.62,315.2
3188.0,23.95,45.08,1012.38,319.9
3189.0,24.02,45.1,1012.1,317.7
3190.0,24.03,44.6,1012.48,319.6
3191.0,23.93,44.58,1012.19,320.2
3192.0,24.05,45.22,1012.23,316.3
3193.0,23.95,44.49,1012.63,319.1
3194.0,24.04,45.21,1012.39,321.3
3195.0,23.9,44.96,1012.57,319.2
3196.0,24.08,45.26,1012.15,317.9
3197.0,23.99,44.99,1012.43,320.7
3198.0,23.89,44.91,1012.5,323.4
3199.0,23.93,44.69,1012.37,319.1
3200.0,24.03,44.75,1012.45,319.0
3201.0,24.12,45.27,1012.45,320.9
3202.0,23.94,44.65,1012.35,316.8
3203.0,23.93,44.13,1012.67,315.4
3204.0,24.09,44.9,1012.29,318.1
3205.0,24.11,45.19,1012.59,323.5
3206.0,24.05,44.41,1012.29,320.2
3207.0,23.99,45.77,1012.44,319.6
3208.0,24.01,44.98,1012.52,318.4
3209.0,24.12,45.0,1012.09,320.8
3210.0,24.05,44.59,1012.35,315.9
3211.0,24.0,44.27,1012.27,320.7
3212.0,24.16,45.57,1012.56,319.5
3213.0,24.03,44.8,1012.39,326.8
3214.0,23.91,44.98,1012.56,324.9
3215.0,23.99,45.61,1012.45,321.2
3216.0,24.02,45.02,1012.36,322.4
3217.0,23.95,44.9,1012.71,317.0
3218.0,24.01,44.88,1012.36,317.7
3219.0,23.89,44.58,1012.51,315.7
3220.0,24.01,45.09,1012.56,323.5
3221.0,23.97,44.67,1012.42,317.3
3222.0,23.91,44.16,1012.41,319.2
3223.0,23.94,44.72,1012.59,318.8
3224.0,24.1,44.37,1012.59,319.0
3225.0,23.89,45.52,1012.35,319.2
3226.0,23.93,44.64,1012.49,320.6
3227.0,23.99,44.4,1012.4,318.8
3228.0,23.87,45.18,1012.5,320.4
3229.0,23.92,45.38,1012.7,317.0
3230.0,24.04,44.86,1012.35,320.2
3231.0,23.9,44.22,1012.43,324.1
3232.0,24.11,44.51,1012.31,320.8
3233.0,23.88,44.74,1012.16,323.1
3234.0,23.94,44.9,1012.48,319.7
3235.0,24.01,44.21,1012.28,328.2
3236.0,24.0,44.46,1012.26,320.1
3237.0,23.84,44.3,1012.46,315.1
3238.0,23.93,45.37,1012.42,316.4
3239.0,23.94,44.49,1012.34,319.4
3240.0,24.04,45.15,1012.49,319.3
3241.0,23.94,44.73,1012.43,319.3
3242.0,23.95,44.9,1012.22,319.5
3243.0,24.1,45.34,1012.39,321.3
3244.0,23.94,45.16,1012.56,318.6
3245.0,24.02,44.55,1012.62,318.7
3246.0,23.89,44.68,1012.41,318.6
3247.0,24.04,44.02,1012.45,318.9
3248.0,23.91,46.42,1012.24,318.8
3249.0,23.91,44.43,1012.49,321.8
3250.0,23.93,45.13,1012.21,319.4
3251.0,24.05,44.51,1012.33,319.8
3252.0,24.11,45.01,1012.63,325.7
3253.0,23.96,45.01,1012.18,318.8
3254.0,23.98,46.0,1012.44,324.9
3255.0,23.98,45.19,1012.12,322.4
3256.0,24.02,44.97,1012.52,317.2
3257.0,24.1,45.43,1012.32,324.7
3258.0,24.14,44.62,1012.19,325.7
3259.0,24.06,44.97,1012.61,318.7
3260.0,23.88,44.94,1012.26,320.5
3261.0,23.96,45.19,1012.67,316.6
3262.0,24.02,44.19,1012.46,319.0
3263.0,24.03,45.21,1012.28,318.6
3264.0,24.07,44.88,1012.63,321.1
3265.0,23.86,45.74,1012.3,320.9
3266.0,24.12,45.5,1012.3,324.6
3267.0,23.94,44.69,1012.51,316.7
3268.0,23.91,44.9,1012.52,316.9
3269.0,23.97,45.14,1012.67,313.5
3270.0,23.95,45.42,1012.53,318.2
3271.0,24.04,44.6,1012.36,321.3
3272.0,24.01,45.88,1012.33,321.6
3273.0,24.09,44.48,1012.54,320.8
3274.0,23.98,45.56,1012.52,317.3
3275.0,23.93,44.59,1012.44,319.9
3276.0,24.15,45.49,1012.28,323.2
3277.0,24.06,44.3,1012.3,320.2
3278.0,23.99,45.11,1012.47,322.4
3279.0,24.07,45.98,1012.25,319.8
3280.0,24.01,45.88,1012.42,322.6
3281.0,23.92,44.87,1012.48,322.7
3282.0,23.97,45.26,1012.64,322.0
3283.0,23.9,44.74,1012.07,319.6
3284.0,24.08,45.76,1012.27,322.3
3285.0,23.92,44.91,1012.53,318.8
3286.0,24.13,45.96,1012.7,322.8
3287.0,24.08,45.17,1012.34,315.3
3288.0,23.94,44.72,1012.62,318.1
3289.0,24.13,44.76,1012.35,317.8
3290.0,23.95,44.57,1012.29,319.8
3291.0,24.13,44.31,1012.53,322.2
3292.0,24.24,45.27,1012.47,323.1
3293.0,24.05,45.37,1012.55,319.7
3294.0,23.84,44.93,1012.42,320.2
3295.0,23.94,44.81,1012.47,318.9
3296.0,24.06,44.5,1012.28,315.8
3297.0,23.92,45.26,1012.48,319.9
3298.0,24.01,44.67,1012.26,313.5
3299.0,24.06,44.81,1012.24,322.8
3300.0,23.94,44.78,1012.25,324.6
3301.0,24.91,42.44,1012.57,320.6
3302.0,25.39,39.17,1012.62,321.8
3303.0,26.31,36.81,1012.3,321.1
3304.0,26.81,34.24,1012.49,321.7
3305.0,27.75,31.4,1012.4,319.8
3306.0,28.47,28.83,1012.22,320.2
3307.0,28.42,28.9,1012.1,320.4
3308.0,28.57,28.53,1012.27,323.5
3309.0,28.56,28.32,1012.06,320.7
3310.0,28.57,28.49,1012.54,325.1
3311.0,28.49,29.2,1012.4,317.8
3312.0,28.45,28.14,1012.34,319.2
3313.0,28.58,29.5,1012.38,320.1
3314.0,28.41,28.57,1012.42,323.4
3315.0,28.5,28.28,1012.55,318.7
3316.0,28.47,29.06,1012.42,320.2
3317.0,28.56,28.59,1012.28,321.9
3318.0,28.58,29.22,1012.39,315.5
3319.0,28.66,28.75,1012.29,319.0
3320.0,28.47,28.48,1012.53,315.5
3321.0,28.52,29.02,1012.51,323.0
3322.0,28.45,28.97,1012.57,320.3
3323.0,28.45,28.34,1012.33,319.7
3324.0,28.57,28.66,1012.36,318.9
3325.0,28.51,28.56,1012.58,317.5
3326.0,28.43,28.78,1012.57,320.8
3327.0,28.45,29.03,1012.26,320.8
3328.0,28.56,28.7,1012.2,317.9
3329.0,28.52,28.39,1012.27,323.4
3330.0,28.47,28.82,1012.3,315.5
3331.0,28.49,28.63,1012.3,324.5
3332.0,28.46,29.43,1012.33,319.5
3333.0,28.51,28.21,1012.57,316.5
3334.0,28.46,28.37,1012.29,317.5
3335.0,28.51,28.82,1012.29,321.4
3336.0,28.52,28.94,1012.41,324.8
3337.0,28.31,28.87,1012.56,321.1
3338.0,28.54,28.69,1012.34,320.2
3339.0,28.66,28.97,1012.44,325.1
3340.0,28.6,28.38,1012.57,323.0
3341.0,28.43,28.91,1012.5,318.2
3342.0,28.53,29.47,1012.4,321.1
3343.0,28.46,28.38,1012.39,315.9
3344.0,28.36,28.66,1012.47,315.4
3345.0,28.46,28.75,1012.45,315.9
3346.0,28.42,28.57,1012.4,321.9
3347.0,28.57,28.34,1012.49,321.1
3348.0,28.55,28.09,1012.56,326.6
3349.0,28.57,29.0,1012.24,321.4
3350.0,28.37,28.71,1012.46,318.5
3351.0,28.47,28.8,1012.35,324.2
3352.0,28.47,28.94,1012.46,318.8
3353.0,28.53,28.62,1012.41,323.0
3354.0,28.49,28.73,1012.45,317.5
3355.0,28.44,28.46,1012.51,322.4
3356.0,28.47,28.47,1012.27,320.2
3357.0,28.53,28.94,1012.47,320.0
3358.0,28.52,28.08,1012.69,319.7
3359.0,28.55,28.79,1012.46,316.7
3360.0,28.54,29.35,1012.65,317.5
3361.0,28.31,28.84,1012.57,319.7
3362.0,28.46,28.3,1012.36,314.9
3363.0,28.39,28.65,1012.68,317.9
3364.0,28.53,28.67,1012.3,317.3
3365.0,28.53,28.51,1012.42,318.8
3366.0,28.63,28.95,1012.44,315.8
3367.0,28.44,28.48,1012.56,316.7
3368.0,28.51,29.1,1012.26,323.3
3369.0,28.33,29.31,1012.61,319.2
3370.0,28.39,28.55,1012.34,319.1
3371.0,28.51,28.96,1012.71,322.5
3372.0,28.54,29.18,1012.27,324.8
3373.0,28.56,28.19,1012.5,319.3
3374.0,28.48,28.6,1012.31,319.8
3375.0,28.61,28.76,1012.35,322.2
3376.0,28.63,28.82,1012.51,324.7
3377.0,28.51,28.43,1012.22,317.2
3378.0,28.39,27.71,1012.09,320.9
3379.0,28.47,28.41,1012.43,321.0
3380.0,28.49,27.53,1012.32,317.9
3381.0,28.53,29.15,1012.19,315.3
3382.0,28.6,28.31,1012.39,319.0
3383.0,28.51,28.41,1012.39,324.9
3384.0,28.49,28.58,1012.63,320.1
3385.0,28.52,29.08,1012.72,322.6
3386.0,28.63,29.14,1012.57,316.7
3387.0,28.45,28.8,1012.41,318.0
3388.0,28.48,28.41,1012.59,316.9
3389.0,28.63,29.41,1012.39,318.4
3390.0,28.55,29.06,1012.34,324.2
3391.0,28.53,28.7,1012.65,319.6
3392.0,28.52,28.64,1012.08,320.0
3393.0,28.36,28.95,1012.16,323.8
3394.0,28.46,28.92,1012.44,318.6
3395.0,28.64,28.56,1012.08,316.8
3396.0,28.4,29.08,1012.18,322.0
3397.0,28.63,28.72,1012.49,324.1
3398.0,28.53,28.89,1012.41,323.0
3399.0,28.4,28.35,1012.42,319.3
3400.0,28.39,29.13,1012.46,320.5
3401.0,28.49,28.84,1012.39,321.8
3402.0,28.49,28.63,1012.1,312.9
3403.0,28.43,28.4,1012.6,320.2
3404.0,28.38,28.64,1012.53,319.8
3405.0,28.63,28.4,1012.33,321.3
3406.0,28.35,28.66,1012.65,320.2
3407.0,28.43,28.65,1012.62,314.8
3408.0,28.52,28.5,1012.69,320.3
3409.0,28.43,29.05,1012.44,318.4
3410.0,28.65,29.44,1012.39,323.3
3411.0,28.55,28.7,1012.4,321.0
3412.0,28.48,29.09,1012.35,315.9
3413.0,28.44,28.47,1012.21,316.9
3414.0,28.54,28.65,1012.27,316.6
3415.0,28.52,28.8,1012.48,320.5
3416.0,28.38,29.79,1012.37,324.8
3417.0,28.56,28.18,1012.49,322.7
3418.0,28.63,28.82,1012.58,316.1
3419.0,28.52,28.35,1012.3,320.3
3420.0,28.55,28.54,1012.56,315.8
3421.0,28.61,28.78,1012.81,318.0
3422.0,28.55,28.23,1012.43,317.7
3423.0,28.44,28.12,1012.41,320.1
3424.0,28.46,29.26,1012.36,319.0
3425.0,28.57,28.94,1012.36,319.4
3426.0,28.58,28.61,1012.47,322.6
3427.0,28.59,28.86,1012.41,316.4
3428.0,28.51,28.46,1012.58,321.1
3429.0,28.5,29.29,1012.49,319.3
3430.0,28.48,28.92,1012.31,322.6
3431.0,28.45,28.05,1011.99,318.4
3432.0,28.47,28.79,1012.44,322.3
3433.0,28.5,29.46,1012.23,319.0
3434.0,28.66,29.22,1012.33,317.7
3435.0,28.48,28.45,1012.42,321.9
3436.0,28.48,28.73,1012.37,318.7
3437.0,28.44,29.54,1012.37,312.1
3438.0,28.41,28.63,1012.47,321.0
3439.0,28.55,28.56,1012.25,321.7
3440.0,28.5,28.07,1012.32,319.7
3441.0,28.51,28.79,1012.15,315.4
3442.0,28.49,28.42,1012.31,319.5
3443.0,28.4,29.08,1012.52,317.2
3444.0,28.47,28.49,1012.3,313.9
3445.0,28.53,28.37,1012.56,321.5
3446.0,28.55,29.07,1012.46,320.4
3447.0,28.5,29.0,1012.53,312.4
3448.0,28.38,28.9,1012.35,316.1
3449.0,28.43,29.14,1012.6,312.0
3450.0,28.6,29.07,1012.58,321.9
3451.0,28.37,28.58,1012.47,318.8
3452.0,28.44,28.41,1012.49,322.3
3453.0,28.51,28.75,1012.39,319.0
3454.0,28.61,28.79,1012.39,315.3
3455.0,28.51,29.32,1012.34,317.9
3456.0,28.42,29.27,1012.41,320.4
3457.0,28.72,29.19,1012.55,324.1
3458.0,28.56,28.67,1012.46,318.2
3459.0,28.54,28.94,1012.1,317.7
3460.0,28.51,28.19,1012.68,316.5
3461.0,28.49,29.2,1012.54,317.8
3462.0,28.48,28.55,1012.21,316.7
3463.0,28.64,29.06,1012.35,324.9
3464.0,28.55,29.18,1012.14,324.1
3465.0,28.52,29.04,1012.52,320.9
3466.0,28.43,28.99,1012.32,321.2
3467.0,28.63,28.69,1012.44,319.8
3468.0,28.49,28.43,1012.41,322.9
3469.0,28.58,28.84,1012.51,319.9
3470.0,28.56,28.9,1012.56,312.5
3471.0,28.58,29.2,1012.55,326.5
3472.0,28.44,28.9,1012.13,322.1
3473.0,28.48,28.13,1012.39,321.7
3474.0,28.45,28.48,1012.49,317.6
3475.0,28.38,29.1,1012.29,322.1
3476.0,28.55,30.0,1012.29,318.2
3477.0,28.47,28.5,1012.41,317.6
3478.0,28.43,28.34,1012.61,321.1
3479.0,28.49,28.25,1012.78,321.1
3480.0,28.47,29.12,1012.5,316.9
3481.0,28.54,29.63,1012.29,314.7
3482.0,28.44,29.31,1012.42,318.2
3483.0,28.65,29.01,1012.41,322.0
3484.0,28.52,28.71,1012.7,322.4
3485.0,28.52,27.92,1012.32,321.4
3486.0,28.49,28.64,1012.69,320.9
3487.0,28.45,28.2,1012.51,318.8
3488.0,28.48,29.06,1012.71,322.1
3489.0,28.58,27.86,1012.25,322.8
3490.0,28.43,28.68,1012.33,319.9
3491.0,28.48,28.24,1012.56,317.1
3492.0,28.51,28.2,1012.5,320.7
3493.0,28.38,28.51,1012.37,315.4
3494.0,28.6,28.51,1012.32,323.8
3495.0,28.4,28.77,1012.44,321.6
3496.0,28.43,28.73,1012.37,317.9
3497.0,28.45,29.22,1012.54,315.8
3498.0,28.43,28.77,1012.44,319.2
3499.0,28.45,28.25,1012.65,322.2
3500.0,28.56,29.54,1012.58,322.8
3501.0,28.57,28.76,1012.43,318.8
3502.0,28.56,29.0,1012.68,326.2
3503.0,28.46,29.19,1012.27,319.6
3504.0,28.45,28.55,1012.37,319.3
3505.0,28.45,28.35,1011.98,320.9
3506.0,28.54,28.59,1012.46,319.0
3507.0,28.47,29.17,1012.67,317.2
3508.0,28.36,28.48,1012.4,319.8
3509.0,28.54,28.73,1012.22,319.7
3510.0,28.35,28.81,1012.44,319.5
3511.0,28.46,28.65,1012.39,318.4
3512.0,28.45,29.12,1012.23,318.3
3513.0,28.43,28.63,1012.32,319.0
3514.0,28.51,29.27,1012.46,317.2
3515.0,28.55,29.12,1012.42,321.3
3516.0,28.56,29.02,1012.4,320.3
3517.0,28.47,28.86,1012.49,314.8
3518.0,28.43,28.26,1012.31,318.2
3519.0,28.52,28.65,1012.02,320.3
3520.0,28.5,28.56,1012.29,324.6
3521.0,28.58,29.04,1012.3,315.4
3522.0,28.48,29.26,1012.39,314.4
3523.0,28.54,27.92,1012.41,320.9
3524.0,28.46,29.11,1012.43,323.6
3525.0,28.49,28.82,1012.29,319.8
3526.0,28.38,29.04,1012.49,324.7
3527.0,28.46,28.69,1012.22,318.4
3528.0,28.32,29.72,1012.31,324.5
3529.0,28.53,28.73,1012.16,318.7
3530.0,28.51,29.08,1012.52,318.1
3531.0,28.49,28.02,1012.42,318.7
3532.0,28.55,29.38,1012.25,321.2
3533.0,28.47,28.85,1012.6,315.9
3534.0,28.5,28.61,1012.51,320.0
3535.0,28.56,28.96,1012.27,318.7
3536.0,28.67,29.32,1012.25,322.5
3537.0,28.49,28.1,1012.62,324.6
3538.0,28.55,29.07,1012.24,316.1
3539.0,28.46,28.83,1012.5,323.9
3540.0,28.41,28.71,1012.35,321.0
3541.0,28.5,29.7,1012.53,322.6
3542.0,28.51,28.54,1012.03,317.3
3543.0,28.55,28.93,1012.53,318.1
3544.0,28.53,28.94,1012.29,318.2
3545.0,28.51,29.37,1012.45,319.5
3546.0,28.45,28.86,1012.43,321.7
3547.0,28.34,28.98,1012.65,319.6
3548.0,28.55,28.91,1012.35,321.5
3549.0,28.56,28.24,1012.25,321.5
3550.0,28.41,28.75,1012.49,315.5
3551.0,28.43,28.5,1012.59,320.2
3552.0,28.51,28.87,1012.54,320.9
3553.0,28.51,28.81,1012.29,313.8
3554.0,28.56,28.08,1012.13,318.7
3555.0,28.45,28.99,1012.5,321.9
3556.0,28.48,28.21,1012.32,319.1
3557.0,28.65,27.95,1012.4,317.2
3558.0,28.53,28.73,1012.16,318.3
3559.0,28.55,28.86,1012.1,321.0
3560.0,28.54,28.9,1012.52,319.4
3561.0,28.6,28.87,1012.81,323.1
3562.0,28.5,28.39,1012.57,318.6
3563.0,28.48,28.74,1012.51,318.5
3564.0,28.5,29.06,1012.39,318.9
3565.0,28.48,29.18,1012.27,319.2
3566.0,28.47,28.14,1012.27,320.8
3567.0,28.56,28.85,1012.5,322.0
3568.0,28.44,29.13,1012.19,323.4
3569.0,28.5,28.76,1012.41,321.3
3570.0,28.51,28.91,1012.62,316.3
3571.0,28.48,29.05,1012.48,320.8
3572.0,28.57,29.38,1012.43,320.1
3573.0,28.38,28.86,1012.41,319.1
3574.0,28.64,28.47,1012.51,319.5
3575.0,28.37,28.64,1012.25,316.8
3576.0,28.48,28.17,1012.18,321.3
3577.0,28.54,29.0,1012.4,320.4
3578.0,28.53,28.05,1012.24,321.1
3579.0,28.49,29.03,1012.4,316.6
3580.0,28.56,28.98,1012.05,320.3
3581.0,28.44,29.11,1012.34,322.0
3582.0,28.63,28.93,1012.46,316.8
3583.0,28.45,29.75,1012.5,317.9
3584.0,28.54,28.98,1012.18,323.7
3585.0,28.48,29.15,1012.31,324.2
3586.0,28.42,29.14,1012.44,321.9
3587.0,28.26,28.23,1012.33,323.2
3588.0,28.44,29.42,1012.34,314.8
3589.0,28.43,28.58,1012.45,318.5
3590.0,28.42,28.93,1012.51,319.5
3591.0,28.59,28.93,1012.1,317.4
3592.0,28.5,28.82,1012.27,320.3
3593.0,28.48,28.44,1012.23,317.0
3594.0,28.42,28.92,1012.61,319.8
3595.0,28.54,28.82,1012.4,324.3
3596.0,28.56,28.66,1012.56,321.3
3597.0,28.54,28.85,1012.27,325.0
3598.0,28.46,28.62,1012.22,321.5
3599.0,28.39,28.81,1012.55,320.4
3600.0,28.43,28.49,1012.54,318.5
3601.0,28.43,28.83,1012.22,319.1
3602.0,28.37,28.46,1012.45,317.6
3603.0,28.64,28.57,1012.34,320.7
3604.0,28.54,28.22,1012.27,320.8
3605.0,28.47,28.68,1012.17,320.0
3606.0,28.55,29.28,1012.41,315.4
3607.0,28.56,29.56,1012.21,317.1
3608.0,28.62,28.99,1012.49,314.9
3609.0,28.47,28.58,1012.73,319.8
3610.0,28.51,28.6,1012.45,316.1
3611.0,28.44,28.51,1012.45,316.5
3612.0,28.6,29.05,1012.21,318.9
3613.0,28.42,28.67,1012.35,316.0
3614.0,28.5,28.95,1012.45,318.9
3615.0,28.57,28.44,1012.45,317.0
3616.0,28.65,28.65,1012.37,318.6
3617.0,28.35,28.63,1012.56,317.4
3618.0,28.45,29.03,1012.57,320.9
3619.0,28.63,29.13,1012.43,318.4
3620.0,28.63,28.5,1012.25,323.3
3621.0,28.51,28.69,1012.18,320.1
3622.0,28.53,28.94,1012.54,317.0
3623.0,28.41,29.66,1012.67,321.2
3624.0,28.37,28.49,1012.16,325.1
3625.0,28.47,28.82,1012.39,318.1
3626.0,28.64,28.58,1012.42,322.2
3627.0,28.45,29.6,1012.41,324.1
3628.0,28.46,29.43,1012.53,321.0
3629.0,28.34,28.39,1012.35,319.6
3630.0,28.4,29.11,1012.38,318.6
3631.0,28.47,29.52,1012.49,320.7
3632.0,28.54,28.71,1012.43,323.5
3633.0,28.53,29.15,1012.39,316.8
3634.0,28.54,29.44,1012.04,322.2
3635.0,28.46,28.55,1012.51,317.2
3636.0,28.54,29.47,1012.27,321.6
3637.0,28.49,29.03,1012.59,318.7
3638.0,28.48,29.37,1012.25,316.3
3639.0,28.28,28.53,1012.51,316.8
3640.0,28.51,28.66,1012.52,317.4
3641.0,28.44,28.88,1012.31,318.8
3642.0,28.61,28.9,1012.23,321.3
3643.0,28.46,28.0,1012.29,312.5
3644.0,28.38,29.01,1012.69,317.8
3645.0,28.5,28.1,1012.48,322.1
3646.0,28.44,28.66,1012.23,319.8
3647.0,28.59,28.65,1012.5,318.0
3648.0,28.4,28.46,1012.21,321.3
3649.0,28.46,28.7,1012.5,320.8
3650.0,28.59,28.54,1012.41,313.2
3651.0,28.63,29.75,1012.45,322.9
3652.0,28.48,28.79,1012.26,315.6
3653.0,28.6,28.19,1012.5,322.4
3654.0,28.59,28.44,1012.33,317.9
3655.0,28.58,28.55,1012.41,324.5
3656.0,28.65,29.14,1012.35,318.0
3657.0,28.39,29.55,1012.45,325.2
3658.0,28.53,29.32,1012.35,316.8
3659.0,28.52,28.81,1012.36,323.6
3660.0,28.4,28.75,1012.67,315.6
3661.0,28.44,28.93,1012.49,317.6
3662.0,28.49,29.05,1012.61,320.9
3663.0,28.37,28.79,1012.36,318.9
3664.0,28.36,28.4,1012.32,319.4
3665.0,28.5,28.89,1012.14,316.3
3666.0,28.33,28.54,1012.55,325.3
3667.0,28.45,28.82,1012.39,317.6
3668.0,28.62,29.15,1012.39,321.3
3669.0,28.69,29.02,1012.49,320.4
3670.0,28.45,28.99,1012.41,317.7
3671.0,28.51,27.68,1012.6,322.3
3672.0,28.54,28.39,1012.34,319.6
3673.0,28.55,29.14,1012.68,323.6
3674.0,28.56,28.86,1012.65,318.5
3675.0,28.59,28.52,1012.26,322.3
3676.0,28.71,28.67,1012.37,313.5
3677.0,28.48,28.34,1012.49,314.2
3678.0,28.54,28.61,1012.26,323.4
3679.0,28.43,28.95,1012.64,319.1
3680.0,28.52,28.47,1012.31,319.4
3681.0,28.41,28.56,1012.37,316.4
3682.0,28.34,28.81,1012.54,320.6
3683.0,28.59,29.37,1012.65,320.8
3684.0,28.59,29.17,1012.53,319.3
3685.0,28.47,29.0,1012.48,319.2
3686.0,28.43,29.13,1012.37,319.5
3687.0,28.39,28.5,1012.45,320.1
3688.0,28.47,29.24,1012.66,321.2
3689.0,28.61,28.68,1012.46,314.6
3690.0,28.51,28.48,1012.44,321.2
3691.0,28.4,28.0,1012.47,315.1
3692.0,28.42,29.35,1012.4,322.7
3693.0,28.61,28.84,1012.41,316.3
3694.0,28.48,28.94,1012.49,320.8
3695.0,28.46,29.11,1012.25,317.4
3696.0,28.53,29.16,1012.32,318.4
3697.0,28.33,29.06,1012.32,316.1
3698.0,28.56,29.39,1012.58,321.7
3699.0,28.53,28.96,1012.43,319.7
3700.0,28.66,28.82,1012.36,318.1
3701.0,28.4,29.12,1012.34,316.7
3702.0,28.45,28.9,1012.25,323.5
3703.0,28.44,29.3,1012.62,321.0
3704.0,28.45,28.16,1012.66,318.9
3705.0,28.4,28.52,1012.45,315.6
3706.0,28.53,28.8,1012.46,319.4
3707.0,28.58,28.35,1012.27,323.9
3708.0,28.54,29.63,1012.35,319.4
3709.0,28.52,28.64,1012.18,316.3
3710.0,28.42,28.77,1012.19,318.4
3711.0,28.66,28.75,1012.37,321.8
3712.0,28.41,28.98,1012.59,318.9
3713.0,28.65,28.46,1012.15,322.4
3714.0,28.36,28.34,1012.48,317.0
3715.0,28.58,29.3,1012.48,315.1
3716.0,28.57,28.53,1012.17,319.7
3717.0,28.51,28.49,1012.26,320.7
3718.0,28.64,28.36,1012.55,317.0
3719.0,28.44,28.8,1012.3,320.5
3720.0,28.48,28.81,1012.51,320.0
3721.0,28.48,28.61,1012.37,316.2
3722.0,28.44,29.13,1012.45,321.4
3723.0,28.56,29.25,1012.64,319.7
3724.0,28.5,28.98,1012.46,320.4
3725.0,28.48,28.77,1012.44,317.8
3726.0,28.45,28.84,1012.34,320.4
3727.0,28.61,28.6,1012.5,319.6
3728.0,28.34,28.0,1012.25,317.7
3729.0,28.46,29.16,1012.48,314.4
3730.0,28.46,28.48,1012.39,314.4
3731.0,28.47,28.24,1012.25,321.0
3732.0,28.53,28.94,1012.15,318.6
3733.0,28.44,29.06,1012.24,320.6
3734.0,28.51,29.11,1012.59,321.2
3735.0,28.43,28.59,1012.64,320.6
3736.0,28.46,28.82,1012.53,319.4
3737.0,28.39,28.4,1012.68,313.6
3738.0,28.53,29.8,1012.39,323.4
3739.0,28.34,28.93,1012.35,324.2
3740.0,28.56,28.56,1012.26,319.4
3741.0,28.46,28.39,1012.23,322.5
3742.0,28.46,28.43,1012.55,318.4
3743.0,28.51,28.52,1012.37,322.3
3744.0,28.52,28.9,1012.33,321.0
3745.0,28.42,29.01,1012.17,316.4
3746.0,28.59,28.93,1012.53,324.4
3747.0,28.49,29.17,1012.26,316.7
3748.0,28.38,28.44,1012.52,317.9
3749.0,28.69,28.22,1012.49,322.9
3750.0,28.47,29.06,1012.32,323.8
3751.0,28.51,28.75,1012.32,324.3
3752.0,28.48,28.73,1012.5,322.7
3753.0,28.55,29.54,1012.37,317.4
3754.0,28.51,28.5,1012.46,327.5
3755.0,28.5,29.32,1012.45,322.5
3756.0,28.43,28.85,1012.26,317.1
3757.0,28.55,28.78,1012.47,318.4
3758.0,28.56,28.34,1012.23,321.1
3759.0,28.39,28.99,1012.48,320.0
3760.0,28.39,28.79,1012.37,319.5
3761.0,28.66,28.83,1012.27,316.9
3762.0,28.44,28.86,1012.25,321.9
3763.0,28.35,29.05,1012.59,318.7
3764.0,28.45,28.52,1012.54,317.5
3765.0,28.5,28.96,1012.21,316.6
3766.0,28.57,28.73,1012.42,319.3
3767.0,28.34,28.45,1012.69,313.8
3768.0,28.62,28.95,1012.36,317.6
3769.0,28.5,27.93,1012.39,319.9
3770.0,28.44,29.01,1012.12,316.9
3771.0,28.38,28.45,1012.21,318.9
3772.0,28.48,29.07,1012.45,322.6
3773.0,28.47,28.53,1012.53,318.5
3774.0,28.46,29.08,1012.48,324.4
3775.0,28.48,29.21,1012.47,316.5
3776.0,28.7,28.62,1012.58,318.5
3777.0,28.43,28.46,1012.25,316.5
3778.0,28.47,29.1,1012.41,321.5
3779.0,28.51,28.4,1012.59,319.6
3780.0,28.41,28.88,1012.18,322.6
3781.0,28.51,27.74,1012.36,316.4
3782.0,28.47,29.84,1012.26,323.0
3783.0,28.39,29.33,1012.38,320.4
3784.0,28.47,28.72,1012.35,321.4
3785.0,28.45,28.26,1012.35,321.5
3786.0,28.42,28.72,1012.5,318.3
3787.0,28.64,28.89,1012.27,320.5
3788.0,28.4,28.87,1012.21,315.6
3789.0,28.64,28.11,1012.28,322.0
3790.0,28.47,29.51,1012.2,313.8
3791.0,28.52,29.34,1012.2,320.6
3792.0,28.42,28.27,1012.6,319.3
3793.0,28.55,28.84,1012.33,325.5
3794.0,28.61,28.72,1012.5,321.8
3795.0,28.5,28.68,1012.38,318.5
3796.0,28.62,28.68,1012.28,324.3
3797.0,28.63,28.52,1012.42,317.3
3798.0,28.45,29.22,1012.26,323.2
3799.0,28.46,29.24,1012.21,322.8
3800.0,28.37,28.76,1012.66,319.7
3801.0,28.54,28.2,1012.15,317.5
3802.0,28.55,29.94,1012.25,324.8
3803.0,28.44,28.68,1012.43,322.4
3804.0,28.59,29.0,1012.39,314.4
3805.0,28.47,29.3,1012.33,319.5
3806.0,28.47,28.74,1012.61,321.3
3807.0,28.53,28.98,1012.44,321.2
3808.0,28.6,29.21,1012.25,320.1
3809.0,28.59,28.74,1012.21,320.1
3810.0,28.44,28.39,1012.28,315.0
3811.0,28.5,27.75,1012.38,321.9
3812.0,28.5,29.12,1012.5,317.2
3813.0,28.48,29.04,1012.44,315.7
3814.0,28.62,29.65,1012.38,320.5
3815.0,28.54,29.3,1012.61,321.3
3816.0,28.45,28.64,1012.48,320.2
3817.0,28.53,29.06,1012.47,317.4
3818.0,28.42,28.89,1012.13,317.0
3819.0,28.51,28.96,1012.48,320.7
3820.0,28.53,29.06,1012.42,321.7
3821.0,28.51,29.22,1012.42,328.6
3822.0,28.48,28.84,1012.15,314.5
3823.0,28.58,29.18,1012.26,319.8
3824.0,28.51,28.51,1012.5,317.1
3825.0,28.46,29.29,1012.41,320.4
3826.0,28.39,29.18,1012.59,322.6
3827.0,28.39,28.37,1012.4,318.8
3828.0,28.51,28.19,1012.57,321.8
3829.0,28.4,28.44,1012.19,325.3
3830.0,28.48,28.5,1012.42,321.6
3831.0,28.49,29.06,1012.44,321.7
3832.0,28.68,28.15,1012.44,319.5
3833.0,28.51,29.02,1012.37,322.0
3834.0,28.67,28.36,1012.02,317.6
3835.0,28.49,28.92,1012.57,318.6
3836.0,28.54,28.83,1012.19,319.8
3837.0,28.44,28.68,1012.19,314.7
3838.0,28.45,28.3,1012.43,318.3
3839.0,28.45,29.12,1012.55,317.4
3840.0,28.35,28.1,1012.23,322.5
3841.0,28.45,28.65,1012.23,319.8
3842.0,28.45,28.79,1012.36,321.1
3843.0,28.5,28.82,1012.43,321.0
3844.0,28.44,28.87,1012.29,317.9
3845.0,28.46,28.89,1012.39,317.4
3846.0,28.51,29.42,1012.54,320.1
3847.0,28.33,28.07,1012.46,319.5
3848.0,28.53,28.83,1012.58,317.4
3849.0,28.53,28.57,1012.43,318.4
3850.0,28.43,28.9,1012.13,315.1
3851.0,28.54,28.74,1012.55,317.4
3852.0,28.44,28.65,1012.46,317.2
3853.0,28.51,29.27,1012.64,320.3
3854.0,28.49,28.93,1012.24,321.1
3855.0,28.55,29.0,1012.01,318.5
3856.0,28.52,29.51,1012.56,320.0
3857.0,28.52,28.38,1012.34,315.2
3858.0,28.51,29.14,1012.7,318.5
3859.0,28.52,28.39,1012.56,317.3
3860.0,28.4,28.35,1012.53,319.0
3861.0,28.45,29.45,1012.37,321.0
3862.0,28.53,28.37,1012.33,322.0
3863.0,28.47,29.03,1012.51,311.9
3864.0,28.45,29.24,1012.22,320.3
3865.0,28.65,29.05,1012.44,313.7
3866.0,28.59,29.02,1012.29,320.4
3867.0,28.42,28.8,1012.58,315.9
3868.0,28.62,28.23,1012.38,317.0
3869.0,28.56,28.71,1012.31,323.4
3870.0,28.56,28.9,1012.41,321.0
3871.0,28.44,28.66,1012.59,320.1
3872.0,28.46,28.83,1012.39,323.0
3873.0,28.3,29.21,1012.38,317.4
3874.0,28.6,28.27,1012.32,314.2
3875.0,28.42,28.74,1012.2,319.3
3876.0,28.37,29.6,1012.62,325.5
3877.0,28.55,29.01,1012.34,322.0
3878.0,28.44,29.12,1012.39,322.4
3879.0,28.53,29.33,1012.45,316.5
3880.0,28.48,28.9,1012.38,319.2
3881.0,28.51,29.17,1012.3,320.6
3882.0,28.6,28.31,1012.68,324.7
3883.0,28.65,29.29,1012.42,319.8
3884.0,28.38,28.73,1012.28,318.9
3885.0,28.63,28.63,1012.39,321.4
3886.0,28.39,28.25,1012.38,320.0
3887.0,28.48,28.61,1012.31,322.9
3888.0,28.58,28.53,1012.27,320.8
3889.0,28.57,29.31,1012.39,320.9
3890.0,28.45,28.26,1012.42,324.9
3891.0,28.57,28.87,1012.28,321.1
3892.0,28.42,28.74,1012.51,318.2
3893.0,28.6,28.54,1012.34,320.8
3894.0,28.59,28.91,1012.29,321.2
3895.0,28.42,29.05,1012.09,321.4
3896.0,28.52,29.41,1012.43,326.3
3897.0,28.51,28.37,1012.35,316.6
3898.0,28.5,29.22,1012.37,320.3
3899.0,28.57,29.11,1012.18,321.5
3900.0,28.58,28.54,1012.52,320.3
3901.0,28.48,29.35,1012.48,323.5
3902.0,28.57,28.4,1012.3,316.3
3903.0,28.6,29.01,1012.15,323.6
3904.0,28.43,28.69,1012.23,318.5
3905.0,28.46,29.27,1012.47,324.0
3906.0,28.4,28.49,1012.14,322.8
3907.0,28.51,28.39,1012.36,315.1
3908.0,28.53,29.42,1012.6,317.9
3909.0,28.45,28.65,1012.36,319.5
3910.0,28.42,29.04,1012.16,317.1
3911.0,28.54,28.64,1012.44,320.9
3912.0,28.56,28.92,1012.51,317.4
3913.0,28.46,28.66,1012.45,321.6
3914.0,28.36,29.45,1012.14,321.3
3915.0,28.62,29.52,1012.18,317.3
3916.0,28.66,28.15,1012.44,319.1
3917.0,28.55,28.16,1012.47,321.7
3918.0,28.39,29.05,1012.35,322.5
3919.0,28.36,28.44,1012.49,319.8
3920.0,28.48,28.86,1012.27,315.4
3921.0,28.72,28.56,1012.38,316.5
3922.0,28.49,28.22,1012.61,319.9
3923.0,28.59,28.98,1012.32,323.6
3924.0,28.46,27.8,1012.52,321.8
3925.0,28.53,28.05,1012.44,319.0
3926.0,28.45,28.5,1012.22,314.9
3927.0,28.54,28.64,1012.24,320.0
3928.0,28.51,28.29,1012.5,318.7
3929.0,28.68,29.05,1012.25,316.0
3930.0,28.5,28.79,1012.17,320.5
3931.0,28.39,29.08,1012.58,320.9
3932.0,28.41,28.88,1012.5,323.0
3933.0,28.49,28.68,1012.5,316.5
3934.0,28.7,28.68,1012.46,313.2
3935.0,28.45,29.09,1012.39,326.0
3936.0,28.54,29.54,1012.26,320.2
3937.0,28.52,29.24,1012.18,325.0
3938.0,28.6,28.61,1012.41,316.5
3939.0,28.61,28.84,1012.56,317.5
3940.0,28.44,28.98,1012.46,320.4
3941.0,28.37,28.45,1012.4,315.3
3942.0,28.64,28.9,1012.27,318.2
3943.0,28.55,28.52,1012.29,322.0
3944.0,28.53,29.27,1012.25,319.5
3945.0,28.54,28.96,1012.54,321.2
3946.0,28.56,28.29,1012.36,314.7
3947.0,28.51,28.55,1012.54,315.3
3948.0,28.59,29.21,1012.49,315.8
3949.0,28.3,28.47,1012.2,321.6
3950.0,28.47,29.68,1012.39,314.0
3951.0,28.54,28.88,1012.33,320.1
3952.0,28.57,28.72,1012.36,320.6
3953.0,28.52,28.81,1012.64,322.6
3954.0,28.48,28.67,1012.53,324.0
3955.0,28.61,28.06,1012.3,321.2
3956.0,28.52,29.21,1012.58,315.0
3957.0,28.49,28.63,1012.3,319.9
3958.0,28.4,28.28,1012.24,319.5
3959.0,28.62,29.28,1012.33,319.1
3960.0,28.5,29.13,1012.28,319.9
3961.0,28.55,28.7,1012.57,317.4
3962.0,28.47,29.01,1012.27,315.1
3963.0,28.53,28.47,1012.46,316.8
3964.0,28.48,28.74,1012.54,324.7
3965.0,28.39,28.41,1012.26,322.0
3966.0,28.52,28.42,1012.69,321.8
3967.0,28.55,29.1,1012.28,319.1
3968.0,28.5,29.47,1012.34,319.0
3969.0,28.53,29.11,1012.34,319.7
3970.0,28.57,28.41,1012.38,313.1
3971.0,28.46,28.61,1012.53,314.5
3972.0,28.57,28.34,1012.43,323.9
3973.0,28.43,28.8,1012.55,319.9
3974.0,28.54,28.82,1012.44,321.9
3975.0,28.46,28.79,1012.04,322.6
3976.0,28.64,28.15,1012.43,320.4
3977.0,28.55,28.89,1012.34,320.4
3978.0,28.23,28.91,1012.51,316.6
3979.0,28.58,28.23,1012.32,318.5
3980.0,28.65,28.48,1012.37,321.8
3981.0,28.46,29.04,1012.46,316.8
3982.0,28.49,28.36,1012.59,322.4
3983.0,28.49,28.95,1012.41,319.5
3984.0,28.45,28.55,1012.19,315.7
3985.0,28.34,28.59,1012.34,318.8
3986.0,28.58,29.3,1012.32,316.4
3987.0,28.55,29.03,1012.5,317.4
3988.0,28.6,28.22,1012.56,318.7
3989.0,28.48,28.61,1012.44,314.8
3990.0,28.63,29.1,1012.5,321.9
3991.0,28.5,28.66,1012.46,317.2
3992.0,28.6,29.05,1012.41,322.0
3993.0,28.63,29.11,1012.32,324.5
3994.0,28.67,29.05,1012.4,323.5
3995.0,28.63,28.89,1012.32,319.9
3996.0,28.38,28.55,1012.35,318.3
3997.0,28.52,29.04,1012.39,318.9
3998.0,28.6,28.75,1012.43,322.7
3999.0,28.52,28.89,1012.57,319.2
4000.0,28.47,28.7,1012.5,320.2
4001.0,28.5,28.94,1012.2,319.1
4002.0,28.33,29.29,1012.21,321.6
4003.0,28.35,28.19,1012.55,316.4
4004.0,28.5,28.31,1012.68,316.5
4005.0,28.5,28.97,1012.58,323.3
4006.0,28.57,28.72,1012.62,318.0
4007.0,28.46,29.3,1012.34,323.2
4008.0,28.38,28.41,1012.22,318.5
4009.0,28.52,28.51,1012.28,317.9
4010.0,28.62,29.12,1012.4,318.1
4011.0,28.45,28.46,1012.26,317.7
4012.0,28.42,28.76,1012.37,319.5
4013.0,28.48,29.02,1012.4,320.6
4014.0,28.45,29.02,1012.6,319.2
4015.0,28.5,28.71,1012.48,319.1
4016.0,28.59,29.21,1012.31,318.8
4017.0,28.5,28.44,1012.39,322.8
4018.0,28.55,28.4,1012.29,313.9
4019.0,28.55,28.76,1012.38,324.8
4020.0,28.38,28.7,1012.49,320.6
4021.0,28.49,28.65,1012.23,316.7
4022.0,28.39,28.74,1012.46,317.6
4023.0,28.54,28.35,1012.32,318.4
4024.0,28.38,28.94,1012.43,320.2
4025.0,28.58,27.59,1012.24,319.5
4026.0,28.45,28.62,1012.3,325.3
4027.0,28.58,28.49,1012.45,317.5
4028.0,28.63,28.7,1012.3,324.1
4029.0,28.46,28.85,1012.36,323.8
4030.0,28.48,28.82,1012.18,323.1
4031.0,28.55,28.58,1012.7,319.9
4032.0,28.51,29.4,1012.29,322.1
4033.0,28.39,28.69,1012.17,318.5
4034.0,28.5,29.3,1012.26,321.2
4035.0,28.57,28.66,1012.52,323.9
4036.0,28.32,28.13,1012.67,325.9
4037.0,28.6,29.45,1012.62,321.4
4038.0,28.5,29.18,1012.6,317.3
4039.0,28.64,28.25,1012.49,322.5
4040.0,28.53,28.98,1012.4,314.9
4041.0,28.32,29.01,1012.46,318.6
4042.0,28.53,28.46,1012.42,321.3
4043.0,28.45,28.44,1012.42,317.7
4044.0,28.55,27.89,1012.43,316.2
4045.0,28.52,28.8,1012.41,316.7
4046.0,28.63,29.17,1012.44,318.4
4047.0,28.49,28.93,1012.28,316.5
4048.0,28.5,29.24,1012.56,321.8
4049.0,28.38,28.65,1012.67,317.3
4050.0,28.56,28.48,1012.33,315.7
4051.0,28.43,29.41,1012.2,318.1
4052.0,28.44,29.08,1012.12,320.4
4053.0,28.43,29.29,1012.64,318.3
4054.0,28.4,28.92,1012.12,318.5
4055.0,28.62,28.48,1012.61,318.4
4056.0,28.51,29.2,1012.4,321.4
4057.0,28.5,28.23,1012.3,324.7
4058.0,28.41,28.83,1012.43,318.8
4059.0,28.53,28.87,1012.5,317.0
4060.0,28.53,29.13,1012.37,318.3
4061.0,28.58,28.89,1012.27,324.6
4062.0,28.42,28.27,1012.5,319.9
4063.0,28.6,28.39,1012.38,320.0
4064.0,28.49,29.4,1012.41,317.8
4065.0,28.57,28.63,1012.38,323.6
4066.0,28.53,28.79,1012.31,318.6
4067.0,28.38,28.63,1012.5,323.5
4068.0,28.53,28.4,1012.29,318.0
4069.0,28.49,29.09,1012.31,319.9
4070.0,28.49,28.88,1012.3,318.0
4071.0,28.46,28.47,1012.34,317.6
4072.0,28.49,28.58,1012.43,318.0
4073.0,28.44,28.76,1011.99,318.5
4074.0,28.58,28.61,1012.34,317.6
4075.0,28.47,28.99,1012.66,319.1
4076.0,28.53,28.79,1012.21,321.7
4077.0,28.48,28.98,1012.43,319.7
4078.0,28.47,28.68,1012.28,319.1
4079.0,28.6,28.77,1012.45,328.8
4080.0,28.4,28.81,1012.25,321.8
4081.0,28.63,28.19,1012.53,318.1
4082.0,28.54,29.13,1012.48,323.6
4083.0,28.48,29.27,1012.48,322.4
4084.0,28.39,28.49,1012.67,321.5
4085.0,28.59,28.81,1012.57,323.7
4086.0,28.44,28.9,1012.21,316.1
4087.0,28.62,28.93,1012.35,316.4
4088.0,28.38,28.95,1012.68,320.6
4089.0,28.54,28.56,1012.46,322.0
4090.0,28.37,28.69,1012.49,320.1
4091.0,28.51,28.48,1012.16,321.0
4092.0,28.53,28.67,1012.44,323.4
4093.0,28.56,29.01,1012.29,319.3
4094.0,28.4,29.64,1012.65,322.3
4095.0,28.38,29.19,1012.5,320.0
4096.0,28.55,28.6,1012.55,315.5
4097.0,28.47,28.86,1012.68,321.0
4098.0,28.49,28.93,1012.31,320.8
4099.0,28.46,29.14,1012.47,316.1
4100.0,28.42,28.67,1012.44,322.1
4101.0,28.4,28.94,1012.36,319.3
4102.0,28.57,28.84,1012.37,317.9
4103.0,28.51,28.62,1012.39,313.1
4104.0,28.37,28.76,1012.17,319.6
4105.0,28.47,29.07,1012.24,318.7
4106.0,28.43,29.12,1012.5,317.8
4107.0,28.44,28.16,1012.53,319.8
4108.0,28.4,28.58,1012.71,321.9
4109.0,28.45,28.78,1012.49,317.1
4110.0,28.39,28.14,1012.37,322.6
4111.0,28.48,29.05,1012.38,324.8
4112.0,28.53,29.02,1012.2,317.0
4113.0,28.54,29.28,1012.51,321.1
4114.0,28.48,29.02,1012.54,317.6
4115.0,28.56,28.95,1012.24,315.6
4116.0,28.33,29.06,1012.21,319.1
4117.0,28.46,29.18,1012.33,316.7
4118.0,28.55,29.97,1012.26,314.9
4119.0,28.4,28.9,1012.57,319.4
4120.0,28.63,28.79,1012.27,322.8
4121.0,28.56,29.01,1012.41,325.6
4122.0,28.52,28.65,1012.4,320.7
4123.0,28.52,28.92,1012.33,315.5
4124.0,28.44,28.96,1012.36,314.7
4125.0,28.55,29.43,1012.43,314.5
4126.0,28.47,29.06,1012.37,323.5
4127.0,28.58,28.64,1012.27,321.7
4128.0,28.46,28.78,1012.51,320.3
4129.0,28.33,28.93,1012.14,320.3
4130.0,28.39,29.37,1012.4,324.9
4131.0,28.54,29.28,1012.4,321.3
4132.0,28.53,29.12,1012.38,322.7
4133.0,28.59,28.34,1012.46,319.1
4134.0,28.37,28.71,1012.33,319.3
4135.0,28.54,28.83,1012.41,319.3
4136.0,28.53,28.69,1012.69,322.3
4137.0,28.47,28.6,1012.34,320.5
4138.0,28.4,28.25,1012.56,317.2
4139.0,28.45,28.96,1012.14,315.1
4140.0,28.43,28.85,1012.5,320.6
4141.0,28.44,28.53,1012.46,320.3
4142.0,28.44,28.07,1012.47,322.4
4143.0,28.46,28.79,1012.45,319.0
4144.0,28.36,28.7,1012.49,320.5
4145.0,28.49,28.39,1012.35,320.8
4146.0,28.54,28.77,1012.58,321.9
4147.0,28.71,28.64,1012.31,318.7
4148.0,28.47,29.46,1012.29,317.0
4149.0,28.55,28.7,1012.44,317.5
4150.0,28.49,28.4,1012.34,325.1
4151.0,28.47,28.04,1012.18,320.5
4152.0,28.35,29.08,1012.52,314.5
4153.0,28.37,29.27,1012.15,322.9
4154.0,28.62,28.67,1012.35,320.1
4155.0,28.42,28.69,1012.3,322.4
4156.0,28.47,29.15,1012.27,315.3
4157.0,28.4,28.88,1012.31,323.4
4158.0,28.46,28.6,1012.46,318.0
4159.0,28.24,28.88,1012.37,321.7
4160.0,28.57,29.01,1012.41,319.0
4161.0,28.55,28.74,1012.61,319.1
4162.0,28.52,28.4,1012.53,314.8
4163.0,28.58,28.94,1012.31,316.9
4164.0,28.52,28.83,1012.47,322.1
4165.0,28.37,29.25,1012.67,320.9
4166.0,28.56,29.04,1012.58,321.5
4167.0,28.45,28.93,1012.3,321.5
4168.0,28.53,29.39,1012.5,320.4
4169.0,28.45,28.97,1012.3,318.8
4170.0,28.62,28.89,1012.48,322.4
4171.0,28.36,29.07,1012.25,322.2
4172.0,28.59,28.17,1012.17,318.6
4173.0,28.54,28.3,1012.4,319.9
4174.0,28.51,28.69,1012.56,319.8
4175.0,28.53,28.89,1012.34,315.8
4176.0,28.5,28.99,1012.44,321.6
4177.0,28.67,29.57,1012.72,316.5
4178.0,28.44,28.94,1012.33,311.5
4179.0,28.54,28.83,1012.62,322.1
4180.0,28.46,28.55,1012.24,318.5
4181.0,28.52,28.9,1012.45,321.9
4182.0,28.47,28.61,1012.48,319.9
4183.0,28.43,28.39,1012.19,315.9
4184.0,28.52,29.11,1012.42,320.4
4185.0,28.52,29.08,1012.48,315.9
4186.0,28.58,29.0,1012.35,316.2
4187.0,28.5,28.09,1012.75,323.9
4188.0,28.5,28.64,1012.34,324.8
4189.0,28.48,29.26,1012.34,318.3
4190.0,28.41,28.76,1012.48,323.1
4191.0,28.41,28.94,1012.59,316.7
4192.0,28.44,28.8,1012.13,321.1
4193.0,28.54,29.26,1012.21,317.2
4194.0,28.52,28.96,1012.0,318.5
4195.0,28.65,27.87,1012.42,324.0
4196.0,28.62,28.6,1012.35,324.3
4197.0,28.46,28.91,1012.49,316.7
4198.0,28.43,29.78,1012.25,322.9
4199.0,28.39,28.28,1012.42,317.2
4200.0,28.47,29.27,1012.41,320.9
4201.0,28.54,28.35,1012.45,321.2
4202.0,28.6,28.75,1012.35,320.5
4203.0,28.33,29.24,1012.45,319.0
4204.0,28.5,28.43,1012.44,320.8
4205.0,28.49,28.88,1012.5,319.8
4206.0,28.43,29.34,1012.44,320.4
4207.0,28.48,29.19,1012.38,323.3
4208.0,28.54,28.96,1012.31,313.8
4209.0,28.38,28.59,1012.29,322.4
4210.0,28.33,28.63,1012.43,320.0
4211.0,28.54,29.49,1012.34,320.5
4212.0,28.39,28.88,1012.58,310.9
4213.0,28.51,28.92,1012.36,322.9
4214.0,28.47,29.69,1012.04,319.7
4215.0,28.48,28.93,1012.29,321.4
4216.0,28.57,29.17,1012.33,316.4
4217.0,28.57,29.65,1012.3,325.8
4218.0,28.34,29.07,1012.46,319.0
4219.0,28.44,29.58,1012.43,319.5
4220.0,28.44,29.42,1012.33,323.1
4221.0,28.37,29.36,1012.15,319.2
4222.0,28.25,28.99,1012.33,317.2
4223.0,28.47,29.59,1012.49,318.8
4224.0,28.34,28.71,1012.31,324.7
4225.0,28.3,29.51,1012.37,321.4
4226.0,28.48,29.01,1012.28,314.3
4227.0,28.47,30.24,1012.45,319.3
4228.0,28.35,29.51,1012.22,321.6
4229.0,28.55,29.77,1012.54,326.5
4230.0,28.41,29.56,1012.46,317.3
4231.0,28.46,28.8,1012.58,319.7
4232.0,28.51,29.01,1012.25,323.5
4233.0,28.19,29.45,1012.32,326.9
4234.0,28.35,29.45,1012.43,319.4
4235.0,28.33,29.32,1012.11,317.8
4236.0,28.19,29.1,1012.35,319.2
4237.0,28.3,29.49,1012.4,318.8
4238.0,28.35,28.9,1012.5,322.8
4239.0,28.25,30.18,1012.24,324.6
4240.0,28.38,29.34,1012.46,314.8
4241.0,28.24,29.71,1012.66,323.7
4242.0,28.15,29.98,1012.43,319.6
4243.0,28.38,29.24,1012.29,321.0
4244.0,28.33,29.36,1012.49,319.5
4245.0,28.24,29.32,1012.04,320.6
4246.0,28.21,29.29,1012.32,322.2
4247.0,28.38,29.57,1012.23,321.9
4248.0,28.12,30.11,1012.58,314.2
4249.0,28.25,28.85,1012.35,319.6
4250.0,28.29,29.58,1012.17,320.9
4251.0,28.14,30.11,1012.25,323.2
4252.0,28.27,29.63,1012.66,323.5
4253.0,28.27,29.03,1012.18,316.7
4254.0,28.3,29.82,1012.4,319.4
4255.0,28.2,29.6,1012.52,318.5
4256.0,28.31,29.71,1012.59,319.0
4257.0,28.24,30.35,1012.64,320.3
4258.0,28.26,30.85,1012.39,313.7
4259.0,28.12,29.79,1012.23,319.3
4260.0,28.12,29.22,1012.48,315.9
4261.0,28.23,29.84,1012.2,320.6
4262.0,28.16,29.69,1012.62,318.1
4263.0,28.15,30.6,1012.43,319.3
4264.0,28.3,29.75,1012.29,326.1
4265.0,28.25,30.26,1012.66,317.7
4266.0,28.11,30.02,1012.45,317.5
4267.0,28.25,29.8,1012.35,326.6
4268.0,28.15,30.12,1012.5,317.0
4269.0,28.12,30.08,1012.45,314.8
4270.0,28.17,29.85,1012.52,320.6
4271.0,28.22,30.34,1012.5,316.4
4272.0,28.11,30.73,1012.41,319.3
4273.0,28.16,30.62,1012.75,323.0
4274.0,28.11,29.64,1012.58,322.9
4275.0,28.08,30.66,1012.22,320.6
4276.0,28.06,30.19,1012.57,315.4
4277.0,28.11,30.66,1012.43,314.6
4278.0,28.14,30.08,1012.26,324.5
4279.0,28.09,29.31,1012.11,320.5
4280.0,28.09,30.73,1012.25,314.9
4281.0,28.08,30.53,1012.27,325.6
4282.0,28.12,30.46,1012.6,321.2
4283.0,28.03,30.42,1012.37,322.6
4284.0,28.11,30.53,1012.41,315.3
4285.0,28.12,30.38,1012.43,318.3
4286.0,28.1,30.24,1012.48,322.8
4287.0,28.12,29.43,1012.38,320.1
4288.0,27.93,30.62,1012.54,316.4
4289.0,28.0,30.74,1012.59,316.9
4290.0,28.04,30.54,1012.39,322.5
4291.0,28.11,30.12,1012.29,319.2
4292.0,28.01,30.43,1012.19,316.4
4293.0,27.93,30.62,1012.2,320.3
4294.0,28.04,30.87,1012.5,324.9
4295.0,28.0,30.36,1012.53,318.7
4296.0,27.95,30.29,1012.33,322.2
4297.0,28.03,30.51,1012.29,324.8
4298.0,28.12,31.18,1012.53,318.0
4299.0,28.12,31.07,1012.36,318.9
4300.0,27.93,30.23,1012.26,324.0
4301.0,28.0,30.64,1012.75,315.9
4302.0,27.9,31.25,1012.59,321.3
4303.0,27.85,30.41,1012.35,317.0
4304.0,27.93,30.76,1012.44,318.4
4305.0,27.93,31.75,1012.25,316.1
4306.0,27.8,30.45,1012.72,321.9
4307.0,28.19,31.58,1012.49,323.5
4308.0,28.1,31.24,1012.33,322.5
4309.0,27.95,30.88,1012.42,321.6
4310.0,27.96,30.77,1012.72,320.9
4311.0,27.96,30.55,1012.49,321.5
4312.0,27.99,30.02,1012.65,316.5
4313.0,27.92,31.24,1012.48,321.5
4314.0,28.04,31.79,1012.27,320.0
4315.0,27.85,30.74,1012.38,323.9
4316.0,27.99,30.47,1012.39,323.3
4317.0,27.92,30.91,1012.41,318.2
4318.0,27.89,29.98,1012.32,318.2
4319.0,27.9,30.76,1012.29,321.5
4320.0,27.89,30.6,1012.33,315.7
4321.0,27.84,30.9,1012.64,320.1
4322.0,27.92,30.69,1011.98,323.7
4323.0,27.94,30.79,1012.27,320.8
4324.0,27.76,30.99,1012.61,320.7
4325.0,27.85,30.87,1012.34,324.0
4326.0,27.83,32.21,1012.46,322.2
4327.0,27.91,31.12,1012.39,316.6
4328.0,27.86,31.32,1012.38,319.7
4329.0,27.98,31.87,1012.48,320.6
4330.0,27.9,31.01,1012.25,322.0
4331.0,27.8,31.17,1012.31,318.0
4332.0,27.89,30.78,1012.54,319.0
4333.0,27.82,31.49,1012.52,319.7
4334.0,27.82,31.28,1012.48,323.1
4335.0,27.69,32.04,1012.38,319.2
4336.0,27.87,31.6,1012.46,321.8
4337.0,27.83,31.09,1012.39,318.6
4338.0,27.9,31.52,1012.55,317.7
4339.0,27.88,31.28,1012.29,322.8
4340.0,27.77,31.25,1012.34,321.6
4341.0,27.8,31.44,1012.36,319.4
4342.0,27.86,31.18,1012.56,316.8
4343.0,27.79,31.42,1012.51,320.7
4344.0,27.73,31.11,1012.35,319.4
4345.0,27.7,31.56,1012.44,320.3
4346.0,27.66,31.2,1012.3,320.9
4347.0,27.74,31.78,1012.35,319.6
4348.0,27.85,31.63,1012.55,324.8
4349.0,27.73,31.85,1012.32,322.7
4350.0,27.71,31.7,1012.52,326.5
4351.0,27.75,31.62,1012.79,322.0
4352.0,27.67,31.27,1012.22,326.2
4353.0,27.74,31.41,1012.44,321.5
4354.0,27.67,31.41,1012.39,321.3
4355.0,27.8,31.44,1012.38,320.7
4356.0,27.77,31.14,1012.38,321.0
4357.0,27.76,31.34,1012.25,318.5
4358.0,27.67,30.93,1012.4,317.9
4359.0,27.7,31.44,1012.43,322.1
4360.0,27.91,31.45,1012.46,323.9
4361.0,27.66,32.12,1012.28,317.7
4362.0,27.67,32.16,1012.25,325.5
4363.0,27.73,31.8,1012.37,317.9
4364.0,27.77,31.93,1012.25,315.7
4365.0,27.6,32.23,1012.47,319.8
4366.0,27.55,31.6,1012.33,322.1
4367.0,27.67,31.3,1012.41,317.3
4368.0,27.67,32.52,1012.48,319.7
4369.0,27.54,31.66,1012.37,318.6
4370.0,27.83,31.85,1012.28,320.0
4371.0,27.74,32.16,1012.3,318.9
4372.0,27.71,32.2,1012.38,322.7
4373.0,27.56,31.44,1012.2,317.9
4374.0,27.42,32.84,1012.69,323.3
4375.0,27.52,33.13,1012.43,318.2
4376.0,27.62,32.09,1012.44,320.5
4377.0,27.51,31.37,1012.44,322.2
4378.0,27.62,32.16,1012.39,321.0
4379.0,27.61,31.08,1012.6,318.8
4380.0,27.71,32.6,1012.57,319.7
4381.0,27.58,31.84,1012.32,321.2
4382.0,27.58,32.96,1012.39,321.5
4383.0,27.53,32.25,1012.5,325.9
4384.0,27.71,31.99,1012.68,322.3
4385.0,27.49,31.66,1012.22,321.5
4386.0,27.81,32.72,1012.38,321.5
4387.0,27.53,32.8,1012.49,318.7
4388.0,27.5,31.66,1012.47,314.0
4389.0,27.58,32.57,1012.44,317.2
4390.0,27.63,32.78,1012.49,325.2
4391.0,27.51,32.08,1012.31,326.6
4392.0,27.59,32.95,1012.49,317.6
4393.0,27.57,32.28,1012.23,320.1
4394.0,27.38,32.39,1012.22,318.2
4395.0,27.54,32.19,1012.29,323.6
4396.0,27.6,31.87,1012.41,318.5
4397.0,27.57,33.14,1012.12,323.1
4398.0,27.56,32.4,1012.17,321.4
4399.0,27.58,32.23,1012.33,322.3
4400.0,27.52,32.14,1012.59,311.1
4401.0,27.56,32.25,1012.17,316.7
4402.0,27.58,32.87,1012.7,317.9
4403.0,27.49,32.0,1012.54,319.9
4404.0,27.48,32.27,1012.34,316.8
4405.0,27.58,32.46,1012.58,325.5
4406.0,27.34,32.4,1012.33,322.4
4407.0,27.43,32.07,1012.56,320.1
4408.0,27.68,32.13,1012.54,318.9
4409.0,27.44,32.55,1012.25,323.0
4410.0,27.4,32.66,1012.43,322.1
4411.0,27.23,32.5,1012.6,317.2
4412.0,27.41,32.51,1012.22,319.7
4413.0,27.41,32.61,1012.33,314.4
4414.0,27.53,32.54,1012.6,326.0
4415.0,27.37,32.55,1012.14,320.5
4416.0,27.42,31.8,1012.36,318.7
4417.0,27.33,33.04,1012.39,319.7
4418.0,27.36,32.66,1012.32,321.8
4419.0,27.6,33.08,1012.33,316.6
4420.0,27.32,32.93,1012.29,319.7
4421.0,27.31,33.21,1012.7,322.0
4422.0,27.52,32.56,1012.55,319.0
4423.0,27.34,32.48,1012.32,316.7
4424.0,27.41,32.42,1012.5,315.4
4425.0,27.33,33.69,1012.35,321.9
4426.0,27.37,32.26,1012.42,319.7
4427.0,27.31,33.05,1012.44,314.9
4428.0,27.45,33.0,1012.52,318.2
4429.0,27.37,33.3,1012.36,315.9
4430.0,27.37,32.21,1012.5,318.6
4431.0,27.28,32.44,1012.51,319.2
4432.0,27.21,32.99,1012.39,317.7
4433.0,27.32,33.06,1012.41,321.4
4434.0,27.31,33.52,1012.39,319.4
4435.0,27.18,32.46,1012.32,321.1
4436.0,27.4,32.63,1012.5,322.2
4437.0,27.35,32.95,1012.35,318.8
4438.0,27.29,33.33,1012.52,315.9
4439.0,27.29,33.04,1012.32,319.5
4440.0,27.13,33.0,1012.46,318.0
4441.0,27.25,34.1,1012.53,320.0
4442.0,27.34,33.35,1012.34,316.4
4443.0,27.41,34.43,1012.39,317.1
4444.0,27.14,32.98,1012.5,321.3
4445.0,27.23,33.02,1012.51,317.3
4446.0,27.27,33.25,1012.39,319.3
4447.0,27.07,33.07,1012.2,327.5
4448.0,27.3,33.11,1012.7,322.1
4449.0,27.4,32.34,1012.58,317.8
4450.0,27.23,33.35,1012.59,322.3
4451.0,27.15,33.56,1012.45,318.1
4452.0,27.15,33.29,1012.31,320.3
4453.0,27.23,33.74,1012.38,316.8
4454.0,27.33,33.43,1012.4,319.3
4455.0,27.24,33.93,1012.61,319.5
4456.0,27.19,33.68,1012.57,323.3
4457.0,27.32,33.52,1012.41,316.4
4458.0,27.17,32.79,1012.58,324.0
4459.0,27.23,34.12,1012.21,319.6
4460.0,27.21,33.37,1012.16,318.7
4461.0,27.23,33.88,1012.44,316.9
4462.0,27.19,34.52,1012.23,324.4
4463.0,27.3,33.89,1012.57,325.4
4464.0,27.3,33.79,1012.84,316.5
4465.0,27.24,33.7,1012.32,319.8
4466.0,27.23,33.01,1012.44,319.7
4467.0,27.14,33.28,1012.33,320.0
4468.0,27.09,34.05,1012.53,322.7
4469.0,27.14,33.8,1012.28,324.2
4470.0,27.13,33.88,1012.26,320.9
4471.0,27.15,33.59,1012.26,321.3
4472.0,27.28,33.63,1012.57,315.5
4473.0,27.22,32.87,1012.3,318.7
4474.0,26.97,33.87,1012.51,319.9
4475.0,27.22,34.7,1012.22,318.3
4476.0,27.22,34.51,1012.72,320.2
4477.0,27.08,33.69,1012.49,318.4
4478.0,26.92,33.87,1012.44,322.7
4479.0,27.14,34.11,1012.56,321.2
4480.0,27.24,34.16,1012.34,319.3
4481.0,27.08,33.95,1012.43,321.2
4482.0,27.15,33.55,1012.37,319.5
4483.0,27.11,33.59,1012.6,316.5
4484.0,27.0,33.61,1012.11,319.1
4485.0,27.12,33.29,1012.42,320.9
4486.0,27.05,33.74,1012.28,318.2
4487.0,27.08,34.27,1012.36,323.7
4488.0,26.95,33.5,1012.27,319.9
4489.0,27.03,34.38,1012.52,318.5
4490.0,26.97,33.89,1012.6,320.2
4491.0,27.05,33.77,1012.54,320.7
4492.0,27.02,33.85,1012.54,323.9
4493.0,27.02,33.42,1012.28,324.0
4494.0,27.09,35.34,1012.44,323.7
4495.0,27.11,34.26,1012.6,314.0
4496.0,27.02,33.52,1012.49,327.9
4497.0,26.92,33.18,1012.37,319.5
4498.0,27.01,34.11,1012.04,319.8
4499.0,27.01,34.25,1012.49,317.7
4500.0,27.01,34.09,1012.6,321.7
4501.0,26.97,33.83,1012.47,323.1
4502.0,27.04,34.16,1012.74,319.6
4503.0,26.92,34.12,1012.1,320.8
4504.0,26.8,34.25,1012.6,323.6
4505.0,26.88,33.95,1012.55,321.1
4506.0,27.01,33.8,1012.53,320.4
4507.0,26.94,34.39,1012.32,324.0
4508.0,27.01,34.13,1012.1,322.3
4509.0,27.01,34.62,1012.42,316.7
4510.0,26.96,33.87,1012.46,326.3
4511.0,26.86,34.46,1012.35,318.9
4512.0,26.92,33.74,1012.47,322.1
4513.0,27.03,34.05,1012.2,323.2
4514.0,26.88,33.77,1012.53,322.7
4515.0,26.99,34.04,1012.25,315.6
4516.0,26.87,34.16,1012.15,326.2
4517.0,26.99,34.09,1012.13,315.5
4518.0,26.93,34.42,1012.54,317.0
4519.0,26.8,34.41,1012.43,320.6
4520.0,26.93,34.78,1012.44,315.2
4521.0,27.0,35.26,1012.44,322.2
4522.0,26.93,34.38,1012.26,322.4
4523.0,26.9,34.68,1012.48,321.8
4524.0,26.86,35.32,1012.42,319.2
4525.0,26.83,34.4,1012.44,319.7
4526.0,26.71,34.32,1012.21,323.9
4527.0,26.8,34.58,1012.49,320.9
4528.0,26.85,35.2,1012.67,321.4
4529.0,26.9,34.9,1012.36,319.4
4530.0,26.91,34.27,1012.31,319.4
4531.0,26.8,34.91,1012.18,323.2
4532.0,26.79,34.53,1012.63,319.4
4533.0,26.8,35.71,1012.38,319.9
4534.0,26.79,34.55,1012.37,320.7
4535.0,26.96,34.79,1012.28,320.9
4536.0,26.94,35.25,1012.25,317.4
4537.0,26.92,34.44,1012.43,322.3
4538.0,26.88,35.29,1012.66,322.7
4539.0,26.93,34.56,1012.14,321.0
4540.0,26.84,34.61,1012.43,321.0
4541.0,26.69,35.16,1012.38,316.9
4542.0,26.78,34.23,1012.5,319.3
4543.0,26.71,33.78,1012.52,319.5
4544.0,26.72,35.32,1012.5,315.7
4545.0,26.84,35.16,1012.37,317.2
4546.0,26.69,35.22,1012.19,321.6
4547.0,26.72,34.75,1012.33,321.0
4548.0,26.87,34.89,1012.63,314.3
4549.0,26.76,34.85,1012.4,323.1
4550.0,26.8,34.95,1012.42,319.5
4551.0,26.65,34.69,1012.15,321.7
4552.0,26.68,35.02,1012.16,315.1
4553.0,26.82,34.7,1012.41,322.2
4554.0,26.72,34.79,1012.28,323.6
4555.0,26.69,34.88,1012.55,321.8
4556.0,26.75,35.24,1012.31,320.0
4557.0,26.76,35.07,1012.63,318.5
4558.0,26.69,35.08,1012.34,317.7
4559.0,26.65,35.67,1012.32,319.0
4560.0,26.69,35.54,1012.48,317.4
4561.0,26.73,35.09,1012.56,320.8
4562.0,26.69,35.56,1012.26,320.9
4563.0,26.69,35.76,1012.46,320.8
4564.0,26.59,35.17,1012.54,320.3
4565.0,26.72,35.52,1012.48,320.9
4566.0,26.71,36.1,1012.37,321.4
4567.0,26.64,35.48,1012.35,321.1
4568.0,26.65,34.63,1012.6,322.7
4569.0,26.77,35.51,1012.35,317.8
4570.0,26.8,35.76,1012.64,316.1
4571.0,26.63,35.64,1012.47,318.9
4572.0,26.66,35.26,1012.15,320.2
4573.0,26.56,35.8,1012.52,320.3
4574.0,26.55,35.38,1012.28,324.4
4575.0,26.73,35.65,1012.54,320.0
4576.0,26.6,35.18,1012.32,315.5
4577.0,26.68,35.88,1012.43,318.1
4578.0,26.69,35.33,1012.56,317.1
4579.0,26.8,35.7,1012.33,322.3
4580.0,26.73,35.52,1012.46,319.9
4581.0,26.63,35.68,1012.47,321.4
4582.0,26.63,35.32,1012.28,316.1
4583.0,26.56,35.36,1012.33,321.8
4584.0,26.68,35.29,1012.39,317.5
4585.0,26.59,35.83,1012.23,322.0
4586.0,26.78,35.59,1012.24,321.1
4587.0,26.57,35.59,1012.06,319.9
4588.0,26.62,36.0,1012.21,320.9
4589.0,26.45,35.36,1012.67,321.4
4590.0,26.59,35.61,1012.44,320.9
4591.0,26.4,35.85,1012.65,324.3
4592.0,26.51,35.98,1012.63,324.3
4593.0,26.52,36.25,1012.65,323.6
4594.0,26.58,36.31,1012.4,317.9
4595.0,26.55,35.34,1012.45,321.9
4596.0,26.49,36.16,1012.15,323.9
4597.0,26.5,36.18,1012.4,318.5
4598.0,26.65,35.63,1012.28,319.6
4599.0,26.57,36.26,1012.3,315.0
4600.0,26.55,36.06,1012.56,316.4
4601.0,26.52,35.31,1012.34,320.7
4602.0,26.59,35.89,1012.47,319.2
4603.0,26.56,36.25,1012.56,322.0
4604.0,26.59,36.22,1012.36,322.7
4605.0,26.42,36.17,1012.37,322.6
4606.0,26.46,37.05,1012.3,317.1
4607.0,26.43,36.26,1012.51,323.6
4608.0,26.35,36.18,1012.24,326.1
4609.0,26.43,36.71,1012.37,321.7
4610.0,26.36,36.21,1012.2,324.0
4611.0,26.49,36.11,1012.28,321.7
4612.0,26.59,36.62,1012.52,325.8
4613.0,26.41,36.51,1012.3,315.6
4614.0,26.32,36.91,1012.19,322.5
4615.0,26.41,35.39,1012.57,321.5
4616.0,26.54,36.5,1012.32,320.0
4617.0,26.47,36.5,1012.59,320.6
4618.0,26.46,36.5,1012.45,320.8
4619.0,26.38,35.88,1012.42,318.9
4620.0,26.49,36.55,1012.47,323.2
4621.0,26.37,37.49,1012.34,319.6
4622.0,26.45,36.65,1012.41,326.5
4623.0,26.33,36.5,1012.59,318.2
4624.0,26.32,36.85,1012.55,320.3
4625.0,26.24,36.77,1012.45,322.2
4626.0,26.36,36.17,1012.41,317.2
4627.0,26.24,36.52,1012.75,315.8
4628.0,26.41,36.59,1012.43,319.5
4629.0,26.38,36.52,1012.55,316.6
4630.0,26.36,36.25,1012.39,320.1
4631.0,26.36,36.64,1012.57,319.7
4632.0,26.43,36.33,1012.21,324.9
4633.0,26.23,37.04,1012.39,320.2
4634.0,26.27,36.63,1012.76,324.6
4635.0,26.36,36.12,1012.27,320.3
4636.0,26.4,37.17,1012.52,318.8
4637.0,26.31,36.72,1012.47,324.7
4638.0,26.37,36.24,1012.33,324.2
4639.0,26.23,37.18,1012.33,319.5
4640.0,26.24,36.52,1012.2,320.9
4641.0,26.33,37.23,1012.49,313.7
4642.0,26.22,36.09,1012.36,322.3
4643.0,26.32,36.85,1012.21,326.4
4644.0,26.27,36.63,1012.64,320.0
4645.0,26.42,37.16,1012.43,321.0
4646.0,26.31,36.85,1012.36,322.1
4647.0,26.26,36.81,1012.24,323.5
4648.0,26.25,37.66,1012.49,316.7
4649.0,26.23,37.4,1012.25,321.1
4650.0,26.25,36.91,1012.19,318.2
4651.0,26.17,37.48,1012.61,316.1
4652.0,26.28,36.76,1012.32,315.5
4653.0,26.21,37.05,1012.47,320.1
4654.0,26.05,37.2,1012.4,317.8
4655.0,26.17,36.96,1012.2,319.6
4656.0,26.38,37.28,1012.5,319.3
4657.0,26.42,37.18,1012.46,316.7
4658.0,26.24,36.93,1012.35,319.5
4659.0,26.24,37.92,1012.32,317.2
4660.0,26.25,37.74,1012.26,316.0
4661.0,26.12,36.74,1012.42,318.8
4662.0,26.21,37.08,1012.39,319.5
4663.0,26.23,37.52,1012.4,319.1
4664.0,26.02,37.08,1012.39,324.4
4665.0,26.03,37.33,1012.22,319.9
4666.0,26.09,37.57,1012.36,317.8
4667.0,26.11,37.79,1012.27,323.5
4668.0,26.2,36.98,1012.35,320.3
4669.0,26.08,37.06,1012.58,316.6
4670.0,26.16,37.2,1012.44,314.6
4671.0,26.11,36.87,1012.6,320.2
4672.0,26.26,37.37,1012.57,317.4
4673.0,26.07,37.0,1012.58,327.4
4674.0,26.1,36.84,1012.45,325.1
4675.0,26.09,37.4,1012.36,318.6
4676.0,26.07,38.29,1012.71,313.7
4677.0,26.07,36.43,1012.35,316.8
4678.0,26.11,36.83,1012.52,320.9
4679.0,26.21,37.71,1012.26,321.0
4680.0,26.22,36.58,1012.52,320.7
4681.0,26.1,37.28,1012.58,320.8
4682.0,26.23,37.41,1012.37,320.3
4683.0,26.07,37.51,1012.49,314.0
4684.0,26.0,37.56,1012.46,323.2
4685.0,26.14,37.5,1012.29,318.9
4686.0,26.09,37.47,1012.17,318.1
4687.0,26.08,37.32,1012.45,320.4
4688.0,26.03,37.59,1012.44,325.0
4689.0,25.98,37.94,1012.2,321.0
4690.0,26.07,37.72,1012.39,319.8
4691.0,26.12,37.65,1012.49,319.7
4692.0,26.05,37.45,1012.16,325.2
4693.0,26.07,37.34,1012.6,318.0
4694.0,26.05,37.26,1012.36,323.7
4695.0,26.12,37.49,1012.47,320.0
4696.0,26.12,37.77,1012.3,317.1
4697.0,26.02,37.71,1012.35,316.2
4698.0,25.88,38.13,1012.31,320.2
4699.0,25.95,37.67,1012.6,317.7
4700.0,26.02,37.26,1012.62,323.9
4701.0,25.74,38.44,1012.41,322.3
4702.0,26.01,37.3,1012.27,320.6
4703.0,26.08,37.62,1012.19,320.0
4704.0,26.16,38.5,1012.26,322.4
4705.0,26.03,37.98,1012.33,322.8
4706.0,25.78,38.26,1012.46,325.8
4707.0,25.89,38.41,1012.41,320.1
4708.0,25.93,37.65,1012.52,322.9
4709.0,25.84,38.25,1012.22,322.8
4710.0,26.01,38.2,1012.47,320.0
4711.0,26.02,38.11,1012.59,322.2
4712.0,26.02,37.9,1012.51,323.0
4713.0,25.93,38.18,1012.35,320.8
4714.0,25.97,38.05,1012.2,327.4
4715.0,25.85,38.08,1012.58,315.3
4716.0,25.86,37.87,1012.17,326.2
4717.0,25.97,37.88,1012.41,318.0
4718.0,25.96,37.82,1012.4,322.3
4719.0,25.99,37.06,1012.33,321.8
4720.0,25.83,37.73,1012.29,321.8
4721.0,25.73,38.09,1012.01,319.5
4722.0,26.05,38.46,1012.42,317.1
4723.0,25.93,38.3,1012.19,320.5
4724.0,25.8,37.88,1012.32,318.8
4725.0,25.85,38.01,1012.45,321.5
4726.0,25.93,38.15,1012.15,317.5
4727.0,25.77,37.97,1012.42,322.8
4728.0,25.88,38.42,1012.17,318.7
4729.0,25.79,37.98,1012.18,316.1
4730.0,25.9,38.46,1012.73,325.3
4731.0,25.7,37.97,1012.42,319.1
4732.0,26.15,39.18,1012.59,319.7
4733.0,25.85,38.14,1012.15,322.4
4734.0,25.85,38.08,1012.35,317.8
4735.0,25.8,38.95,1012.32,320.1
4736.0,25.69,37.84,1012.5,322.3
4737.0,25.97,38.08,1012.47,318.2
4738.0,25.83,38.41,1012.42,320.9
4739.0,25.82,38.15,1012.27,316.3
4740.0,25.85,38.27,1012.15,315.8
4741.0,25.83,38.38,1012.26,319.0
4742.0,25.9,38.51,1012.47,320.0
4743.0,25.78,38.16,1012.52,320.3
4744.0,25.87,38.93,1012.66,320.8
4745.0,25.79,39.21,1012.44,316.9
4746.0,25.67,39.0,1012.39,320.0
4747.0,25.82,38.5,1012.53,317.7
4748.0,25.78,39.09,1012.25,317.1
4749.0,25.82,38.77,1012.27,322.0
4750.0,25.75,38.42,1012.17,318.1
4751.0,25.8,38.74,1012.36,313.0
4752.0,25.63,38.55,1012.48,315.2
4753.0,25.69,38.1,1012.45,320.5
4754.0,25.87,38.79,1012.41,318.6
4755.0,25.75,38.36,1012.2,320.6
4756.0,25.78,38.42,1012.37,319.0
4757.0,25.8,38.42,1012.34,320.9
4758.0,25.84,38.48,1012.85,314.7
4759.0,25.5,38.8,1012.48,317.6
4760.0,25.74,38.54,1012.29,320.3
4761.0,25.68,38.91,1012.22,319.8
4762.0,25.66,38.81,1012.41,325.2
4763.0,25.67,38.92,1012.54,320.1
4764.0,25.76,38.89,1012.61,326.2
4765.0,25.83,38.41,1012.5,320.4
4766.0,25.63,38.95,1012.69,320.0
4767.0,25.57,38.17,1012.29,316.9
4768.0,25.69,39.38,1012.45,314.0
4769.0,25.8,38.31,1012.58,318.4
4770.0,25.65,38.69,1012.63,322.9
4771.0,25.48,39.03,1012.22,320.8
4772.0,25.5,38.57,1012.34,321.2
4773.0,25.58,39.47,1012.56,317.6
4774.0,25.64,39.29,1012.5,319.3
4775.0,25.54,38.65,1012.32,318.5
4776.0,25.74,38.66,1012.04,323.1
4777.0,25.59,39.32,1012.27,318.4
4778.0,25.64,39.41,1012.48,317.2
4779.0,25.56,38.99,1012.36,322.9
4780.0,25.65,38.33,1012.25,321.7
4781.0,25.55,39.76,1012.47,321.9
4782.0,25.48,39.09,1012.16,320.5
4783.0,25.6,39.49,1012.29,314.9
4784.0,25.55,39.4,1012.31,318.9
4785.0,25.75,39.2,1012.32,320.6
4786.0,25.65,39.63,1012.46,323.4
4787.0,25.55,39.08,1011.99,313.4
4788.0,25.54,39.62,1012.21,321.2
4789.0,25.59,38.16,1012.36,320.0
4790.0,25.44,39.3,1012.55,322.1
4791.0,25.48,39.54,1012.33,318.7
4792.0,25.52,38.88,1012.68,313.6
4793.0,25.47,39.27,1012.36,318.0
4794.0,25.48,39.26,1012.44,321.6
4795.0,25.46,39.73,1012.51,316.1
4796.0,25.43,39.11,1012.4,317.2
4797.0,25.59,39.31,1012.18,316.7
4798.0,25.65,39.67,1012.67,314.3
4799.0,25.56,40.01,1012.46,319.5
4800.0,25.63,39.96,1012.33,323.4
4801.0,25.44,39.33,1012.29,320.7
4802.0,25.58,39.53,1012.29,318.7
4803.0,25.52,39.56,1012.62,316.0
4804.0,25.5,39.39,1012.47,320.8
4805.0,25.41,39.82,1012.56,315.4
4806.0,25.43,39.86,1012.35,318.7
4807.0,25.47,39.64,1012.41,320.6
4808.0,25.51,39.46,1012.44,318.8
4809.0,25.4,38.69,1012.4,319.6
4810.0,25.43,39.93,1012.56,318.6
4811.0,25.41,39.63,1012.36,321.8
4812.0,25.32,40.38,1012.4,315.1
4813.0,25.44,39.18,1012.61,321.6
4814.0,25.39,40.32,1012.47,319.7
4815.0,25.43,39.86,1012.37,318.7
4816.0,25.35,39.33,1012.39,313.3
4817.0,25.45,39.7,1012.31,318.1
4818.0,25.22,39.68,1012.45,318.6
4819.0,25.43,39.51,1012.52,317.9
4820.0,25.3,40.26,1012.61,319.6
4821.0,25.36,39.91,1012.32,320.4
4822.0,25.36,40.07,1012.47,324.7
4823.0,25.48,39.8,1012.26,320.3
4824.0,25.3,39.77,1012.52,323.4
4825.0,25.32,39.79,1012.47,314.1
4826.0,25.3,40.64,1012.49,319.7
4827.0,25.6,40.5,1012.18,319.8
4828.0,25.36,40.03,1012.32,321.0
4829.0,25.41,40.21,1012.24,323.8
4830.0,25.45,39.69,1012.52,318.1
4831.0,25.33,40.36,1012.61,317.8
4832.0,25.34,40.25,1012.59,323.6
4833.0,25.37,40.07,1012.42,322.5
4834.0,25.25,39.36,1012.31,320.7
4835.0,25.3,40.63,1012.48,322.7
4836.0,25.26,39.81,1012.43,320.6
4837.0,25.25,40.23,1012.29,314.9
4838.0,25.31,40.29,1012.44,322.9
4839.0,25.4,39.88,1012.41,322.3
4840.0,25.18,40.87,1012.3,321.6
4841.0,25.37,40.65,1012.29,326.7
4842.0,25.34,40.38,1012.21,317.1
4843.0,25.47,40.29,1012.46,320.9
4844.0,25.31,39.57,1012.32,318.2
4845.0,25.3,40.91,1012.3,321.8
4846.0,25.32,39.6,1012.33,323.2
4847.0,25.29,39.9,1012.26,324.2
4848.0,25.25,40.96,1012.25,324.1
4849.0,25.15,40.25,1012.45,318.6
4850.0,25.33,40.14,1012.43,317.5
4851.0,25.32,41.51,1012.48,316.7
4852.0,25.27,40.03,1012.42,323.8
4853.0,25.23,40.4,1012.35,317.7
4854.0,25.08,40.46,1012.35,320.1
4855.0,25.11,40.95,1012.81,311.4
4856.0,25.31,40.58,1012.48,315.8
4857.0,25.4,40.46,1012.6,318.8
4858.0,25.18,40.93,1012.52,319.2
4859.0,25.12,40.52,1012.3,322.9
4860.0,25.3,40.82,1012.4,315.2
4861.0,25.13,40.89,1012.7,320.6
4862.0,25.23,40.92,1012.39,316.6
4863.0,25.17,40.79,1012.68,320.7
4864.0,25.26,39.97,1012.25,319.3
4865.0,25.26,41.12,1012.13,326.5
4866.0,25.08,40.61,1012.33,320.4
4867.0,25.3,40.6,1012.42,315.8
4868.0,25.15,40.64,1012.44,321.7
4869.0,25.11,40.95,1012.49,318.8
4870.0,24.96,41.27,1012.38,316.4
4871.0,25.15,40.82,1012.32,324.5
4872.0,25.01,40.16,1012.37,316.3
4873.0,25.03,41.01,1012.66,311.6
4874.0,24.95,40.4,1012.56,318.2
4875.0,25.32,40.34,1012.77,322.8
4876.0,25.22,40.53,1012.45,321.2
4877.0,25.2,41.07,1012.55,317.5
4878.0,25.2,40.94,1012.25,320.8
4879.0,25.01,40.55,1012.32,320.9
4880.0,25.12,40.65,1012.33,320.4
4881.0,25.23,41.5,1012.58,320.4
4882.0,25.08,40.85,1012.55,323.6
4883.0,25.12,40.88,1012.56,319.1
4884.0,25.12,40.35,1012.29,316.8
4885.0,25.08,41.17,1012.33,327.2
4886.0,25.07,40.76,1012.2,317.0
4887.0,25.08,41.78,1012.35,321.1
4888.0,25.09,40.33,1012.6,322.4
4889.0,24.96,40.44,1012.32,325.7
4890.0,24.99,41.32,1012.31,319.2
4891.0,24.94,41.1,1012.29,322.6
4892.0,25.02,41.0,1012.59,322.6
4893.0,25.12,41.28,1012.52,318.5
4894.0,24.89,40.91,1012.19,321.9
4895.0,25.16,41.78,1012.45,319.7
4896.0,25.25,42.25,1012.37,322.8
4897.0,24.99,42.09,1012.27,321.5
4898.0,24.95,41.36,1012.49,321.3
4899.0,24.83,41.35,1012.52,314.4
4900.0,25.03,42.01,1012.4,320.9
4901.0,24.9,41.71,1012.33,323.7
4902.0,24.96,41.44,1012.17,318.3
4903.0,24.87,41.52,1012.47,320.3
4904.0,25.03,41.91,1012.51,323.5
4905.0,24.94,41.23,1012.39,321.9
4906.0,24.95,41.14,1012.62,318.9
4907.0,24.95,40.92,1012.34,324.4
4908.0,24.98,41.78,1012.32,320.8
4909.0,25.08,41.61,1012.36,321.9
4910.0,24.97,41.7,1012.35,318.7
4911.0,24.94,41.84,1012.72,322.2
4912.0,24.85,41.04,1012.56,313.3
4913.0,24.99,41.92,1012.49,320.0
4914.0,24.96,41.14,1012.5,322.7
4915.0,24.9,42.24,1012.43,320.3
4916.0,24.84,41.05,1012.27,320.1
4917.0,24.87,42.2,1012.56,323.9
4918.0,24.93,41.2,1012.07,316.5
4919.0,24.95,41.94,1012.29,315.2
4920.0,24.99,41.54,1012.18,323.7
4921.0,24.89,41.09,1012.48,313.1
4922.0,24.9,42.01,1012.57,318.8
4923.0,24.96,41.64,1012.56,313.4
4924.0,24.96,41.89,1012.74,314.3
4925.0,24.87,41.56,1012.55,319.9
4926.0,25.06,41.44,1012.34,323.9
4927.0,24.93,41.92,1012.44,322.0
4928.0,24.81,42.25,1012.23,316.3
4929.0,24.9,42.12,1012.39,313.6
4930.0,24.84,43.25,1012.66,319.1
4931.0,24.71,41.56,1012.21,324.0
4932.0,24.91,41.85,1012.17,321.8
4933.0,24.85,41.11,1012.5,315.9
4934.0,24.86,41.51,1012.15,323.5
4935.0,24.76,42.14,1012.3,324.4
4936.0,24.88,41.7,1012.29,319.2
4937.0,24.79,42.14,1012.19,323.9
4938.0,24.76,42.17,1012.37,322.1
4939.0,24.88,41.95,1012.25,322.8
4940.0,24.8,42.27,1012.3,318.9
4941.0,24.76,41.62,1012.44,317.5
4942.0,24.71,42.42,1012.62,319.1
4943.0,24.83,42.63,1012.6,317.9
4944.0,24.75,42.85,1012.9,319.3
4945.0,24.85,42.28,1012.42,320.7
4946.0,24.66,42.25,1012.51,320.7
4947.0,24.84,41.94,1012.3,319.7
4948.0,24.83,42.02,1012.14,322.7
4949.0,24.75,42.1,1012.52,319.3
4950.0,24.84,42.54,1012.36,317.5
4951.0,24.71,41.81,1012.12,321.4
4952.0,24.8,42.25,1012.47,323.0
4953.0,24.66,43.43,1012.6,314.8
4954.0,24.66,42.33,1012.14,318.9
4955.0,24.68,42.1,1012.4,323.2
4956.0,24.72,41.94,1012.3,320.9
4957.0,24.68,41.68,1012.27,318.2
4958.0,24.71,42.03,1012.35,321.8
4959.0,24.74,42.63,1012.48,320.0
4960.0,24.84,42.52,1012.54,320.6
4961.0,24.83,42.54,1012.36,321.8
4962.0,24.77,42.74,1012.39,321.7
4963.0,24.64,43.5,1012.46,318.5
4964.0,24.51,41.66,1012.33,318.2
4965.0,24.79,43.01,1012.5,317.4
4966.0,24.79,42.93,1012.3,316.0
4967.0,24.72,41.97,1012.53,322.3
4968.0,24.73,42.79,1012.43,323.1
4969.0,24.69,42.5,1012.32,317.6
4970.0,24.7,43.33,1012.29,318.6
4971.0,24.68,42.9,1012.41,316.9
4972.0,24.75,42.88,1012.5,321.0
4973.0,24.43,42.21,1012.1,324.0
4974.0,24.58,43.25,1012.46,323.3
4975.0,24.63,42.98,1012.46,321.2
4976.0,24.67,42.37,1012.34,320.1
4977.0,24.64,42.7,1012.19,318.9
4978.0,24.59,42.39,1012.32,317.4
4979.0,24.64,43.59,1012.21,321.2
4980.0,24.61,42.09,1012.46,320.5
4981.0,24.59,43.21,1012.67,319.0
4982.0,24.56,42.96,1012.59,316.6
4983.0,24.51,42.44,1012.42,316.2
4984.0,24.6,43.43,1012.67,323.3
4985.0,24.73,42.47,1012.14,319.6
4986.0,24.57,42.67,1012.5,315.4
4987.0,24.63,43.46,1012.14,326.7
4988.0,24.42,42.79,1012.24,320.6
4989.0,24.67,43.05,1012.29,322.2
4990.0,24.42,42.72,1012.42,322.0
4991.0,24.51,42.44,1012.37,324.4
4992.0,24.45,43.32,1012.32,324.7
4993.0,24.53,43.15,1012.39,318.1
4994.0,24.34,42.8,1012.84,318.4
4995.0,24.42,43.11,1012.32,320.7
4996.0,24.55,43.19,1012.24,322.4
4997.0,24.51,42.83,1012.41,321.6
4998.0,24.44,43.88,1012.24,322.9
4999.0,24.52,43.53,1012.45,320.9
5000.0,24.51,42.97,1012.5,317.4
5001.0,24.47,42.84,1012.39,321.1
5002.0,24.56,43.22,1012.6,321.3
5003.0,24.53,43.78,1012.18,320.4
5004.0,24.37,44.33,1012.52,324.1
5005.0,24.57,42.84,1012.3,327.0
5006.0,24.5,43.47,1012.43,316.7
5007.0,24.36,43.05,1012.26,322.0
5008.0,24.45,43.71,1012.26,317.2
5009.0,24.47,44.16,1012.34,317.1
5010.0,24.53,44.13,1012.48,321.5
5011.0,24.46,43.4,1012.31,325.4
5012.0,24.53,43.52,1012.38,323.0
5013.0,24.38,43.61,1012.26,320.3
5014.0,24.59,43.89,1012.37,321.4
5015.0,24.54,43.9,1012.48,324.9
5016.0,24.54,42.88,1012.39,312.9
5017.0,24.49,43.64,1012.39,322.0
5018.0,24.51,43.69,1012.5,319.8
5019.0,24.5,43.24,1012.47,317.5
5020.0,24.36,43.97,1012.41,313.2
5021.0,24.6,44.53,1012.22,318.1
5022.0,24.48,43.32,1012.56,318.7
5023.0,24.44,43.63,1012.51,316.9
5024.0,24.33,43.07,1012.65,318.0
5025.0,24.39,43.81,1012.27,316.1
5026.0,24.32,44.09,1012.71,320.9
5027.0,24.36,43.68,1012.37,322.2
5028.0,24.37,43.89,1012.56,317.6
5029.0,24.36,43.57,1012.75,320.2
5030.0,24.41,43.04,1012.53,321.1
5031.0,24.29,43.88,1012.73,315.5
5032.0,24.36,44.15,1012.51,317.7
5033.0,24.31,44.07,1012.28,324.6
5034.0,24.27,44.23,1012.38,317.7
5035.0,24.37,44.05,1012.5,327.9
5036.0,24.27,44.12,1012.28,320.2
5037.0,24.36,43.96,1012.5,317.9
5038.0,24.45,43.82,1012.63,321.1
5039.0,24.31,43.71,1012.47,324.9
5040.0,24.29,43.87,1012.38,323.5
5041.0,24.35,44.03,1012.26,321.7
5042.0,24.35,43.82,1012.33,322.8
5043.0,24.23,43.59,1012.41,324.1
5044.0,24.11,43.58,1012.5,321.0
5045.0,24.32,44.14,1012.43,320.4
5046.0,24.23,44.08,1012.34,316.2
5047.0,24.27,43.89,1012.63,320.9
5048.0,24.09,44.1,1012.64,320.2
5049.0,24.24,44.32,1012.54,323.2
5050.0,24.22,44.21,1012.8,319.6
5051.0,24.15,44.44,1012.46,315.6
5052.0,24.23,44.26,1012.14,318.9
5053.0,24.11,44.27,1012.45,318.6
5054.0,24.3,44.1,1012.51,323.5
5055.0,24.21,44.2,1012.44,318.7
5056.0,24.13,44.13,1012.26,322.3
5057.0,24.24,44.95,1012.33,318.7
5058.0,24.21,44.87,1012.16,320.6
5059.0,24.29,43.77,1012.57,325.3
5060.0,24.16,43.67,1012.43,320.6
5061.0,24.32,44.76,1012.45,314.4
5062.0,24.2,43.57,1012.49,315.4
5063.0,24.24,44.68,1012.39,321.5
5064.0,24.28,44.34,1012.49,316.1
5065.0,24.24,44.22,1012.46,317.8
5066.0,24.27,44.97,1012.44,325.9
5067.0,24.18,44.32,1012.25,317.6
5068.0,24.11,44.09,1012.37,324.2
5069.0,24.07,44.03,1012.58,324.9
5070.0,24.28,44.3,1012.56,317.1
5071.0,24.09,44.33,1012.29,319.1
5072.0,24.1,44.78,1012.49,326.4
5073.0,24.1,44.14,1012.51,321.9
5074.0,24.21,44.36,1012.15,317.5
5075.0,24.22,43.88,1012.35,319.1
5076.0,24.22,44.76,1012.34,322.3
5077.0,24.16,44.23,1012.53,324.5
5078.0,24.07,44.6,1012.48,322.0
5079.0,24.11,44.56,1012.33,314.7
5080.0,24.17,45.06,1012.45,320.0
5081.0,24.07,44.99,1012.11,316.7
5082.0,24.08,44.72,1012.4,320.9
5083.0,24.05,44.31,1012.27,322.4
5084.0,24.03,44.64,1012.72,319.9
5085.0,23.98,44.97,1012.4,316.4
5086.0,24.09,44.34,1012.54,321.3
5087.0,23.8,45.45,1012.28,324.0
5088.0,24.0,45.0,1012.38,320.1
5089.0,24.03,43.56,1012.52,319.2
5090.0,24.07,45.4,1012.44,320.2
5091.0,24.05,44.43,1012.21,321.3
5092.0,24.14,45.21,1012.42,318.7
5093.0,24.05,45.83,1012.34,320.8
5094.0,23.92,44.88,1012.39,320.9
5095.0,23.88,45.14,1012.53,321.9
5096.0,23.98,45.55,1012.41,318.6
5097.0,24.03,45.25,1012.53,319.3
5098.0,24.0,45.1,1012.17,319.3
5099.0,23.88,45.18,1012.42,321.0
5100.0,24.11,45.21,1012.3,308.5
5101.0,23.98,44.25,1012.12,318.7
5102.0,23.96,44.35,1012.22,320.9
5103.0,24.1,45.01,1012.58,318.8
5104.0,24.0,45.43,1012.58,323.0
5105.0,24.01,45.11,1012.52,320.1
5106.0,23.98,44.73,1012.61,319.5
5107.0,23.98,45.11,1012.26,324.3
5108.0,24.07,45.35,1012.31,321.6
5109.0,23.86,45.25,1012.46,321.5
5110.0,24.01,45.1,1012.5,317.0
5111.0,24.02,45.31,1012.66,321.0
5112.0,24.01,44.42,1012.6,319.3
5113.0,24.04,44.67,1012.3,317.3
5114.0,24.01,44.92,1012.32,319.8
5115.0,23.95,44.88,1012.21,317.8
5116.0,23.9,45.46,1012.51,317.8
5117.0,24.14,44.56,1012.68,317.3
5118.0,23.95,44.83,1012.2,319.5
5119.0,23.93,44.74,1012.32,323.5
5120.0,23.87,44.86,1012.23,323.9
5121.0,23.99,45.25,1012.66,324.7
5122.0,24.03,45.08,1012.54,320.7
5123.0,23.89,45.39,1012.33,318.8
5124.0,23.74,44.78,1012.48,314.2
5125.0,24.12,44.52,1012.4,315.2
5126.0,23.91,45.24,1012.43,321.6
5127.0,23.94,45.26,1012.46,314.2
5128.0,24.01,44.46,1012.21,319.5
5129.0,23.95,44.73,1012.5,315.6
5130.0,24.03,44.96,1012.39,323.8
5131.0,23.76,44.48,1012.27,316.6
5132.0,23.95,45.57,1012.25,317.0
5133.0,24.07,44.92,1012.21,319.5
5134.0,23.98,44.88,1012.59,320.1
5135.0,24.04,45.44,1012.48,323.8
5136.0,23.97,45.09,1012.44,322.1
5137.0,24.04,44.49,1012.6,314.4
5138.0,24.12,45.06,1012.54,321.2
5139.0,24.13,44.61,1012.25,320.7
5140.0,24.01,44.9,1012.3,320.5
5141.0,23.88,45.07,1012.52,323.4
5142.0,24.08,44.65,1012.37,318.3
5143.0,23.98,44.8,1012.67,319.9
5144.0,24.0,44.03,1012.41,323.8
5145.0,23.96,45.17,1012.45,323.2
5146.0,24.03,45.1,1012.58,321.6
5147.0,24.11,45.3,1012.12,317.4
5148.0,24.02,45.53,1012.36,317.8
5149.0,23.76,45.23,1012.73,320.8
5150.0,23.96,44.34,1012.14,319.7
5151.0,24.05,45.48,1012.28,313.9
5152.0,23.81,44.98,1012.55,322.8
5153.0,24.02,45.26,1012.09,321.7
5154.0,23.98,44.94,1012.28,318.8
5155.0,23.97,46.29,1012.36,323.0
5156.0,23.96,44.82,1012.45,317.5
5157.0,23.91,44.89,1012.41,315.8
5158.0,24.07,44.77,1012.41,323.1
5159.0,24.0,45.43,1012.54,318.2
5160.0,23.86,44.59,1012.41,316.9
5161.0,24.08,45.34,1012.31,317.9
5162.0,24.06,45.26,1012.54,319.6
5163.0,23.94,45.04,1012.15,323.0
5164.0,24.01,44.57,1012.58,323.9
5165.0,23.91,44.88,1012.48,320.8
5166.0,24.0,44.83,1012.34,318.8
5167.0,23.87,44.61,1012.33,321.8
5168.0,24.12,44.58,1012.57,320.1
5169.0,24.05,45.0,1012.47,319.4
5170.0,23.9,44.95,1012.59,317.9
5171.0,24.08,45.27,1012.45,319.2
5172.0,23.99,44.54,1012.56,320.0
5173.0,23.95,44.52,1012.3,322.6
5174.0,23.91,44.89,1012.33,320.3
5175.0,24.03,44.8,1012.31,321.8
5176.0,23.95,44.62,1012.14,317.8
5177.0,24.0,45.09,1012.3,319.9
5178.0,24.05,45.25,1012.21,322.9
5179.0,23.86,46.02,1012.43,322.5
5180.0,23.91,44.87,1012.49,315.1
5181.0,23.95,44.85,1012.05,320.3
5182.0,23.94,45.3,1012.15,321.0
5183.0,24.02,44.56,1012.51,321.2
5184.0,23.96,45.62,1012.4,320.5
5185.0,24.13,44.86,1012.08,317.2
5186.0,23.99,45.5,1012.56,317.6
5187.0,24.06,44.81,1012.69,320.3
5188.0,24.15,44.85,1012.51,318.8
5189.0,23.87,45.39,1012.48,325.7
5190.0,24.08,44.38,1012.29,319.8
5191.0,23.89,45.34,1012.38,320.5
5192.0,24.07,44.5,1012.5,318.4
5193.0,23.97,44.82,1012.66,322.8
5194.0,23.96,45.01,1012.29,320.8
5195.0,24.11,44.95,1012.1,321.1
5196.0,24.04,44.5,1012.49,321.7
5197.0,24.05,45.35,1012.45,318.4
5198.0,24.03,45.46,1012.5,320.5
5199.0,24.02,45.26,1012.61,319.1
5200.0,24.1,44.61,1012.47,313.0
5201.0,23.9,45.14,1012.65,320.9
5202.0,23.97,45.06,1012.42,322.6
5203.0,24.02,45.03,1012.07,321.2
5204.0,24.03,45.34,1012.36,316.8
5205.0,23.99,45.07,1012.35,312.4
5206.0,24.04,45.54,1012.37,319.4
5207.0,23.99,45.27,1012.51,316.6
5208.0,24.03,44.69,1012.25,318.6
5209.0,24.0,45.37,1012.57,323.1
5210.0,24.03,45.32,1012.68,324.0
5211.0,24.01,45.12,1012.32,318.6
5212.0,24.14,44.94,1012.38,321.8
5213.0,23.99,44.96,1012.62,323.2
5214.0,23.96,44.63,1012.35,321.5
5215.0,24.02,45.09,1012.22,321.0
5216.0,24.08,45.05,1012.42,316.1
5217.0,24.14,44.98,1012.26,318.9
5218.0,24.04,45.17,1012.42,320.4
5219.0,24.05,45.65,1012.35,320.0
5220.0,23.83,44.62,1012.41,318.5
5221.0,23.88,44.99,1012.62,315.2
5222.0,24.06,44.78,1012.39,321.5
5223.0,24.04,45.64,1012.24,321.2
5224.0,23.94,44.77,1012.51,318.7
5225.0,23.81,44.83,1012.36,321.1
5226.0,23.99,44.67,1012.38,321.8
5227.0,24.01,45.08,1012.37,320.6
5228.0,23.96,45.64,1012.51,320.6
5229.0,24.01,44.22,1012.48,320.0
5230.0,24.04,45.13,1012.31,322.1
5231.0,23.97,45.09,1012.15,317.4
5232.0,24.11,45.32,1012.22,322.6
5233.0,23.98,45.26,1012.29,316.0
5234.0,24.04,45.05,1012.35,323.0
5235.0,23.99,45.39,1012.56,316.6
5236.0,23.87,44.69,1012.1,319.2
5237.0,24.18,44.93,1012.42,317.3
5238.0,24.02,44.21,1012.4,317.6
5239.0,24.11,45.49,1012.41,320.1
5240.0,23.97,45.13,1012.43,320.7
5241.0,24.08,44.76,1012.41,320.8
5242.0,23.99,44.0,1012.38,322.1
5243.0,23.97,45.23,1012.15,324.9
5244.0,24.01,45.22,1012.57,323.9
5245.0,24.02,45.16,1012.41,324.4
5246.0,24.03,45.23,1012.48,321.9
5247.0,24.18,44.9,1012.28,320.6
5248.0,24.06,45.21,1012.48,318.8
5249.0,24.14,44.92,1012.25,316.4
5250.0,24.12,44.75,1012.44,321.3
5251.0,23.95,45.04,1012.19,320.5
5252.0,24.01,44.69,1012.38,319.5
5253.0,23.96,44.75,1012.59,323.9
5254.0,24.04,45.36,1012.73,317.9
5255.0,23.96,44.7,1012.27,320.1
5256.0,24.02,44.97,1012.42,321.0
5257.0,23.92,45.11,1012.43,319.6
5258.0,24.09,45.26,1012.34,317.9
5259.0,23.9,45.44,1012.7,321.5
5260.0,24.02,45.56,1012.44,319.1
5261.0,24.1,45.48,1012.16,315.4
5262.0,23.98,45.09,1012.37,320.9
5263.0,24.05,45.49,1012.27,318.3
5264.0,23.93,44.71,1012.33,321.5
5265.0,24.15,45.22,1012.53,322.4
5266.0,24.08,44.77,1012.29,324.7
5267.0,23.98,44.97,1012.29,319.4
5268.0,24.01,45.01,1012.29,323.1
5269.0,23.98,45.4,1012.3,324.9
5270.0,24.15,45.35,1012.66,319.1
5271.0,23.89,44.81,1012.3,320.4
5272.0,23.93,45.03,1012.39,320.7
5273.0,24.0,44.38,1012.5,317.8
5274.0,24.03,44.73,1012.28,321.1
5275.0,24.04,44.87,1012.43,314.3
5276.0,23.86,44.56,1012.59,320.8
5277.0,24.15,45.23,1012.29,317.4
5278.0,24.06,45.08,1012.52,322.0
5279.0,24.0,45.76,1012.4,322.7
5280.0,24.1,45.44,1012.56,318.2
5281.0,24.05,45.3,1012.35,320.0
5282.0,24.03,44.1,1012.34,321.3
5283.0,23.92,44.87,1012.43,322.5
5284.0,24.16,44.61,1012.34,323.6
5285.0,24.02,45.18,1012.31,322.9
5286.0,24.09,45.52,1012.57,321.6
5287.0,23.97,44.61,1012.22,318.9
5288.0,24.04,45.35,1012.46,319.9
5289.0,24.02,44.62,1012.59,318.7
5290.0,23.92,45.14,1012.64,321.7
5291.0,23.98,44.94,1012.49,321.2
5292.0,24.05,44.71,1012.22,318.2
5293.0,24.09,45.32,1012.37,317.7
5294.0,24.0,44.57,1012.23,321.8
5295.0,23.98,44.98,1012.47,319.0
5296.0,23.97,44.94,1012.53,319.9
5297.0,24.07,45.56,1012.3,318.2
5298.0,24.12,44.69,1012.52,321.9
5299.0,23.93,44.83,1012.32,314.0
5300.0,24.03,44.8,1012.72,318.6
5301.0,23.91,45.11,1012.39,321.9
5302.0,23.95,44.72,1012.49,314.2
5303.0,23.91,45.13,1012.53,320.6
5304.0,24.03,45.1,1012.22,318.3
5305.0,24.06,44.96,1012.33,316.2
5306.0,24.07,44.85,1012.63,316.9
5307.0,23.98,44.94,1012.36,317.2
5308.0,24.06,44.96,1012.56,320.1
5309.0,24.04,45.02,1012.64,322.2
5310.0,24.0,44.94,1012.29,320.7
5311.0,23.98,44.73,1012.52,318.8
5312.0,24.05,45.67,1012.43,322.4
5313.0,24.03,44.25,1012.43,322.0
5314.0,23.93,44.75,1012.23,318.6
5315.0,24.13,44.68,1012.12,317.6
5316.0,24.1,45.39,1012.47,319.3
5317.0,24.02,45.55,1012.49,318.3
5318.0,24.02,44.92,1012.31,315.2
5319.0,23.95,44.47,1012.23,312.4
5320.0,23.91,45.39,1012.47,317.5
5321.0,23.83,44.85,1012.44,315.4
5322.0,23.95,45.05,1012.23,319.3
5323.0,24.05,44.67,1012.57,327.4
5324.0,24.16,45.08,1012.58,318.6
5325.0,23.98,44.86,1012.59,314.8
5326.0,24.1,44.76,1012.21,318.0
5327.0,23.9,44.32,1012.44,322.3
5328.0,23.91,44.87,1012.59,322.6
5329.0,24.06,44.63,1012.48,322.0
5330.0,23.74,44.83,1012.58,319.7
5331.0,23.99,45.29,1012.5,324.6
5332.0,24.01,45.0,1012.02,319.0
5333.0,24.02,45.24,1012.13,326.7
5334.0,24.11,44.71,1012.56,319.5
5335.0,23.93,44.91,1012.47,318.2
5336.0,23.99,45.16,1012.39,322.4
5337.0,24.0,45.52,1012.44,320.8
5338.0,23.95,44.45,1012.45,319.2
5339.0,24.02,44.95,1012.32,320.8
5340.0,23.83,44.86,1012.67,322.0
5341.0,24.01,44.9,1012.5,317.0
5342.0,23.87,44.66,1012.53,320.5
5343.0,23.89,44.95,1012.67,322.5
5344.0,23.97,44.73,1012.31,319.6
5345.0,24.01,44.63,1012.28,319.5
5346.0,24.06,44.81,1012.58,324.9
5347.0,23.99,45.19,1012.63,321.9
5348.0,24.06,44.37,1012.54,319.6
5349.0,23.96,45.35,1012.73,319.3
5350.0,23.8,45.31,1012.66,321.6
5351.0,24.05,44.61,1012.61,316.8
5352.0,24.03,45.38,1012.37,321.2
5353.0,24.02,45.18,1012.5,320.9
5354.0,24.02,45.71,1012.5,317.8
5355.0,23.84,45.03,1012.09,318.9
5356.0,23.95,45.54,1012.48,321.7
5357.0,24.01,44.77,1012.38,324.6
5358.0,24.09,44.89,1012.22,320.1
5359.0,23.99,44.89,1012.5,327.0
5360.0,23.91,45.22,1012.54,313.4
5361.0,23.91,44.53,1012.48,322.3
5362.0,24.02,44.74,1012.47,325.1
5363.0,24.16,44.57,1012.5,318.3
5364.0,24.07,45.33,1012.47,325.9
5365.0,24.13,45.4,1012.33,323.0
5366.0,24.01,45.06,1012.25,321.9
5367.0,24.03,45.53,1012.28,323.4
5368.0,24.06,45.34,1012.3,321.7
5369.0,24.0,45.5,1012.49,321.5
5370.0,24.07,44.32,1012.38,318.4
5371.0,24.02,45.16,1012.49,316.0
5372.0,24.06,44.91,1012.33,320.0
5373.0,24.02,44.91,1012.55,321.2
5374.0,23.85,44.95,1012.58,316.8
5375.0,23.98,44.68,1012.21,320.2
5376.0,23.92,45.05,1012.38,325.0
5377.0,24.08,44.71,1012.3,321.0
5378.0,23.96,44.01,1012.35,319.2
5379.0,24.09,44.82,1012.44,319.2
5380.0,23.95,44.61,1012.63,320.2
5381.0,24.06,45.01,1012.54,314.8
5382.0,23.93,44.45,1012.39,319.0
5383.0,23.93,45.36,1012.62,317.6
5384.0,23.98,45.39,1012.34,319.7
5385.0,23.77,44.58,1012.51,321.3
5386.0,24.06,45.33,1012.51,319.4
5387.0,23.97,45.2,1012.37,320.9
5388.0,23.86,45.18,1012.62,318.5
5389.0,24.0,45.83,1012.47,319.7
5390.0,23.99,45.02,1012.48,318.5
5391.0,24.05,44.37,1012.3,325.5
5392.0,23.96,45.16,1012.54,320.3
5393.0,23.95,44.59,1012.53,324.0
5394.0,23.82,45.06,1012.38,318.1
5395.0,23.94,44.52,1012.32,317.8
5396.0,23.97,44.77,1012.54,319.3
5397.0,23.97,44.51,1012.55,319.7
5398.0,23.97,44.87,1012.34,321.4
5399.0,23.98,45.07,1012.49,318.2
5400.0,24.16,45.61,1012.62,320.6
5401.0,23.95,44.68,1012.48,321.5
5402.0,23.99,44.81,1012.42,321.6
5403.0,23.93,44.97,1012.58,321.2
5404.0,24.03,45.36,1012.29,319.9
5405.0,24.02,44.93,1012.5,320.8
5406.0,24.03,44.93,1012.45,321.9
5407.0,23.98,44.54,1012.23,321.7
5408.0,23.9,45.05,1012.58,323.7
5409.0,24.01,44.19,1012.65,316.0
5410.0,23.94,45.09,1012.39,321.0
5411.0,24.02,44.89,1012.43,320.9
5412.0,23.91,45.11,1012.26,317.4
5413.0,24.04,45.38,1012.54,318.1
5414.0,24.02,44.78,1012.22,321.1
5415.0,23.92,44.79,1012.22,322.4
5416.0,23.96,45.65,1012.45,322.6
5417.0,24.07,44.84,1012.3,321.6
5418.0,24.01,44.77,1012.55,319.8
5419.0,24.05,45.31,1012.47,318.7
5420.0,23.98,45.12,1012.39,316.2
5421.0,23.96,45.35,1012.4,322.3
5422.0,24.12,45.36,1012.42,319.4
5423.0,24.02,45.26,1012.51,323.0
5424.0,24.0,45.51,1012.41,319.4
5425.0,24.12,45.17,1012.53,325.5
5426.0,24.07,44.75,1012.32,314.5
5427.0,24.06,44.53,1012.59,322.0
5428.0,24.06,44.84,1012.34,322.3
5429.0,24.1,44.96,1012.28,317.2
5430.0,23.97,45.23,1012.55,323.6
5431.0,23.96,44.78,1012.56,314.9
5432.0,24.02,45.1,1012.21,320.6
5433.0,24.02,45.08,1012.52,319.6
5434.0,23.88,45.03,1012.4,315.9
5435.0,23.99,45.33,1012.47,317.3
5436.0,23.92,45.16,1012.8,324.9
5437.0,24.08,44.78,1012.33,319.3
5438.0,24.15,44.5,1012.33,316.5
5439.0,24.12,44.75,1012.29,320.4
5440.0,23.83,45.48,1012.25,321.1
5441.0,24.03,45.02,1012.25,318.9
5442.0,24.02,44.75,1012.47,317.5
5443.0,24.11,45.31,1012.28,318.3
5444.0,24.04,45.45,1012.23,316.2
5445.0,23.91,44.78,1012.54,319.5
5446.0,23.99,44.52,1012.18,318.7
5447.0,24.0,44.54,1012.3,324.7
5448.0,24.04,45.2,1012.3,313.7
5449.0,24.01,44.87,1012.32,321.1
5450.0,24.09,45.22,1012.51,318.9
5451.0,24.04,44.73,1012.4,315.2
5452.0,24.02,45.89,1012.79,317.6
5453.0,24.07,44.91,1012.3,323.4
5454.0,23.99,44.95,1012.58,317.0
5455.0,24.04,45.26,1012.64,323.2
5456.0,23.92,45.23,1012.47,321.2
5457.0,24.06,44.74,1012.35,321.1
5458.0,24.08,44.95,1012.33,326.5
5459.0,23.84,45.39,1012.41,320.5
5460.0,24.07,45.34,1012.27,326.2
5461.0,23.93,46.02,1012.37,318.9
5462.0,23.93,44.24,1012.31,318.0
5463.0,24.03,45.32,1012.13,319.4
5464.0,23.99,44.54,1012.5,321.9
5465.0,24.05,44.86,1012.35,321.2
5466.0,23.92,44.29,1012.49,315.7
5467.0,24.0,45.31,1012.23,316.3
5468.0,24.05,44.87,1012.29,314.9
5469.0,24.0,44.49,1012.29,320.4
5470.0,24.11,45.5,1012.55,321.8
5471.0,23.96,44.4,1012.57,328.1
5472.0,24.01,44.89,1012.55,319.1
5473.0,24.06,44.74,1012.22,315.2
5474.0,24.08,45.13,1012.34,317.6
5475.0,23.99,44.08,1012.44,318.7
5476.0,24.13,44.15,1012.51,314.5
5477.0,24.0,45.04,1012.28,321.4
5478.0,24.04,45.63,1012.72,316.9
5479.0,24.1,44.9,1012.57,317.2
5480.0,23.98,45.02,1012.13,319.9
5481.0,24.08,45.18,1012.41,319.2
5482.0,23.96,45.11,1012.7,319.0
5483.0,24.05,45.05,1012.46,319.7
5484.0,23.99,45.24,1012.26,321.5
5485.0,23.95,46.12,1012.27,318.9
5486.0,24.07,45.19,1012.49,323.6
5487.0,23.96,45.34,1012.7,320.9
5488.0,24.15,44.53,1012.42,320.3
5489.0,24.03,45.57,1012.54,322.0
5490.0,24.06,44.36,1012.36,321.2
5491.0,24.04,45.02,1012.41,325.6
5492.0,24.01,44.88,1012.24,319.8
5493.0,24.02,44.64,1012.57,321.1
5494.0,23.94,45.3,1012.33,318.6
5495.0,23.93,44.22,1012.24,320.4
5496.0,23.99,45.69,1012.18,318.8
5497.0,23.91,45.08,1012.33,317.5
5498.0,23.93,45.33,1012.14,323.8
5499.0,23.8,45.79,1012.67,319.1
5500.0,24.03,44.91,1012.39,323.7
5501.0,24.24,45.54,1012.27,321.7
5502.0,23.83,44.98,1012.41,321.6
5503.0,24.09,44.8,1012.31,317.6
5504.0,23.94,44.85,1012.35,317.3
5505.0,23.83,45.35,1012.2,311.3
5506.0,23.98,44.56,1012.26,324.4
5507.0,24.18,44.76,1012.41,324.5
5508.0,23.99,44.32,1012.09,321.8
5509.0,23.88,45.15,1012.37,316.1
5510.0,24.05,44.88,1012.5,319.3
5511.0,24.09,45.31,1012.71,323.1
5512.0,23.92,44.39,1012.48,317.9
5513.0,24.01,45.43,1012.47,321.6
5514.0,23.91,44.69,1012.33,321.5
5515.0,23.98,44.64,1012.43,319.7
5516.0,24.07,45.61,1012.27,320.5
5517.0,23.94,45.31,1012.28,321.0
5518.0,23.95,44.61,1012.05,314.7
5519.0,24.08,45.16,1012.42,317.2
5520.0,24.09,44.86,1012.44,321.6
5521.0,23.92,45.51,1012.61,316.9
5522.0,23.93,45.2,1012.18,316.1
5523.0,23.82,44.69,1012.76,324.7
5524.0,24.09,44.64,1012.31,315.5
5525.0,24.0,45.72,1012.53,323.7
5526.0,24.02,45.63,1012.34,317.7
5527.0,24.01,45.93,1012.4,322.1
5528.0,24.0,44.2,1012.72,317.9
5529.0,24.06,45.15,1012.63,319.1
5530.0,23.86,44.91,1012.33,319.7
5531.0,24.06,45.04,1012.47,320.3
5532.0,23.94,45.45,1012.15,322.2
5533.0,24.04,44.94,1012.52,322.0
5534.0,23.96,45.37,1012.41,315.4
5535.0,24.01,45.36,1012.46,323.0
5536.0,24.08,44.76,1012.29,319.4
5537.0,23.98,45.07,1012.35,317.4
5538.0,23.89,44.77,1012.17,318.7
5539.0,23.96,45.29,1012.26,313.8
5540.0,24.03,44.7,1012.46,319.7
5541.0,24.14,45.64,1012.48,320.3
5542.0,23.91,45.63,1012.13,325.0
5543.0,23.82,44.52,1012.32,323.1
5544.0,24.02,44.65,1012.43,319.6
5545.0,23.95,45.07,1012.55,321.8
5546.0,24.0,44.58,1012.2,315.0
5547.0,24.09,45.41,1012.16,319.0
5548.0,24.04,44.75,1012.2,321.5
5549.0,23.89,44.88,1012.4,320.0
5550.0,24.07,45.69,1012.27,317.7
5551.0,23.98,44.51,1012.55,317.1
5552.0,23.97,45.14,1012.33,315.2
5553.0,24.0,44.93,1012.39,320.0
5554.0,24.11,44.8,1012.39,322.4
5555.0,24.07,44.93,1012.12,323.2
5556.0,23.94,44.37,1012.24,319.0
5557.0,23.93,44.4,1012.53,322.0
5558.0,24.08,45.36,1012.68,320.6
5559.0,24.0,44.58,1012.53,318.0
5560.0,23.97,45.85,1012.24,319.0
5561.0,23.99,45.21,1012.58,325.5
5562.0,24.11,44.75,1012.48,315.0
5563.0,23.87,45.44,1012.56,319.2
5564.0,23.85,44.95,1012.44,315.2
5565.0,24.05,44.47,1012.82,319.6
5566.0,24.12,45.01,1012.54,316.6
5567.0,24.01,45.02,1012.49,324.3
5568.0,24.02,44.92,1012.42,320.3
5569.0,24.01,45.87,1012.33,317.1
5570.0,23.98,45.13,1012.27,319.4
5571.0,24.03,44.61,1012.38,321.1
5572.0,23.9,44.72,1012.31,319.6
5573.0,23.98,44.94,1012.41,325.2
5574.0,24.04,45.18,1012.38,318.7
5575.0,24.05,45.59,1012.41,320.1
5576.0,23.86,44.9,1012.4,314.4
5577.0,24.08,45.13,1012.43,323.6
5578.0,23.86,44.91,1012.48,316.5
5579.0,23.91,45.55,1012.54,323.8
5580.0,23.83,44.91,1012.4,317.7
5581.0,24.0,45.25,1012.25,321.5
5582.0,23.91,45.12,1012.37,317.4
5583.0,23.91,45.16,1012.43,317.0
5584.0,24.05,44.99,1012.4,322.0
5585.0,23.93,45.44,1012.23,315.1
5586.0,24.1,45.35,1012.57,320.3
5587.0,24.1,45.31,1012.31,316.3
5588.0,23.93,45.43,1012.36,321.8
5589.0,24.0,45.54,1012.26,316.1
5590.0,23.97,45.53,1012.25,323.6
5591.0,24.03,44.87,1012.37,319.3
5592.0,23.99,45.43,1012.37,320.9
5593.0,24.1,45.74,1012.62,322.9
5594.0,24.01,44.75,1012.7,320.9
5595.0,24.0,44.91,1012.2,322.5
5596.0,24.03,44.89,1012.46,316.9
5597.0,24.03,44.73,1012.68,320.3
5598.0,23.97,44.67,1012.45,320.4
5599.0,24.04,45.64,1012.44,319.5
5600.0,23.92,44.85,1012.69,317.9
5601.0,23.98,45.23,1012.22,321.5
5602.0,24.03,45.32,1012.27,321.7
5603.0,24.02,44.24,1012.45,322.7
5604.0,24.04,45.57,1012.25,319.5
5605.0,23.91,45.65,1012.44,319.4
5606.0,24.0,45.17,1012.54,319.4
5607.0,24.04,46.22,1012.33,321.6
5608.0,23.94,44.86,1012.14,321.8
5609.0,23.95,45.17,1012.3,314.9
5610.0,24.12,44.56,1012.4,320.6
5611.0,24.01,45.3,1012.26,323.9
5612.0,23.96,45.18,1012.41,322.2
5613.0,24.07,45.17,1012.43,319.5
5614.0,23.98,44.53,1012.67,315.7
5615.0,23.97,44.74,1012.4,322.5
5616.0,24.02,45.59,1012.48,316.1
5617.0,23.99,45.06,1012.43,320.0
5618.0,23.96,44.47,1012.55,323.9
5619.0,23.93,45.27,1012.37,318.5
5620.0,23.92,44.5,1012.49,310.8
5621.0,23.95,45.34,1012.54,320.3
5622.0,24.19,44.47,1012.37,319.0
5623.0,24.0,44.79,1012.21,321.4
5624.0,24.12,45.2,1012.5,321.4
5625.0,24.01,44.58,1012.44,316.4
5626.0,24.07,45.5,1012.43,319.3
5627.0,24.05,45.62,1012.51,310.0
5628.0,24.06,44.74,1012.38,330.4
5629.0,23.91,44.38,1012.49,320.2
5630.0,23.97,44.74,1012.51,321.9
5631.0,23.81,45.0,1012.75,323.6
5632.0,23.96,45.22,1012.45,317.4
5633.0,23.9,44.59,1012.33,322.5
5634.0,24.04,45.61,1012.47,320.9
5635.0,24.04,45.0,1012.38,323.9
5636.0,23.91,45.14,1012.34,317.5
5637.0,24.08,44.64,1012.54,322.9
5638.0,23.93,44.11,1012.49,317.1
5639.0,23.98,45.08,1012.64,315.7
5640.0,24.08,45.27,1012.42,323.8
5641.0,24.03,45.29,1012.45,316.8
5642.0,23.95,44.53,1012.55,323.6
5643.0,23.9,44.93,1012.51,318.0
5644.0,24.13,45.56,1012.34,320.5
5645.0,24.12,45.05,1012.34,317.9
5646.0,23.99,45.18,1012.29,322.4
5647.0,23.95,44.7,1012.34,319.9
5648.0,23.97,44.73,1012.45,319.7
5649.0,23.99,44.65,1012.2,319.8
5650.0,24.01,45.05,1012.56,313.9
5651.0,24.02,45.01,1012.23,315.0
5652.0,23.94,44.77,1012.45,324.6
5653.0,23.99,45.29,1012.4,319.7
5654.0,24.04,44.81,1012.24,321.6
5655.0,24.04,44.5,1012.55,320.2
5656.0,23.96,45.38,1012.37,317.7
5657.0,24.1,45.08,1012.52,322.1
5658.0,23.94,44.85,1012.43,318.3
5659.0,23.99,45.26,1012.55,323.5
5660.0,24.06,45.4,1012.6,321.2
5661.0,23.94,45.12,1012.45,321.9
5662.0,24.07,44.02,1012.7,322.4
5663.0,24.06,44.93,1012.22,326.3
5664.0,24.01,45.43,1012.51,317.6
5665.0,24.1,45.71,1012.51,314.2
5666.0,24.04,45.11,1012.54,319.9
5667.0,23.97,45.25,1012.31,320.4
5668.0,24.01,44.81,1012.5,319.2
5669.0,24.02,45.5,1012.43,321.5
5670.0,24.14,44.43,1012.25,321.3
5671.0,23.97,44.99,1012.32,317.2
5672.0,23.95,44.58,1012.03,325.6
5673.0,24.05,44.5,1012.2,326.3
5674.0,23.95,45.01,1012.29,322.5
5675.0,23.93,44.73,1012.51,321.2
5676.0,24.02,44.77,1012.39,319.4
5677.0,24.13,45.3,1012.41,320.7
5678.0,23.89,44.82,1012.41,322.7
5679.0,23.93,44.89,1012.56,319.1
5680.0,24.03,45.02,1012.39,319.3
5681.0,24.04,45.02,1012.4,323.2
5682.0,23.91,44.58,1012.45,321.1
5683.0,23.84,44.98,1012.46,323.6
5684.0,24.04,44.81,1012.69,319.2
5685.0,23.93,45.33,1012.57,318.9
5686.0,23.96,45.08,1012.59,323.0
5687.0,23.97,45.76,1012.73,320.8
5688.0,24.03,44.5,1012.22,314.5
5689.0,24.06,46.16,1012.49,317.7
5690.0,24.03,44.54,1012.42,316.1
5691.0,24.13,45.05,1012.53,312.2
5692.0,24.06,44.61,1012.32,318.8
5693.0,24.01,44.05,1012.58,318.7
5694.0,23.92,45.37,1012.24,321.4
5695.0,24.06,44.75,1012.55,320.3
5696.0,23.87,44.99,1012.4,314.3
5697.0,23.98,44.87,1012.14,315.2
5698.0,24.01,44.73,1012.36,321.0
5699.0,23.94,45.28,1012.17,317.9
5700.0,24.06,44.53,1012.3,318.1
5701.0,23.89,44.94,1012.63,311.4
5702.0,24.1,45.51,1012.44,317.1
5703.0,24.06,44.98,1012.42,320.1
5704.0,24.16,44.36,1012.71,323.4
5705.0,23.86,44.83,1012.61,318.0
5706.0,24.03,44.99,1012.57,329.0
5707.0,23.9,45.94,1012.71,315.7
5708.0,23.98,44.19,1012.49,320.3
5709.0,23.98,44.89,1012.55,321.7
5710.0,24.04,45.27,1012.42,317.9
5711.0,24.11,44.98,1012.39,321.4
5712.0,23.97,44.87,1012.53,316.6
5713.0,23.96,44.14,1012.22,323.4
5714.0,23.98,44.99,1012.79,322.0
5715.0,23.99,44.62,1012.3,323.0
5716.0,24.06,45.2,1012.36,317.0
5717.0,23.98,44.27,1012.52,324.2
5718.0,23.94,45.37,1012.56,318.6
5719.0,24.0,45.2,1012.15,318.8
5720.0,24.06,45.08,1012.28,313.5
5721.0,24.06,45.11,1012.42,318.3
5722.0,23.94,45.05,1012.41,322.8
5723.0,24.11,45.84,1012.4,321.8
5724.0,23.94,45.13,1012.29,323.4
5725.0,23.92,45.2,1012.84,320.0
5726.0,24.01,45.26,1012.5,320.1
5727.0,24.03,45.58,1012.32,317.8
5728.0,24.07,45.02,1012.26,325.5
5729.0,24.07,45.08,1012.42,315.8
5730.0,23.99,45.42,1012.52,316.3
5731.0,24.09,45.14,1012.22,323.9
5732.0,24.11,44.64,1012.26,321.2
5733.0,24.16,44.88,1012.76,321.0
5734.0,24.0,44.34,1012.33,315.1
5735.0,24.01,45.11,1012.49,327.8
5736.0,24.07,45.44,1012.35,312.7
5737.0,23.82,44.67,1012.62,321.9
5738.0,24.08,45.23,1012.55,321.2
5739.0,23.83,45.06,1012.28,321.7
5740.0,24.01,45.18,1012.72,321.4
5741.0,24.07,44.21,1012.57,320.3
5742.0,23.96,45.38,1012.29,320.7
5743.0,23.98,45.58,1012.27,317.9
5744.0,24.1,44.93,1012.4,315.4
5745.0,24.09,44.71,1012.43,316.4
5746.0,24.0,45.27,1012.47,319.9
5747.0,24.04,45.38,1012.18,321.4
5748.0,23.97,45.19,1012.13,326.0
5749.0,23.94,45.22,1012.74,318.4
5750.0,24.15,45.25,1012.6,318.9
5751.0,23.98,44.54,1012.56,322.2
5752.0,23.93,45.15,1012.37,319.8
5753.0,24.07,44.67,1012.31,318.5
5754.0,24.02,44.57,1012.41,321.5
5755.0,23.94,45.32,1012.36,322.2
5756.0,23.99,44.92,1012.48,324.1
5757.0,23.96,45.25,1012.27,321.0
5758.0,23.87,45.41,1012.33,320.3
5759.0,23.91,44.79,1012.32,320.4
5760.0,24.06,45.99,1012.39,322.0
5761.0,24.01,44.86,1012.38,318.0
5762.0,23.86,45.24,1012.34,318.1
5763.0,23.82,45.09,1012.25,323.0
5764.0,23.95,45.34,1012.48,318.0
5765.0,24.0,45.67,1012.27,317.9
5766.0,24.02,44.46,1012.15,318.9
5767.0,24.02,44.49,1012.42,318.1
5768.0,24.05,45.13,1012.27,321.8
5769.0,24.04,44.84,1012.39,322.4
5770.0,24.04,45.08,1012.54,323.3
5771.0,24.18,44.65,1012.52,315.6
5772.0,23.95,45.31,1012.52,317.9
5773.0,24.0,44.77,1012.45,322.9
5774.0,24.09,45.18,1012.46,320.8
5775.0,24.09,45.18,1012.14,319.9
5776.0,23.97,45.2,1012.57,320.9
5777.0,23.99,44.83,1012.24,319.5
5778.0,24.08,45.46,1012.35,316.4
5779.0,24.04,45.47,1012.57,321.8
5780.0,23.87,45.84,1012.69,319.6
5781.0,24.1,44.86,1012.27,322.0
5782.0,23.95,45.07,1012.48,316.6
5783.0,23.94,44.86,1012.47,324.1
5784.0,23.95,44.5,1012.48,312.0
5785.0,24.04,45.01,1012.21,322.4
5786.0,24.05,44.27,1012.59,320.9
5787.0,24.01,45.66,1012.42,313.2
5788.0,24.07,45.06,1012.51,320.8
5789.0,24.01,44.35,1012.31,316.9
5790.0,23.85,44.57,1012.57,314.0
5791.0,24.14,44.74,1012.49,326.1
5792.0,23.79,45.03,1012.44,316.3
5793.0,24.01,44.85,1012.37,321.5
5794.0,24.09,45.06,1012.47,321.2
5795.0,23.95,44.78,1012.44,326.6
5796.0,23.85,44.53,1012.36,324.6
5797.0,24.01,44.67,1012.65,322.0
5798.0,23.87,45.71,1012.42,323.5
5799.0,23.9,44.98,1012.48,313.2
5800.0,24.04,44.96,1012.4,319.2
5801.0,24.04,44.34,1012.43,317.6
5802.0,23.93,44.98,1012.42,325.6
5803.0,23.98,44.86,1012.2,316.8
5804.0,23.98,45.36,1012.55,323.1
5805.0,24.21,44.45,1012.28,316.0
5806.0,24.06,44.71,1012.38,319.7
5807.0,24.1,45.58,1012.38,323.2
5808.0,24.01,45.41,1012.79,323.1
5809.0,24.15,45.58,1012.51,318.5
5810.0,24.11,44.88,1012.25,319.2
5811.0,23.98,45.21,1012.68,320.7
5812.0,24.01,44.42,1012.47,321.8
5813.0,23.93,45.08,1012.31,314.7
5814.0,23.98,45.2,1012.44,317.4
5815.0,23.94,44.71,1012.31,322.6
5816.0,23.98,44.57,1012.55,326.0
5817.0,23.84,44.87,1012.41,322.4
5818.0,24.06,45.03,1012.32,314.9
5819.0,23.96,45.86,1012.39,329.1
5820.0,24.07,44.68,1012.4,318.9
5821.0,23.97,45.75,1012.47,318.1
5822.0,24.04,44.75,1012.39,321.8
5823.0,23.95,44.15,1012.3,320.0
5824.0,24.09,45.17,1012.58,314.7
5825.0,23.9,44.54,1012.54,323.3
5826.0,24.08,44.78,1012.54,314.1
5827.0,24.05,45.04,1012.85,317.7
5828.0,23.95,45.0,1012.4,317.7
5829.0,23.99,45.24,1012.59,319.0
5830.0,24.09,44.53,1012.55,322.4
5831.0,24.12,45.55,1012.17,317.5
5832.0,23.93,44.48,1012.29,322.0
5833.0,24.07,45.42,1012.48,322.5
5834.0,23.95,44.51,1012.43,320.1
5835.0,24.1,45.22,1012.51,320.3
5836.0,24.04,44.61,1012.25,324.0
5837.0,23.95,44.98,1012.23,322.0
5838.0,23.96,44.25,1012.33,324.5
5839.0,23.93,44.5,1012.2,317.7
5840.0,24.09,44.77,1012.5,317.4
5841.0,24.1,45.13,1012.24,319.5
5842.0,23.94,45.38,1012.16,326.9
5843.0,24.05,44.64,1012.37,324.0
5844.0,23.97,45.44,1012.56,319.4
5845.0,23.94,44.59,1012.46,316.8
5846.0,23.93,44.95,1012.33,324.7
5847.0,24.0,45.23,1012.26,320.1
5848.0,24.06,44.76,1012.51,317.9
5849.0,23.97,45.14,1012.34,316.2
5850.0,23.89,45.65,1012.62,323.6
5851.0,23.99,45.66,1012.19,318.1
5852.0,24.01,44.59,1012.48,319.5
5853.0,23.97,44.96,1012.81,316.1
5854.0,23.99,44.98,1012.47,319.2
5855.0,24.1,44.53,1012.16,320.2
5856.0,24.0,45.3,1012.75,316.3
5857.0,23.95,44.82,1012.38,322.4
5858.0,24.03,43.88,1012.48,319.6
5859.0,23.93,45.43,1012.35,318.2
5860.0,24.1,44.62,1012.46,318.0
5861.0,23.95,45.47,1012.64,317.6
5862.0,23.99,45.64,1012.51,319.0
5863.0,23.97,45.0,1012.18,319.3
5864.0,24.07,45.3,1012.43,315.7
5865.0,24.04,44.76,1012.46,322.0
5866.0,23.92,45.46,1012.53,317.3
5867.0,23.97,44.59,1012.33,314.7
5868.0,23.97,44.71,1012.26,317.9
5869.0,23.99,44.73,1012.34,320.2
5870.0,24.11,45.37,1012.28,315.5
5871.0,24.08,45.45,1012.62,315.9
5872.0,24.04,45.45,1012.51,326.3
5873.0,24.01,44.79,1012.3,320.1
5874.0,24.04,44.92,1012.56,311.7
5875.0,23.95,45.18,1012.28,320.2
5876.0,23.91,45.87,1012.32,319.1
5877.0,23.99,44.99,1012.31,319.4
5878.0,24.01,45.35,1012.39,316.7
5879.0,23.96,45.23,1012.15,318.8
5880.0,23.84,44.8,1012.19,316.9
5881.0,23.97,44.13,1012.36,323.8
5882.0,24.0,44.44,1012.4,318.6
5883.0,23.97,45.45,1012.45,318.7
5884.0,24.06,45.28,1012.59,322.3
5885.0,24.06,44.95,1012.3,318.8
5886.0,23.95,44.84,1012.46,319.2
5887.0,23.85,44.86,1012.17,316.0
5888.0,24.0,44.82,1012.44,319.8
5889.0,24.09,45.05,1012.23,323.8
5890.0,23.86,45.1,1012.69,319.9
5891.0,24.04,45.19,1012.43,316.2
5892.0,24.01,45.37,1012.15,320.4
5893.0,24.16,44.96,1012.37,316.0
5894.0,24.03,44.46,1012.45,321.3
5895.0,23.93,44.84,1012.58,320.2
5896.0,24.16,46.17,1012.57,319.3
5897.0,24.05,44.88,1012.12,325.4
5898.0,24.04,44.53,1012.15,314.7
5899.0,24.06,44.73,1012.31,321.6
5900.0,23.99,44.64,1012.18,318.1
5901.0,23.94,44.61,1012.21,317.9
5902.0,24.04,44.64,1012.5,314.1
5903.0,23.94,44.7,1012.78,318.6
5904.0,24.02,45.48,1012.42,323.3
5905.0,24.08,45.44,1012.71,324.0
5906.0,23.85,44.99,1012.37,314.9
5907.0,24.08,44.62,1012.49,318.9
5908.0,24.0,45.35,1012.32,319.5
5909.0,24.11,44.88,1012.42,319.8
5910.0,23.95,45.55,1012.39,320.3
5911.0,23.91,45.22,1012.52,319.3
5912.0,24.05,44.63,1012.78,322.0
5913.0,24.05,45.0,1012.16,321.9
5914.0,24.14,45.46,1012.15,320.4
5915.0,24.06,44.77,1012.57,316.1
5916.0,23.99,44.45,1012.44,315.2
5917.0,24.05,44.92,1012.37,322.3
5918.0,24.0,45.4,1012.34,321.9
5919.0,24.06,44.43,1012.63,323.6
5920.0,24.04,44.97,1012.65,315.6
5921.0,24.13,45.5,1012.53,320.5
5922.0,24.1,44.73,1012.27,319.6
5923.0,24.03,45.03,1012.44,325.7
5924.0,24.0,45.26,1012.23,320.4
5925.0,24.11,45.04,1012.38,320.9
5926.0,24.13,45.06,1012.46,321.1
5927.0,23.85,44.58,1012.35,319.2
5928.0,24.03,44.54,1012.38,317.8
5929.0,24.05,45.29,1012.6,321.8
5930.0,24.12,44.42,1012.4,315.9
5931.0,23.87,45.88,1012.2,318.2
5932.0,24.14,44.98,1012.49,316.3
5933.0,24.0,44.47,1012.33,316.9
5934.0,23.93,44.65,1012.48,321.9
5935.0,24.02,45.07,1012.5,315.9
5936.0,23.93,44.66,1012.16,319.4
5937.0,24.14,45.05,1012.62,322.0
5938.0,23.97,44.92,1012.52,322.0
5939.0,23.95,45.23,1012.62,326.6
5940.0,24.02,45.22,1012.18,320.9
5941.0,23.53,46.27,1012.21,320.7
5942.0,23.13,47.92,1012.64,319.1
5943.0,22.71,49.07,1012.48,324.2
5944.0,22.37,50.97,1012.42,323.0
5945.0,21.83,51.75,1012.63,318.1
5946.0,21.45,53.65,1012.42,322.6
5947.0,21.34,54.76,1012.46,318.2
5948.0,21.73,54.38,1012.31,320.0
5949.0,21.51,53.97,1012.62,323.2
5950.0,21.41,53.98,1012.55,314.9
5951.0,21.58,54.48,1012.48,324.3
5952.0,21.36,53.84,1012.29,319.0
5953.0,21.44,54.23,1012.43,320.6
5954.0,21.59,53.74,1012.5,323.0
5955.0,21.38,53.68,1012.66,324.4
5956.0,21.51,54.02,1012.4,318.6
5957.0,21.43,54.02,1012.31,318.0
5958.0,21.43,53.52,1012.22,323.1
5959.0,21.53,53.35,1012.39,313.2
5960.0,21.53,53.69,1012.36,320.3
5961.0,21.62,54.44,1012.47,322.1
5962.0,21.41,54.37,1012.59,325.7
5963.0,21.49,54.17,1012.48,321.7
5964.0,21.55,53.05,1012.7,318.8
5965.0,21.4,53.68,1012.53,320.2
5966.0,21.48,54.19,1012.57,315.9
5967.0,21.4,53.29,1012.16,314.9
5968.0,21.43,54.35,1012.12,318.2
5969.0,21.5,54.49,1012.56,319.9
5970.0,21.48,53.33,1012.74,317.7
5971.0,21.56,54.32,1012.47,325.3
5972.0,21.5,54.14,1012.23,316.6
5973.0,21.54,53.87,1012.25,319.3
5974.0,21.34,53.47,1012.23,321.1
5975.0,21.48,53.97,1012.32,318.4
5976.0,21.53,53.87,1012.44,319.8
5977.0,21.48,54.42,1012.47,319.7
5978.0,21.47,53.48,1012.48,317.3
5979.0,21.5,54.36,1012.45,319.2
5980.0,21.55,54.39,1012.28,319.6
5981.0,21.53,54.22,1012.51,320.2
5982.0,21.57,53.73,1012.04,323.2
5983.0,21.41,54.7,1012.17,314.2
5984.0,21.46,53.57,1012.49,323.1
5985.0,21.53,54.12,1012.63,324.1
5986.0,21.31,53.96,1012.66,324.4
5987.0,21.46,53.47,1012.18,319.4
5988.0,21.52,53.52,1012.46,322.5
5989.0,21.54,54.02,1012.39,319.9
5990.0,21.45,54.04,1012.45,320.2
5991.0,21.49,54.72,1012.49,318.7
5992.0,21.47,53.7,1012.29,315.1
5993.0,21.42,53.9,1012.31,318.9
5994.0,21.51,53.76,1012.33,316.8
5995.0,21.51,54.32,1012.58,319.2
5996.0,21.48,53.69,1012.55,322.8
5997.0,21.54,53.57,1012.51,319.4
5998.0,21.41,53.95,1012.58,318.6
5999.0,21.58,54.45,1012.38,319.3
6000.0,21.47,53.77,1012.4,321.8
6001.0,21.62,53.87,1012.51,317.8
6002.0,21.45,54.38,1012.41,318.6
6003.0,21.51,53.89,1012.26,319.8
6004.0,21.65,53.56,1012.55,319.4
6005.0,21.45,54.56,1012.18,321.6
6006.0,21.38,54.01,1012.47,318.6
6007.0,21.5,54.06,1012.65,317.5
6008.0,21.5,53.99,1012.67,320.4
6009.0,21.61,54.14,1012.46,321.9
6010.0,21.63,53.7,1012.64,315.4
6011.0,21.6,52.87,1012.15,317.9
6012.0,21.46,54.2,1012.44,320.4
6013.0,21.37,53.8,1012.46,318.4
6014.0,21.42,53.14,1012.62,320.1
6015.0,21.52,53.72,1012.12,322.1
6016.0,21.53,53.86,1012.61,324.5
6017.0,21.58,53.79,1012.22,319.6
6018.0,21.53,53.13,1012.53,323.9
6019.0,21.49,54.08,1012.47,318.5
6020.0,21.47,54.04,1012.58,317.0
6021.0,21.5,54.37,1012.54,317.0
6022.0,21.56,54.0,1012.41,320.1
6023.0,21.48,54.74,1012.35,318.8
6024.0,21.45,54.07,1012.2,319.8
6025.0,21.45,53.99,1012.48,316.9
6026.0,21.48,54.36,1012.45,318.0
6027.0,21.44,54.05,1012.36,318.9
6028.0,21.48,53.54,1012.52,322.7
6029.0,21.47,54.53,1012.65,320.0
6030.0,21.48,53.86,1012.43,320.2
6031.0,21.45,53.9,1012.42,320.3
6032.0,21.36,53.86,1012.25,322.6
6033.0,21.45,54.29,1012.34,324.3
6034.0,21.6,54.25,1012.47,323.3
6035.0,21.45,53.15,1012.37,324.0
6036.0,21.43,55.04,1012.81,322.1
6037.0,21.44,53.7,1012.19,320.4
6038.0,21.37,53.98,1012.33,318.8
6039.0,21.51,54.3,1012.14,320.0
6040.0,21.48,54.14,1012.37,326.6
6041.0,21.38,53.34,1012.23,322.0
6042.0,21.49,53.98,1012.43,320.6
6043.0,21.43,53.76,1012.36,319.6
6044.0,21.52,54.47,1012.45,315.6
6045.0,21.45,54.19,1012.68,316.4
6046.0,21.59,53.95,1012.33,318.7
6047.0,21.49,53.5,1012.64,323.5
6048.0,21.48,53.5,1012.67,317.2
6049.0,21.5,53.92,1012.37,316.8
6050.0,21.48,54.16,1012.64,321.9
6051.0,21.45,54.13,1012.29,319.2
6052.0,21.66,54.42,1012.56,317.2
6053.0,21.54,53.93,1012.39,315.9
6054.0,21.37,53.35,1012.41,320.1
6055.0,21.33,54.27,1012.41,320.6
6056.0,21.29,54.38,1012.28,323.1
6057.0,21.45,54.23,1012.15,323.6
6058.0,21.42,54.06,1012.58,320.9
6059.0,21.44,53.92,1012.29,323.2
6060.0,21.56,53.8,1012.53,321.4
6061.0,21.54,54.2,1012.42,324.4
6062.0,21.51,54.33,1012.25,323.0
6063.0,21.41,53.98,1012.15,315.6
6064.0,21.52,54.41,1012.5,324.8
6065.0,21.44,54.17,1012.22,320.7
6066.0,21.46,53.32,1012.45,319.1
6067.0,21.53,53.63,1012.35,322.5
6068.0,21.41,54.59,1012.39,324.7
6069.0,21.44,53.99,1012.29,319.3
6070.0,21.38,54.22,1012.43,317.5
6071.0,21.47,54.66,1012.5,319.6
6072.0,21.56,53.7,1012.22,319.8
6073.0,21.36,54.06,1012.2,319.4
6074.0,21.51,54.16,1012.67,322.4
6075.0,21.53,53.79,1012.23,315.7
6076.0,21.53,54.02,1012.26,325.0
6077.0,21.61,53.89,1012.29,325.2
6078.0,21.46,54.41,1012.28,315.2
6079.0,21.42,53.74,1012.56,317.9
6080.0,21.4,54.09,1012.25,322.3
6081.0,21.41,54.04,1012.33,320.0
6082.0,21.41,53.77,1012.19,316.6
6083.0,21.57,54.42,1012.38,321.7
6084.0,21.55,53.3,1012.41,326.1
6085.0,21.49,53.46,1012.31,318.7
6086.0,21.63,54.08,1012.47,320.7
6087.0,21.5,53.43,1012.43,317.9
6088.0,21.58,54.08,1012.38,314.3
6089.0,21.46,53.67,1012.44,317.1
6090.0,21.31,54.39,1012.25,320.8
6091.0,21.51,54.25,1012.63,316.5
6092.0,21.45,54.19,1012.21,322.8
6093.0,21.44,54.26,1012.23,316.6
6094.0,21.52,54.05,1012.13,321.5
6095.0,21.37,54.53,1012.42,320.0
6096.0,21.44,53.73,1012.47,322.1
6097.0,21.43,54.53,1012.14,321.5
6098.0,21.49,54.62,1012.61,329.6
6099.0,21.44,54.21,1012.16,321.1
6100.0,21.56,53.53,1012.41,320.4
6101.0,21.65,54.3,1012.46,320.7
6102.0,21.38,54.11,1012.58,320.2
6103.0,21.43,53.1,1012.05,324.0
6104.0,21.5,54.77,1012.53,313.8
6105.0,21.44,53.62,1012.58,322.4
6106.0,21.56,54.32,1012.31,321.2
6107.0,21.58,54.7,1012.74,324.5
6108.0,21.45,54.06,1012.29,316.0
6109.0,21.52,53.45,1011.94,315.8
6110.0,21.35,54.48,1012.42,323.4
6111.0,21.49,53.38,1012.56,319.5
6112.0,21.49,54.27,1012.42,319.7
6113.0,21.52,53.95,1012.45,318.2
6114.0,21.46,54.88,1012.51,320.6
6115.0,21.5,54.03,1012.55,317.8
6116.0,21.55,54.38,1012.26,325.0
6117.0,21.5,53.94,1012.43,325.9
6118.0,21.46,54.41,1012.48,324.5
6119.0,21.64,54.28,1012.11,323.3
6120.0,21.45,54.15,1012.31,321.9
6121.0,21.62,53.7,1012.35,319.1
6122.0,21.46,54.79,1012.38,318.9
6123.0,21.37,53.69,1012.49,317.8
6124.0,21.65,53.66,1012.16,321.0
6125.0,21.52,53.36,1012.71,326.6
6126.0,21.57,54.15,1012.29,320.6
6127.0,21.41,53.79,1012.37,318.4
6128.0,21.49,53.73,1012.47,318.1
6129.0,21.39,54.01,1012.52,322.4
6130.0,21.52,54.49,1012.42,314.6
6131.0,21.51,53.48,1012.34,323.1
6132.0,21.52,53.65,1012.36,325.7
6133.0,21.43,54.17,1012.23,318.7
6134.0,21.44,54.24,1012.23,323.5
6135.0,21.56,54.02,1012.49,317.8
6136.0,21.42,54.16,1012.26,314.7
6137.0,21.6,54.44,1012.44,318.2
6138.0,21.51,54.0,1012.45,323.8
6139.0,21.46,54.36,1012.3,314.9
6140.0,21.56,54.91,1012.48,322.1
6141.0,21.58,54.0,1012.44,323.4
6142.0,21.49,54.16,1012.53,317.9
6143.0,21.46,53.79,1012.42,319.8
6144.0,21.55,54.32,1012.26,327.4
6145.0,21.46,54.89,1012.29,320.1
6146.0,21.61,54.12,1012.39,319.5
6147.0,21.41,53.59,1012.52,317.8
6148.0,21.54,53.9,1012.48,317.2
6149.0,21.52,53.83,1012.49,321.1
6150.0,21.35,53.5,1012.31,323.8
6151.0,21.44,53.69,1012.3,315.2
6152.0,21.63,53.58,1012.46,323.2
6153.0,21.54,53.43,1012.25,316.4
6154.0,21.49,53.56,1012.61,317.8
6155.0,21.31,53.66,1012.21,321.6
6156.0,21.53,53.62,1012.19,319.0
6157.0,21.42,54.05,1012.61,319.4
6158.0,21.5,53.95,1012.22,318.6
6159.0,21.48,53.96,1012.66,326.7
6160.0,21.52,54.16,1012.39,319.3
6161.0,21.4,54.09,1012.21,322.8
6162.0,21.58,54.28,1012.35,321.5
6163.0,21.51,53.34,1012.41,326.0
6164.0,21.42,53.79,1012.04,322.6
6165.0,21.51,54.21,1012.41,319.2
6166.0,21.43,53.87,1012.38,320.1
6167.0,21.39,53.61,1012.32,320.2
6168.0,21.61,54.05,1012.15,320.4
6169.0,21.4,54.09,1012.34,320.2
6170.0,21.53,53.5,1012.59,320.5
6171.0,21.58,53.61,1012.18,319.5
6172.0,21.51,54.06,1012.45,319.9
6173.0,21.45,55.13,1012.34,320.3
6174.0,21.56,54.24,1012.13,319.0
6175.0,21.67,53.86,1012.78,317.1
6176.0,21.43,54.21,1012.42,316.0
6177.0,21.49,54.23,1012.11,321.4
6178.0,21.57,53.92,1012.1,322.2
6179.0,21.33,54.43,1012.56,313.0
6180.0,21.39,53.37,1012.37,321.7
6181.0,21.51,54.61,1012.13,316.4
6182.0,21.62,53.28,1012.3,317.1
6183.0,21.36,53.91,1012.73,317.0
6184.0,21.49,53.27,1012.45,322.2
6185.0,21.58,54.43,1012.56,321.4
6186.0,21.67,54.05,1012.45,316.6
6187.0,21.67,53.81,1012.39,320.1
6188.0,21.48,53.5,1012.24,323.8
6189.0,21.57,53.82,1012.13,315.0
6190.0,21.4,53.2,1012.4,322.2
6191.0,21.62,53.54,1012.5,317.0
6192.0,21.6,53.62,1012.32,319.6
6193.0,21.44,54.6,1012.42,315.7
6194.0,21.51,53.79,1012.68,321.4
6195.0,21.43,53.74,1012.44,326.0
6196.0,21.56,54.53,1012.31,314.5
6197.0,21.37,54.33,1012.42,316.9
6198.0,21.59,54.31,1012.48,322.8
6199.0,21.47,53.81,1012.59,322.4
6200.0,21.53,54.08,1012.43,320.2
6201.0,21.41,52.89,1012.31,321.8
6202.0,21.44,53.72,1012.63,319.6
6203.0,21.47,53.77,1012.47,319.2
6204.0,21.57,54.44,1012.64,318.0
6205.0,21.51,53.86,1012.48,317.6
6206.0,21.45,54.61,1012.36,326.2
6207.0,21.44,53.94,1012.22,319.4
6208.0,21.48,53.59,1012.29,317.6
6209.0,21.57,54.11,1012.14,317.3
6210.0,21.44,54.56,1012.4,325.9
6211.0,21.42,54.46,1012.11,317.9
6212.0,21.54,53.09,1012.54,324.7
6213.0,21.45,54.17,1012.15,321.0
6214.0,21.51,53.83,1012.49,320.4
6215.0,21.4,53.09,1012.55,325.2
6216.0,21.52,54.25,1012.58,318.1
6217.0,21.56,53.69,1012.59,318.4
6218.0,21.6,53.5,1012.4,322.8
6219.0,21.35,53.73,1012.42,314.8
6220.0,21.39,54.54,1012.46,319.8
6221.0,21.67,53.27,1012.33,320.8
6222.0,21.52,53.8,1012.51,319.3
6223.0,21.4,54.21,1012.39,318.6
6224.0,21.4,54.16,1012.34,323.1
6225.0,21.56,54.06,1012.35,323.9
6226.0,21.53,53.97,1012.34,322.7
6227.0,21.48,54.31,1012.56,319.4
6228.0,21.49,53.71,1012.27,318.1
6229.0,21.4,54.12,1012.28,321.7
6230.0,21.54,54.87,1012.31,319.3
6231.0,21.38,52.92,1012.13,324.4
6232.0,21.54,54.56,1012.68,317.0
6233.0,21.43,54.52,1012.5,324.1
6234.0,21.66,53.88,1012.65,319.8
6235.0,21.5,53.32,1012.38,325.3
6236.0,21.32,53.93,1012.22,315.0
6237.0,21.45,53.93,1012.67,318.1
6238.0,21.4,53.96,1012.4,319.0
6239.0,21.59,53.76,1012.33,318.9
6240.0,21.54,54.17,1012.46,317.6
6241.0,21.47,54.57,1012.39,316.5
6242.0,21.61,53.8,1012.25,318.7
6243.0,21.46,53.89,1012.65,323.9
6244.0,21.51,54.11,1012.41,318.5
6245.0,21.57,54.24,1012.32,317.5
6246.0,21.44,53.64,1012.31,321.6
6247.0,21.41,53.68,1012.57,315.1
6248.0,21.6,53.94,1012.45,325.2
6249.0,21.57,54.1,1012.4,317.9
6250.0,21.29,54.45,1012.52,318.4
6251.0,21.51,54.44,1012.27,321.2
6252.0,21.6,53.73,1012.47,322.3
6253.0,21.37,53.85,1012.5,319.4
6254.0,21.49,54.03,1012.49,317.1
6255.0,21.59,53.58,1012.46,319.4
6256.0,21.58,54.14,1012.36,322.0
6257.0,21.44,53.37,1012.36,320.5
6258.0,21.41,53.63,1012.18,320.5
6259.0,21.46,53.85,1012.59,316.7
6260.0,21.8,53.95,1012.62,317.7
6261.0,21.52,53.95,1012.55,321.1
6262.0,21.48,53.68,1011.83,322.0
6263.0,21.44,54.42,1012.34,319.0
6264.0,21.37,53.85,1012.46,319.1
6265.0,21.69,53.89,1012.59,322.0
6266.0,21.44,54.21,1012.24,319.8
6267.0,21.46,53.99,1012.52,321.5
6268.0,21.44,53.88,1012.22,322.3
6269.0,21.48,53.72,1012.33,321.1
6270.0,21.5,54.18,1012.28,323.5
6271.0,21.63,53.71,1012.44,323.4
6272.0,21.4,54.14,1012.4,320.7
6273.0,21.5,54.25,1012.27,318.4
6274.0,21.54,53.77,1012.28,322.4
6275.0,21.46,53.68,1012.52,321.4
6276.0,21.61,53.74,1012.29,317.9
6277.0,21.51,54.62,1012.37,317.8
6278.0,21.44,53.56,1012.44,320.2
6279.0,21.51,53.53,1012.52,324.4
6280.0,21.7,54.24,1012.31,321.6
6281.0,21.66,53.87,1012.42,323.2
6282.0,21.39,54.9,1012.09,317.8
6283.0,21.51,53.8,1012.54,320.7
6284.0,21.43,53.98,1012.31,321.4
6285.0,21.5,54.52,1012.28,315.6
6286.0,21.54,54.0,1012.29,317.0
6287.0,21.59,53.74,1012.46,323.0
6288.0,21.49,54.65,1012.44,322.7
6289.0,21.41,53.51,1012.43,317.3
6290.0,21.54,53.71,1012.54,317.9
6291.0,21.47,54.91,1012.4,324.3
6292.0,21.53,53.92,1012.29,318.3
6293.0,21.56,53.62,1012.47,315.7
6294.0,21.47,53.66,1012.49,319.0
6295.0,21.46,53.77,1012.32,324.7
6296.0,21.4,53.85,1012.48,320.4
6297.0,21.55,53.94,1012.45,317.3
6298.0,21.59,54.25,1012.46,325.4
6299.0,21.59,54.35,1012.52,321.6
6300.0,21.53,53.32,1012.32,320.8
6301.0,21.44,54.42,1012.04,319.4
6302.0,21.53,54.69,1012.38,321.0
6303.0,21.47,54.11,1012.51,320.7
6304.0,21.43,54.73,1012.48,317.5
6305.0,21.41,54.35,1012.44,321.1
6306.0,21.49,54.3,1012.45,319.4
6307.0,21.47,54.34,1012.76,322.5
6308.0,21.62,53.5,1012.49,320.9
6309.0,21.51,54.18,1012.42,322.0
6310.0,21.42,54.35,1012.15,321.0
6311.0,21.63,54.19,1012.6,318.6
6312.0,21.57,53.71,1012.45,319.9
6313.0,21.33,53.17,1012.21,315.1
6314.0,21.48,54.19,1012.38,322.8
6315.0,21.57,54.22,1012.4,326.9
6316.0,21.54,54.33,1012.25,315.4
6317.0,21.37,54.39,1012.19,319.5
6318.0,21.68,54.17,1012.72,322.0
6319.0,21.49,54.19,1012.42,326.1
6320.0,21.44,54.36,1012.32,316.1
6321.0,21.42,53.29,1012.6,320.3
6322.0,21.6,54.24,1012.3,319.5
6323.0,21.47,54.44,1012.41,313.5
6324.0,21.54,54.51,1012.36,319.6
6325.0,21.58,54.3,1012.54,320.2
6326.0,21.65,52.92,1012.38,320.8
6327.0,21.48,54.15,1012.41,320.1
6328.0,21.56,53.53,1012.6,317.2
6329.0,21.53,53.25,1012.13,315.0
6330.0,21.45,53.83,1012.68,324.0
6331.0,21.54,54.17,1012.28,320.3
6332.0,21.54,54.04,1012.35,320.8
6333.0,21.47,54.16,1012.58,316.4
6334.0,21.58,53.92,1012.33,323.9
6335.0,21.51,54.32,1012.24,318.1
6336.0,21.51,53.82,1012.33,321.5
6337.0,21.57,54.77,1012.21,321.2
6338.0,21.47,53.84,1012.42,316.9
6339.0,21.46,53.54,1012.32,325.9
6340.0,21.51,53.56,1012.23,318.8
6341.0,21.43,53.78,1012.56,324.2
6342.0,21.44,54.28,1012.27,318.8
6343.0,21.4,54.08,1012.48,325.7
6344.0,21.53,54.45,1012.5,319.2
6345.0,21.47,53.34,1012.5,314.8
6346.0,21.45,54.56,1012.07,319.3
6347.0,21.58,53.86,1012.27,318.5
6348.0,21.34,54.06,1012.01,326.2
6349.0,21.6,53.36,1012.37,321.0
6350.0,21.38,53.2,1012.26,321.2
6351.0,21.55,53.46,1012.55,320.3
6352.0,21.51,54.44,1012.31,321.6
6353.0,21.43,53.91,1012.43,318.6
6354.0,21.51,53.92,1012.39,319.5
6355.0,21.5,53.75,1012.0,322.1
6356.0,21.68,54.29,1012.49,324.5
6357.0,21.52,54.2,1012.44,318.3
6358.0,21.64,54.29,1012.18,321.1
6359.0,21.62,53.89,1012.27,321.6
6360.0,21.56,53.7,1012.63,322.1
6361.0,21.51,53.12,1012.47,322.9
6362.0,21.48,53.95,1012.58,318.9
6363.0,21.49,53.91,1012.34,312.9
6364.0,21.34,54.48,1012.65,318.3
6365.0,21.62,53.81,1012.08,326.2
6366.0,21.58,54.89,1012.43,315.9
6367.0,21.44,54.79,1012.25,321.3
6368.0,21.4,53.6,1012.35,322.3
6369.0,21.48,54.21,1012.36,321.3
6370.0,21.56,53.72,1012.53,319.5
6371.0,21.5,54.57,1012.47,320.2
6372.0,21.45,54.16,1012.21,319.6
6373.0,21.44,54.42,1012.54,322.2
6374.0,21.54,53.82,1012.52,318.1
6375.0,21.45,54.24,1012.86,315.9
6376.0,21.49,53.69,1012.31,320.3
6377.0,21.47,54.12,1012.26,323.5
6378.0,21.56,53.88,1012.61,318.5
6379.0,21.47,53.84,1012.45,320.7
6380.0,21.47,53.74,1012.36,319.8
6381.0,21.44,53.62,1012.46,316.3
6382.0,21.5,54.3,1012.08,319.2
6383.0,21.41,54.51,1012.46,316.1
6384.0,21.44,53.28,1012.31,316.4
6385.0,21.44,53.77,1012.24,317.9
6386.0,21.62,53.94,1012.51,316.3
6387.0,21.51,53.87,1012.64,320.1
6388.0,21.5,53.51,1012.52,324.7
6389.0,21.42,53.45,1012.64,319.6
6390.0,21.56,54.34,1012.42,320.6
6391.0,21.41,54.07,1012.35,322.1
6392.0,21.44,53.31,1012.28,321.9
6393.0,21.55,53.74,1012.68,321.2
6394.0,21.63,53.89,1012.49,325.2
6395.0,21.5,53.5,1012.43,326.1
6396.0,21.59,53.91,1012.31,321.1
6397.0,21.6,53.77,1012.41,319.5
6398.0,21.62,54.63,1012.56,319.9
6399.0,21.4,54.3,1012.09,316.6
6400.0,21.44,54.29,1012.46,321.2
6401.0,21.55,53.49,1012.18,321.9
6402.0,21.4,53.83,1012.49,320.4
6403.0,21.57,54.34,1012.49,317.1
6404.0,21.47,53.95,1012.23,320.3
6405.0,21.48,54.46,1012.35,324.2
6406.0,21.4,53.5,1012.0,319.1
6407.0,21.56,54.17,1012.27,319.5
6408.0,21.44,52.92,1012.27,324.4
6409.0,21.49,53.88,1012.47,323.2
6410.0,21.38,54.0,1012.6,319.1
6411.0,21.48,53.55,1012.56,320.9
6412.0,21.57,54.11,1012.23,318.4
6413.0,21.54,54.21,1012.17,317.3
6414.0,21.67,53.51,1012.23,320.4
6415.0,21.61,53.7,1012.33,323.5
6416.0,21.47,53.95,1012.37,314.9
6417.0,21.58,54.06,1012.19,320.1
6418.0,21.46,54.18,1012.57,320.7
6419.0,21.47,54.04,1012.51,324.8
6420.0,21.57,53.63,1012.5,315.8
6421.0,21.62,53.87,1012.14,317.4
6422.0,21.46,54.03,1012.56,320.4
6423.0,21.53,53.76,1012.35,322.5
6424.0,21.47,53.92,1012.46,317.6
6425.0,21.51,54.5,1012.26,321.1
6426.0,21.58,53.91,1012.38,321.5
6427.0,21.54,53.66,1012.38,318.3
6428.0,21.6,53.77,1012.25,323.6
6429.0,21.55,53.74,1012.35,328.3
6430.0,21.44,53.61,1012.23,322.4
6431.0,21.65,53.84,1012.42,323.2
6432.0,21.5,54.62,1012.1,321.0
6433.0,21.56,52.93,1012.33,322.2
6434.0,21.62,52.84,1012.27,323.9
6435.0,21.36,54.1,1012.53,318.0
6436.0,21.51,53.59,1012.23,320.0
6437.0,21.46,53.84,1012.63,316.3
6438.0,21.63,54.89,1012.4,324.8
6439.0,21.43,54.5,1012.68,315.8
6440.0,21.43,53.94,1012.44,318.4
6441.0,21.55,54.05,1012.25,317.2
6442.0,21.48,53.84,1012.4,318.4
6443.0,21.54,54.23,1012.35,325.0
6444.0,21.6,54.62,1012.57,323.2
6445.0,21.44,53.88,1012.61,311.8
6446.0,21.61,54.24,1012.43,321.7
6447.0,21.4,54.0,1012.29,318.3
6448.0,21.49,54.12,1012.37,314.8
6449.0,21.72,53.1,1012.35,321.8
6450.0,21.44,54.67,1012.29,319.5
6451.0,21.54,54.26,1012.5,321.7
6452.0,21.46,54.65,1012.33,319.0
6453.0,21.41,54.36,1012.6,323.0
6454.0,21.54,53.84,1012.55,322.6
6455.0,21.6,53.84,1012.46,319.0
6456.0,21.49,54.8,1012.5,318.9
6457.0,21.46,54.11,1012.4,316.8
6458.0,21.6,54.68,1012.57,320.3
6459.0,21.47,54.5,1012.51,315.4
6460.0,21.42,53.69,1012.6,321.3
6461.0,21.54,53.79,1012.27,318.1
6462.0,21.59,53.83,1012.45,319.9
6463.0,21.63,53.64,1012.33,323.3
6464.0,21.53,53.74,1012.31,324.1
6465.0,21.6,54.15,1012.31,323.1
6466.0,21.41,54.22,1012.39,319.7
6467.0,21.51,54.07,1012.62,318.2
6468.0,21.5,53.68,1012.53,316.9
6469.0,21.3,54.18,1012.43,318.8
6470.0,21.51,53.97,1012.26,316.4
6471.0,21.56,54.38,1012.46,315.2
6472.0,21.66,53.65,1012.34,319.1
6473.0,21.52,53.72,1012.4,321.4
6474.0,21.6,53.5,1011.85,321.1
6475.0,21.43,54.68,1012.4,321.3
6476.0,21.59,53.91,1012.36,323.4
6477.0,21.47,54.31,1012.63,313.7
6478.0,21.46,53.63,1012.37,313.9
6479.0,21.47,54.4,1012.41,318.0
6480.0,21.42,53.57,1012.36,320.4
6481.0,21.54,53.62,1012.13,320.6
6482.0,21.34,53.75,1012.41,320.0
6483.0,21.68,54.46,1012.24,319.9
6484.0,21.39,53.71,1012.58,324.7
6485.0,21.48,53.98,1012.58,321.6
6486.0,21.54,53.77,1012.35,317.0
6487.0,21.54,54.2,1012.31,318.1
6488.0,21.45,53.84,1012.32,328.6
6489.0,21.47,54.67,1012.43,321.6
6490.0,21.52,53.89,1012.57,320.4
6491.0,21.5,53.85,1012.5,318.2
6492.0,21.53,53.68,1012.43,319.5
6493.0,21.45,53.96,1012.31,316.0
6494.0,21.57,54.01,1012.59,318.6
6495.0,21.35,53.77,1012.75,319.9
6496.0,21.61,53.9,1012.46,318.3
6497.0,21.46,54.67,1012.39,319.7
6498.0,21.5,54.26,1012.32,318.7
6499.0,21.52,54.22,1012.71,316.0
6500.0,21.61,53.98,1012.27,321.9
6501.0,21.49,54.43,1012.43,321.6
6502.0,21.43,54.47,1012.38,317.8
6503.0,21.45,54.22,1012.28,324.0
6504.0,21.42,54.28,1012.33,322.3
6505.0,21.42,54.29,1012.47,321.8
6506.0,21.37,53.52,1012.19,321.0
6507.0,21.57,54.16,1012.46,318.9
6508.0,21.58,54.05,1012.53,322.8
6509.0,21.4,54.73,1012.26,318.3
6510.0,21.59,53.65,1012.42,316.6
6511.0,21.51,54.93,1012.28,316.7
6512.0,21.53,53.66,1012.46,320.0
6513.0,21.54,53.84,1012.58,314.5
6514.0,21.55,54.83,1012.54,319.4
6515.0,21.38,54.71,1012.41,316.1
6516.0,21.36,54.29,1012.37,322.7
6517.0,21.51,54.23,1012.35,321.3
6518.0,21.5,53.78,1012.4,318.8
6519.0,21.42,54.57,1012.4,323.1
6520.0,21.5,54.55,1012.57,320.7
6521.0,21.63,53.47,1012.33,320.1
6522.0,21.53,54.26,1012.39,320.9
6523.0,21.45,53.58,1012.39,321.1
6524.0,21.53,54.88,1012.61,319.5
6525.0,21.5,54.05,1012.38,317.5
6526.0,21.54,53.82,1012.48,322.1
6527.0,21.6,54.58,1012.56,320.7
6528.0,21.5,53.83,1012.57,323.0
6529.0,21.42,53.93,1012.54,317.9
6530.0,21.59,53.82,1012.32,320.2
6531.0,21.34,53.48,1012.5,323.8
6532.0,21.58,53.94,1012.24,317.8
6533.0,21.41,53.68,1012.65,316.7
6534.0,21.42,54.52,1012.57,316.5
6535.0,21.32,53.93,1012.39,322.0
6536.0,21.43,52.78,1012.52,319.3
6537.0,21.55,53.12,1012.54,320.4
6538.0,21.57,54.26,1012.46,318.7
6539.0,21.29,54.77,1012.35,316.7
6540.0,21.55,54.33,1012.49,317.9
6541.0,21.56,53.85,1012.43,317.2
6542.0,21.52,53.98,1012.43,319.5
6543.0,21.53,54.3,1012.07,320.8
6544.0,21.48,53.4,1012.36,316.9
6545.0,21.49,54.83,1012.4,318.4
6546.0,21.45,54.04,1012.19,316.6
6547.0,21.7,54.12,1012.45,320.7
6548.0,21.73,53.91,1012.32,317.3
6549.0,21.54,54.45,1012.45,318.7
6550.0,21.74,53.81,1012.45,320.8
6551.0,21.42,54.09,1012.57,320.4
6552.0,21.63,53.81,1012.5,323.9
6553.0,21.58,53.88,1012.48,315.8
6554.0,21.63,53.52,1012.34,323.6
6555.0,21.56,53.65,1012.11,315.1
6556.0,21.41,53.8,1012.37,323.4
6557.0,21.52,53.39,1012.37,318.0
6558.0,21.46,53.7,1012.49,319.1
6559.0,21.49,53.41,1012.39,320.9
6560.0,21.63,53.81,1012.17,321.9
6561.0,21.42,53.68,1012.49,313.9
6562.0,21.49,54.19,1012.44,317.6
6563.0,21.46,54.72,1012.62,316.6
6564.0,21.52,54.65,1012.36,324.8
6565.0,21.4,53.73,1012.51,320.0
6566.0,21.48,54.53,1012.4,322.0
6567.0,21.56,53.57,1012.29,321.4
6568.0,21.35,54.6,1012.56,322.8
6569.0,21.47,54.83,1012.57,321.8
6570.0,21.51,54.19,1012.36,317.7
6571.0,21.32,54.81,1012.68,320.2
6572.0,21.47,54.13,1012.5,324.1
6573.0,21.47,53.98,1012.46,321.7
6574.0,21.39,54.42,1012.62,320.4
6575.0,21.38,53.88,1012.51,323.7
6576.0,21.37,54.96,1012.36,317.8
6577.0,21.56,54.62,1012.44,318.4
6578.0,21.33,53.87,1012.42,313.2
6579.0,21.58,54.04,1012.3,322.0
6580.0,21.47,54.27,1012.4,323.0
6581.0,21.49,53.87,1012.25,315.6
6582.0,21.47,54.04,1012.51,323.5
6583.0,21.63,55.09,1012.4,316.5
6584.0,21.58,53.64,1012.23,316.5
6585.0,21.4,53.18,1012.25,320.7
6586.0,21.53,54.55,1012.29,316.0
6587.0,21.5,53.72,1012.65,318.7
6588.0,21.49,53.32,1011.98,315.0
6589.0,21.45,53.85,1012.49,319.4
6590.0,21.5,54.55,1012.16,318.3
6591.0,21.47,53.33,1012.31,324.9
6592.0,21.55,53.77,1012.47,320.5
6593.0,21.46,54.47,1012.29,316.0
6594.0,21.51,54.53,1012.62,317.1
6595.0,21.51,54.22,1012.5,322.6
6596.0,21.64,53.71,1012.26,320.7
6597.0,21.52,54.33,1012.39,317.0
6598.0,21.43,54.22,1012.52,319.0
6599.0,21.52,54.29,1012.32,322.0
6600.0,21.42,54.28,1012.08,317.0
6601.0,21.49,53.64,1012.61,316.5
6602.0,21.45,54.48,1012.54,323.9
6603.0,21.75,54.26,1012.32,322.3
6604.0,21.52,53.3,1012.47,319.9
6605.0,21.5,53.91,1012.32,320.9
6606.0,21.52,53.75,1011.99,319.1
6607.0,21.54,53.35,1012.54,325.1
6608.0,21.62,54.69,1012.24,326.3
6609.0,21.49,53.95,1012.42,323.2
6610.0,21.52,54.39,1012.61,317.5
6611.0,21.48,53.82,1012.52,319.9
6612.0,21.52,54.5,1012.43,314.2
6613.0,21.64,54.29,1012.67,316.0
6614.0,21.61,54.91,1012.18,323.2
6615.0,21.6,53.8,1012.31,319.9
6616.0,21.46,53.98,1012.71,319.3
6617.0,21.61,53.2,1012.03,322.7
6618.0,21.51,54.19,1012.32,317.3
6619.0,21.58,53.8,1012.39,313.3
6620.0,21.67,53.59,1012.45,322.1
6621.0,21.51,53.66,1012.31,326.0
6622.0,21.68,54.04,1012.43,319.5
6623.0,21.54,53.87,1012.66,321.4
6624.0,21.53,53.38,1012.64,314.7
6625.0,21.65,53.68,1012.22,320.1
6626.0,21.58,53.6,1012.25,321.1
6627.0,21.6,53.72,1012.41,317.4
6628.0,21.54,53.51,1012.53,320.4
6629.0,21.66,54.36,1012.34,314.4
6630.0,21.58,53.2,1012.19,315.9
6631.0,21.61,52.8,1012.4,319.1
6632.0,21.66,53.08,1012.33,318.1
6633.0,21.75,53.79,1012.29,319.0
6634.0,21.63,53.72,1012.48,322.6
6635.0,21.62,53.97,1012.53,322.9
6636.0,21.54,53.2,1012.22,319.6
6637.0,21.67,54.32,1012.44,321.4
6638.0,21.59,54.06,1012.33,324.2
6639.0,21.67,53.17,1012.48,320.2
6640.0,21.77,54.29,1012.28,320.0
6641.0,21.7,53.21,1012.27,320.2
6642.0,21.69,53.5,1012.27,321.2
6643.0,21.8,53.45,1012.21,323.0
6644.0,21.78,52.9,1012.45,317.3
6645.0,21.77,52.81,1012.39,328.3
6646.0,21.72,53.33,1012.18,315.9
6647.0,21.67,52.76,1012.33,315.3
6648.0,21.69,53.84,1012.47,320.5
6649.0,21.81,53.24,1012.43,322.8
6650.0,21.65,53.37,1012.13,318.8
6651.0,21.8,53.67,1012.33,321.4
6652.0,21.81,52.71,1012.49,320.0
6653.0,21.6,53.12,1012.39,320.5
6654.0,21.82,52.58,1012.41,322.3
6655.0,21.66,52.79,1012.59,321.0
6656.0,21.76,53.01,1012.26,315.4
6657.0,21.72,53.21,1012.5,315.4
6658.0,21.85,53.1,1012.49,318.9
6659.0,21.87,53.92,1012.3,317.1
6660.0,21.87,53.58,1012.42,318.4
6661.0,21.58,53.17,1012.42,316.0
6662.0,21.83,52.77,1012.49,315.0
6663.0,21.68,53.3,1012.46,324.9
6664.0,21.93,53.77,1012.37,318.5
6665.0,21.71,53.02,1012.3,317.3
6666.0,21.79,53.32,1012.32,318.8
6667.0,21.75,53.37,1012.29,325.4
6668.0,21.86,53.15,1012.35,327.0
6669.0,21.85,53.22,1012.55,318.0
6670.0,21.86,53.6,1012.47,317.5
6671.0,21.84,53.46,1012.34,323.3
6672.0,21.79,52.88,1012.49,316.3
6673.0,21.71,52.37,1012.5,321.2
6674.0,21.64,53.34,1012.53,320.0
6675.0,21.88,52.9,1012.35,317.7
6676.0,21.76,52.77,1012.5,324.0
6677.0,21.76,52.41,1012.38,320.1
6678.0,21.82,52.59,1012.68,321.3
6679.0,21.95,52.68,1012.37,329.2
6680.0,21.87,52.93,1012.31,313.3
6681.0,21.88,52.57,1012.43,319.8
6682.0,21.88,53.03,1012.44,322.4
6683.0,21.85,53.33,1012.41,319.2
6684.0,21.82,52.64,1012.62,316.4
6685.0,21.84,52.57,1012.53,317.8
6686.0,21.81,53.14,1012.5,321.2
6687.0,21.91,52.81,1012.43,321.3
6688.0,21.9,52.66,1012.39,321.4
6689.0,21.9,51.91,1012.3,321.5
6690.0,21.82,52.94,1012.5,319.1
6691.0,21.98,52.3,1012.48,319.0
6692.0,21.92,51.93,1012.32,315.9
6693.0,21.92,53.04,1012.19,316.3
6694.0,21.9,53.09,1012.42,320.5
6695.0,21.94,52.75,1012.5,319.7
6696.0,21.94,52.35,1012.53,321.4
6697.0,21.95,53.02,1012.24,323.7
6698.0,21.83,51.81,1012.61,318.8
6699.0,21.94,52.24,1012.34,322.9
6700.0,21.79,52.63,1012.3,312.2
6701.0,21.78,51.78,1012.21,321.9
6702.0,21.83,52.89,1012.31,323.1
6703.0,21.96,52.82,1012.53,315.6
6704.0,21.95,51.98,1012.4,318.7
6705.0,21.72,52.29,1012.43,325.0
6706.0,21.94,52.56,1012.09,313.8
6707.0,22.01,52.7,1012.41,320.7
6708.0,21.93,52.11,1012.43,322.4
6709.0,21.86,51.6,1012.27,320.5
6710.0,21.95,52.4,1012.43,315.6
6711.0,21.98,52.22,1012.43,324.8
6712.0,22.08,52.56,1012.7,318.3
6713.0,21.93,51.49,1012.36,320.6
6714.0,21.99,51.92,1012.64,318.0
6715.0,21.93,52.13,1012.39,318.2
6716.0,21.98,52.81,1012.67,318.9
6717.0,22.02,51.98,1012.36,321.8
6718.0,21.96,52.69,1012.49,322.4
6719.0,21.88,52.49,1012.35,320.0
6720.0,21.89,51.77,1012.37,319.6
6721.0,21.98,52.11,1012.43,320.0
6722.0,21.97,52.26,1012.27,314.6
6723.0,21.96,52.37,1012.32,315.4
6724.0,21.95,51.91,1012.41,321.3
6725.0,21.93,52.4,1012.46,321.2
6726.0,22.05,51.83,1012.33,315.8
6727.0,22.15,51.97,1012.65,317.6
6728.0,22.08,52.91,1012.37,320.8
6729.0,22.16,51.97,1012.49,315.8
6730.0,21.92,52.25,1012.24,321.6
6731.0,22.07,51.98,1012.61,317.3
6732.0,22.04,52.55,1012.69,322.7
6733.0,22.03,52.3,1012.68,322.5
6734.0,22.09,51.97,1012.61,321.9
6735.0,21.98,52.03,1012.08,313.0
6736.0,22.15,51.9,1012.57,317.3
6737.0,22.16,52.07,1012.33,314.3
6738.0,22.12,51.73,1012.54,327.3
6739.0,22.09,52.21,1012.45,316.5
6740.0,22.07,52.4,1012.38,317.3
6741.0,22.06,51.67,1012.04,319.4
6742.0,22.05,52.18,1012.3,318.3
6743.0,22.13,52.05,1012.33,313.5
6744.0,22.04,51.39,1012.41,320.8
6745.0,22.17,51.3,1012.16,316.8
6746.0,21.96,52.47,1012.58,316.9
6747.0,22.1,51.63,1012.19,316.5
6748.0,22.09,51.46,1012.26,321.6
6749.0,22.2,51.84,1012.17,319.4
6750.0,22.2,51.27,1012.4,315.5
6751.0,22.23,51.74,1012.08,325.5
6752.0,22.1,51.73,1012.53,322.1
6753.0,22.1,52.01,1012.63,321.6
6754.0,22.17,51.55,1012.47,317.4
6755.0,22.24,51.41,1012.41,321.0
6756.0,22.08,51.71,1012.39,318.9
6757.0,22.2,51.19,1012.2,323.0
6758.0,22.2,51.65,1012.73,320.7
6759.0,22.27,51.74,1012.45,321.3
6760.0,22.1,51.71,1012.46,320.2
6761.0,22.04,51.35,1012.41,324.9
6762.0,22.13,51.88,1012.41,316.5
6763.0,22.27,51.04,1012.52,321.0
6764.0,22.29,50.7,1012.47,320.4
6765.0,22.11,52.52,1011.85,316.8
6766.0,22.15,51.9,1012.53,327.2
6767.0,22.26,51.94,1012.13,317.8
6768.0,22.2,51.28,1012.47,321.8
6769.0,22.28,51.82,1012.26,321.1
6770.0,22.22,50.88,1012.5,317.0
6771.0,22.14,51.36,1012.3,313.9
6772.0,22.28,51.61,1012.46,320.8
6773.0,22.31,51.41,1012.38,322.3
6774.0,22.19,50.49,1012.35,322.2
6775.0,22.19,51.36,1012.49,322.2
6776.0,22.31,50.78,1012.43,314.7
6777.0,22.15,51.59,1012.48,324.2
6778.0,22.27,51.44,1012.56,319.6
6779.0,22.27,51.09,1012.24,322.0
6780.0,22.09,51.37,1012.52,321.4
6781.0,22.11,51.66,1012.53,323.0
6782.0,22.24,51.01,1012.53,316.1
6783.0,22.26,51.15,1012.27,319.5
6784.0,22.23,51.28,1012.22,318.9
6785.0,22.19,50.85,1012.46,318.9
6786.0,22.25,50.63,1012.39,323.5
6787.0,22.42,51.88,1012.58,321.7
6788.0,22.24,51.72,1012.45,321.1
6789.0,22.26,51.22,1012.14,325.3
6790.0,22.26,50.95,1012.39,319.1
6791.0,22.31,50.22,1012.4,320.0
6792.0,22.38,50.52,1012.66,322.0
6793.0,22.38,51.35,1012.33,317.9
6794.0,22.28,51.24,1012.66,318.5
6795.0,22.29,50.87,1012.17,321.6
6796.0,22.41,51.21,1012.35,318.3
6797.0,22.47,51.17,1012.36,323.2
6798.0,22.33,50.79,1012.23,326.5
6799.0,22.36,50.88,1012.22,320.9
6800.0,22.27,50.3,1012.33,323.0
6801.0,22.22,51.2,1012.53,319.8
6802.0,22.43,51.11,1012.41,321.6
6803.0,22.36,50.69,1012.15,321.5
6804.0,22.42,50.82,1012.84,314.2
6805.0,22.28,50.7,1012.18,324.5
6806.0,22.27,50.55,1012.41,318.5
6807.0,22.41,50.68,1012.49,317.3
6808.0,22.38,50.54,1012.36,321.1
6809.0,22.41,50.53,1012.37,321.8
6810.0,22.28,50.51,1012.53,308.9
6811.0,22.41,51.92,1012.25,318.6
6812.0,22.35,51.06,1012.37,316.4
6813.0,22.56,50.4,1012.17,318.9
6814.0,22.44,51.23,1012.34,321.2
6815.0,22.58,50.4,1012.39,320.7
6816.0,22.56,51.35,1012.24,321.1
6817.0,22.27,50.89,1012.42,318.7
6818.0,22.47,50.53,1012.32,316.3
6819.0,22.47,51.53,1012.41,322.6
6820.0,22.35,50.44,1012.39,323.9
6821.0,22.43,50.76,1012.55,323.2
6822.0,22.45,50.74,1012.32,317.7
6823.0,22.42,51.36,1012.33,321.8
6824.0,22.44,50.09,1012.57,327.1
6825.0,22.49,50.62,1012.28,320.7
6826.0,22.47,50.89,1012.5,314.5
6827.0,22.51,50.64,1012.56,326.0
6828.0,22.55,51.09,1012.48,317.4
6829.0,22.55,50.56,1012.58,320.0
6830.0,22.5,50.92,1012.37,326.4
6831.0,22.43,49.61,1012.35,325.3
6832.0,22.38,50.32,1012.2,321.9
6833.0,22.41,50.62,1012.34,320.3
6834.0,22.55,50.96,1012.55,318.3
6835.0,22.39,49.9,1012.58,320.5
6836.0,22.3,50.63,1012.74,318.9
6837.0,22.71,50.05,1012.42,320.4
6838.0,22.51,50.51,1012.44,320.4
6839.0,22.64,50.4,1012.45,323.6
6840.0,22.51,50.61,1012.33,314.4
6841.0,22.52,50.11,1012.26,324.9
6842.0,22.42,50.16,1012.11,322.1
6843.0,22.46,50.59,1012.35,319.6
6844.0,22.41,50.48,1012.53,318.6
6845.0,22.53,50.14,1012.22,317.4
6846.0,22.58,51.15,1012.48,324.9
6847.0,22.33,50.09,1012.43,316.2
6848.0,22.49,49.99,1012.3,324.8
6849.0,22.75,49.22,1012.39,317.9
6850.0,22.56,50.25,1012.51,318.4
6851.0,22.49,50.06,1012.59,321.3
6852.0,22.68,49.59,1012.4,316.8
6853.0,22.54,50.97,1012.31,320.3
6854.0,22.5,50.06,1012.51,316.1
6855.0,22.53,49.45,1012.43,320.3
6856.0,22.64,50.52,1012.42,318.1
6857.0,22.48,50.58,1012.52,322.4
6858.0,22.51,50.63,1012.48,316.4
6859.0,22.53,50.47,1012.32,316.3
6860.0,22.54,50.2,1012.21,320.0
6861.0,22.66,49.89,1012.36,321.4
6862.0,22.62,49.26,1012.21,316.5
6863.0,22.5,50.33,1012.42,318.1
6864.0,22.57,50.14,1012.39,319.0
6865.0,22.56,50.54,1012.54,318.8
6866.0,22.55,50.12,1012.3,324.5
6867.0,22.67,50.1,1012.45,315.7
6868.0,22.63,50.05,1012.23,316.9
6869.0,22.63,49.89,1012.42,317.0
6870.0,22.69,49.99,1012.58,320.8
6871.0,22.77,50.27,1012.45,324.2
6872.0,22.5,49.92,1012.46,313.3
6873.0,22.66,49.97,1012.43,315.3
6874.0,22.7,50.41,1012.19,327.6
6875.0,22.63,50.37,1012.44,318.7
6876.0,22.82,49.97,1012.48,320.4
6877.0,22.55,49.93,1012.6,324.3
6878.0,22.63,49.73,1012.2,324.9
6879.0,22.56,50.15,1012.19,319.4
6880.0,22.53,49.26,1012.35,318.6
6881.0,22.61,49.51,1012.25,321.0
6882.0,22.61,49.28,1012.77,318.8
6883.0,22.57,49.91,1012.6,315.0
6884.0,22.7,49.2,1012.47,319.0
6885.0,22.59,48.82,1012.3,317.4
6886.0,22.62,49.76,1012.44,317.6
6887.0,22.63,49.13,1012.4,318.9
6888.0,22.68,49.39,1011.91,321.2
6889.0,22.86,50.03,1012.51,322.8
6890.0,22.65,49.46,1012.31,318.9
6891.0,22.89,49.89,1012.23,318.8
6892.0,22.88,49.44,1012.24,324.1
6893.0,22.72,50.11,1012.48,323.1
6894.0,22.68,49.55,1012.35,322.3
6895.0,22.74,50.07,1012.22,316.5
6896.0,22.66,49.21,1012.41,320.8
6897.0,22.75,50.06,1012.2,323.2
6898.0,22.82,49.91,1012.3,321.3
6899.0,22.72,49.46,1012.31,324.3
6900.0,22.7,49.3,1012.22,322.9
6901.0,22.63,49.68,1012.19,322.5
6902.0,22.84,49.68,1012.6,320.6
6903.0,22.78,49.29,1012.43,324.8
6904.0,22.93,49.17,1012.44,318.3
6905.0,22.78,49.42,1012.39,317.3
6906.0,22.75,48.98,1012.42,322.9
6907.0,22.79,50.01,1012.36,319.1
6908.0,22.78,49.32,1012.4,321.6
6909.0,22.79,49.29,1012.62,317.8
6910.0,22.66,49.5,1012.1,324.5
6911.0,22.81,48.8,1012.41,321.5
6912.0,22.68,48.8,1012.35,317.5
6913.0,22.83,48.66,1012.32,320.1
6914.0,22.67,49.67,1012.12,321.8
6915.0,22.75,49.06,1012.71,324.9
6916.0,22.67,49.92,1012.48,316.2
6917.0,22.78,49.08,1012.3,320.3
6918.0,22.93,49.82,1012.33,320.9
6919.0,22.66,49.11,1012.34,315.4
6920.0,22.92,49.96,1012.64,321.3
6921.0,22.74,49.94,1012.37,321.2
6922.0,22.83,49.31,1012.5,321.3
6923.0,22.94,48.57,1012.37,316.0
6924.0,22.85,49.15,1012.68,321.2
6925.0,22.91,49.55,1012.36,321.9
6926.0,22.89,48.99,1012.48,319.3
6927.0,22.85,48.98,1012.39,319.3
6928.0,22.93,49.48,1012.59,317.5
6929.0,22.84,49.96,1012.48,322.9
6930.0,22.88,49.48,1012.2,320.1
6931.0,22.98,49.98,1012.46,321.3
6932.0,22.9,49.43,1012.42,319.3
6933.0,22.87,48.26,1012.61,318.6
6934.0,22.86,49.36,1012.38,321.7
6935.0,22.92,49.67,1012.55,316.9
6936.0,22.85,48.8,1012.39,317.0
6937.0,23.06,48.48,1012.54,319.8
6938.0,22.86,48.33,1012.55,316.1
6939.0,22.93,48.75,1012.13,323.3
6940.0,22.97,48.34,1012.51,319.0
6941.0,22.85,49.4,1012.23,323.3
6942.0,22.95,48.35,1012.23,319.5
6943.0,22.87,49.04,1012.07,321.7
6944.0,22.86,49.05,1012.35,323.3
6945.0,23.01,49.02,1012.27,322.0
6946.0,23.05,48.53,1012.43,319.1
6947.0,22.84,48.42,1012.27,316.1
6948.0,22.92,49.13,1012.54,319.2
6949.0,22.87,49.1,1012.65,318.5
6950.0,23.01,48.32,1012.49,318.5
6951.0,22.95,49.23,1012.25,317.6
6952.0,22.83,48.38,1012.21,322.9
6953.0,22.91,49.12,1012.71,321.3
6954.0,22.99,48.66,1012.35,322.4
6955.0,22.91,48.25,1012.41,322.3
6956.0,22.99,48.73,1012.54,324.3
6957.0,22.89,49.1,1012.27,317.6
6958.0,22.97,48.19,1012.47,321.9
6959.0,23.09,49.21,1012.4,323.3
6960.0,23.06,47.84,1012.21,319.4
6961.0,22.96,47.71,1012.39,319.3
6962.0,23.0,47.93,1012.63,322.2
6963.0,23.08,48.71,1012.44,317.8
6964.0,23.22,48.95,1012.39,313.7
6965.0,23.11,47.59,1012.34,318.6
6966.0,22.92,48.9,1012.52,320.1
6967.0,23.11,48.45,1012.62,317.9
6968.0,23.04,48.27,1012.65,318.7
6969.0,23.15,48.23,1012.08,320.4
6970.0,22.99,49.38,1012.19,315.0
6971.0,23.04,48.87,1012.32,322.6
6972.0,23.14,47.44,1012.41,320.0
6973.0,23.11,48.57,1012.33,320.0
6974.0,23.15,48.79,1012.44,319.5
6975.0,23.01,48.05,1012.36,324.6
6976.0,23.05,48.02,1012.37,315.7
6977.0,23.15,48.68,1012.34,325.3
6978.0,23.03,48.36,1012.46,315.9
6979.0,23.05,48.32,1012.27,320.5
6980.0,23.03,48.11,1012.62,323.0
6981.0,23.21,48.14,1012.43,323.9
6982.0,22.98,48.13,1012.62,322.9
6983.0,23.05,48.9,1012.23,320.0
6984.0,23.06,47.77,1012.44,317.7
6985.0,22.98,48.68,1012.33,326.0
6986.0,23.1,48.62,1012.49,318.2
6987.0,23.1,47.97,1012.58,323.0
6988.0,23.26,48.55,1012.56,319.2
6989.0,23.07,47.79,1012.29,316.0
6990.0,23.17,48.97,1012.25,316.0
6991.0,23.07,48.58,1012.47,318.6
6992.0,23.08,48.21,1012.35,317.6
6993.0,23.03,48.0,1012.41,321.4
6994.0,23.23,48.24,1012.29,318.2
6995.0,23.2,48.13,1012.51,318.3
6996.0,23.18,48.13,1012.63,319.4
6997.0,23.04,47.96,1012.39,317.1
6998.0,23.06,47.54,1012.49,327.6
6999.0,23.1,47.06,1012.34,320.4
7000.0,23.19,48.38,1012.27,319.2
7001.0,23.24,48.05,1012.58,319.3
7002.0,23.22,48.32,1012.48,314.2
7003.0,23.19,48.58,1012.26,323.6
7004.0,23.2,48.35,1012.53,318.8
7005.0,23.22,48.05,1012.32,317.0
7006.0,23.29,48.08,1012.37,316.3
7007.0,23.09,48.3,1012.4,317.2
7008.0,23.22,47.87,1012.32,322.3
7009.0,23.26,48.03,1012.44,324.1
7010.0,23.22,47.62,1012.57,317.5
7011.0,23.17,48.12,1012.52,319.4
7012.0,23.1,47.75,1012.48,317.0
7013.0,23.14,47.65,1012.31,320.9
7014.0,23.29,47.65,1012.53,316.1
7015.0,23.08,48.04,1012.45,317.6
7016.0,23.38,48.02,1012.41,320.4
7017.0,23.23,48.21,1012.23,324.9
7018.0,23.23,48.35,1012.52,321.2
7019.0,23.19,47.54,1012.61,321.8
7020.0,23.33,47.61,1012.38,320.5
7021.0,23.21,48.07,1012.44,323.6
7022.0,23.23,47.75,1012.33,317.0
7023.0,23.09,47.49,1012.69,320.6
7024.0,23.39,47.43,1012.25,318.2
7025.0,23.39,48.18,1012.47,316.2
7026.0,23.19,47.69,1012.26,319.2
7027.0,23.46,47.22,1012.45,321.2
7028.0,23.21,47.51,1012.29,318.0
7029.0,23.28,47.74,1012.01,322.9
7030.0,23.23,47.53,1012.48,321.3
7031.0,23.28,48.3,1012.31,321.4
7032.0,23.35,47.96,1012.42,321.1
7033.0,23.38,47.45,1012.46,317.4
7034.0,23.41,47.33,1012.32,320.2
7035.0,23.31,47.65,1012.63,320.3
7036.0,23.37,47.58,1012.12,315.4
7037.0,23.37,48.06,1012.31,319.6
7038.0,23.38,47.41,1012.57,327.2
7039.0,23.43,47.43,1012.75,314.6
7040.0,23.47,47.2,1012.46,316.1
7041.0,23.31,46.98,1012.28,317.0
7042.0,23.39,47.53,1012.33,316.3
7043.0,23.5,47.92,1012.35,323.6
7044.0,23.45,47.56,1012.36,324.3
7045.0,23.27,47.34,1012.14,317.0
7046.0,23.3,48.32,1012.48,325.5
7047.0,23.47,47.34,1012.5,322.0
7048.0,23.37,47.15,1012.29,319.6
7049.0,23.22,47.28,1012.4,318.3
7050.0,23.27,47.21,1012.44,323.9
7051.0,23.5,47.7,1012.35,315.8
7052.0,23.4,46.99,1012.45,318.6
7053.0,23.26,47.2,1012.46,319.1
7054.0,23.4,46.83,1012.54,328.1
7055.0,23.46,47.53,1012.67,321.2
7056.0,23.33,47.03,1012.21,324.0
7057.0,23.37,46.78,1012.43,321.1
7058.0,23.5,47.05,1012.69,323.2
7059.0,23.48,46.81,1012.52,319.4
7060.0,23.4,47.06,1012.62,321.3
7061.0,23.46,46.92,1012.52,314.7
7062.0,23.4,46.77,1012.19,319.6
7063.0,23.45,47.03,1012.56,317.4
7064.0,23.35,46.75,1012.17,323.4
7065.0,23.55,47.44,1012.25,322.4
7066.0,23.55,47.31,1012.34,319.0
7067.0,23.57,46.86,1012.39,320.6
7068.0,23.55,46.58,1012.38,320.1
7069.0,23.5,45.89,1012.33,320.1
7070.0,23.51,47.02,1012.4,320.5
7071.0,23.29,47.32,1012.47,318.1
7072.0,23.58,47.28,1012.68,323.2
7073.0,23.62,46.76,1012.42,319.8
7074.0,23.49,47.25,1012.46,327.0
7075.0,23.57,46.91,1012.5,313.5
7076.0,23.42,46.5,1012.43,317.7
7077.0,23.45,46.72,1012.46,312.8
7078.0,23.67,46.24,1012.57,313.8
7079.0,23.48,47.2,1012.56,318.2
7080.0,23.59,46.9,1012.36,317.8
7081.0,23.55,47.06,1012.19,317.7
7082.0,23.55,46.99,1012.64,318.8
7083.0,23.53,46.09,1012.41,321.7
7084.0,23.42,46.05,1012.36,319.8
7085.0,23.48,47.58,1012.72,323.9
7086.0,23.69,46.62,1012.26,323.3
7087.0,23.57,46.31,1012.31,320.4
7088.0,23.53,46.33,1012.05,320.1
7089.0,23.46,46.75,1012.36,316.3
7090.0,23.67,46.91,1012.45,327.5
7091.0,23.53,47.35,1012.63,324.7
7092.0,23.67,46.04,1012.35,313.2
7093.0,23.53,46.06,1012.49,320.1
7094.0,23.51,46.45,1012.21,313.0
7095.0,23.75,46.56,1012.51,325.4
7096.0,23.48,47.19,1012.32,315.7
7097.0,23.5,46.15,1012.64,323.4
7098.0,23.59,46.65,1012.43,318.8
7099.0,23.56,46.55,1012.56,321.6
7100.0,23.6,46.23,1012.26,321.6
7101.0,23.71,45.85,1012.37,314.4
7102.0,23.62,46.74,1012.29,320.8
7103.0,23.71,47.29,1012.47,319.1
7104.0,23.7,46.63,1012.25,320.1
7105.0,23.56,46.52,1012.6,317.5
7106.0,23.65,45.94,1012.53,321.5
7107.0,23.54,45.95,1012.62,323.2
7108.0,23.65,46.28,1012.49,320.6
7109.0,23.61,46.83,1012.42,318.9
7110.0,23.5,45.46,1012.25,319.4
7111.0,23.51,46.12,1012.37,319.7
7112.0,23.67,47.05,1012.7,320.4
7113.0,23.57,45.93,1012.41,318.6
7114.0,23.51,45.82,1012.42,321.8
7115.0,23.59,46.31,1012.52,324.2
7116.0,23.62,45.91,1012.57,320.6
7117.0,23.68,46.8,1012.44,317.8
7118.0,23.62,46.15,1012.56,320.7
7119.0,23.71,45.98,1012.39,315.6
7120.0,23.72,45.91,1012.48,320.3
7121.0,23.7,46.12,1012.42,319.1
7122.0,23.64,46.38,1012.39,314.0
7123.0,23.79,46.06,1012.26,315.0
7124.0,23.7,46.18,1012.37,322.9
7125.0,23.62,45.77,1012.37,320.1
7126.0,23.64,45.98,1012.43,320.7
7127.0,23.67,45.83,1012.57,318.3
7128.0,23.65,46.75,1012.33,322.8
7129.0,23.77,46.16,1012.38,327.4
7130.0,23.74,46.05,1012.58,321.6
7131.0,23.72,46.12,1012.24,325.0
7132.0,23.75,45.69,1012.67,320.9
7133.0,23.59,46.35,1012.24,322.6
7134.0,23.81,46.26,1012.51,323.1
7135.0,23.56,46.62,1012.41,320.9
7136.0,23.74,46.12,1012.42,324.0
7137.0,23.64,46.09,1012.29,320.3
7138.0,23.71,45.13,1012.45,322.8
7139.0,23.87,45.48,1012.43,316.6
7140.0,23.83,46.09,1012.28,324.0
7141.0,23.68,46.19,1012.42,319.3
7142.0,23.92,45.98,1012.46,320.5
7143.0,23.73,45.19,1012.39,316.9
7144.0,23.78,45.75,1012.5,320.5
7145.0,23.78,46.15,1012.52,320.9
7146.0,23.88,45.83,1012.12,317.8
7147.0,23.85,45.18,1012.46,321.0
7148.0,23.78,45.16,1012.49,323.0
7149.0,23.81,45.86,1012.44,313.4
7150.0,23.83,45.65,1012.36,320.0
7151.0,23.74,45.58,1012.27,321.9
7152.0,23.71,45.59,1012.42,322.3
7153.0,23.75,46.12,1012.5,321.2
7154.0,23.9,46.01,1012.4,320.3
7155.0,23.82,45.16,1012.31,319.1
7156.0,23.83,45.46,1012.33,319.7
7157.0,23.77,46.31,1012.44,323.1
7158.0,23.82,46.42,1012.57,322.7
7159.0,23.95,45.3,1012.51,319.0
7160.0,23.82,45.23,1012.36,323.3
7161.0,23.8,45.91,1012.51,320.0
7162.0,23.78,45.3,1012.43,317.9
7163.0,23.84,46.02,1012.47,316.3
7164.0,23.89,45.48,1012.29,315.6
7165.0,23.88,45.49,1012.43,316.4
7166.0,23.74,45.59,1012.35,319.8
7167.0,23.95,45.15,1012.4,320.1
7168.0,23.94,45.45,1012.16,319.3
7169.0,23.82,45.22,1012.52,316.9
7170.0,23.81,45.31,1012.66,321.4
7171.0,23.87,45.93,1012.7,318.5
7172.0,23.97,45.78,1012.54,321.0
7173.0,23.85,45.26,1012.34,321.4
7174.0,23.92,45.47,1012.34,316.4
7175.0,24.02,44.95,1012.06,320.4
7176.0,23.84,45.22,1012.28,324.2
7177.0,23.8,45.38,1012.49,321.3
7178.0,23.92,45.01,1012.19,322.7
7179.0,23.83,45.52,1012.37,324.0
7180.0,24.0,45.45,1012.49,324.9
7181.0,23.91,45.33,1012.35,318.2
7182.0,23.96,45.56,1012.67,326.8
7183.0,23.91,44.98,1012.35,320.2
7184.0,23.78,45.53,1012.43,323.1
7185.0,23.95,44.14,1012.39,320.8
7186.0,23.78,45.57,1012.37,322.6
7187.0,24.02,44.95,1012.22,320.5
7188.0,24.07,44.91,1012.25,319.5
7189.0,23.94,44.85,1012.31,318.2
7190.0,24.0,45.38,1012.34,317.9
7191.0,23.92,45.03,1012.42,323.0
7192.0,23.95,45.03,1012.21,319.6
7193.0,23.89,44.92,1012.35,321.9
7194.0,23.91,45.09,1012.34,318.5
7195.0,23.92,45.15,1012.52,318.3
7196.0,24.02,45.14,1012.24,320.5
7197.0,24.05,45.74,1012.33,317.0
7198.0,23.99,44.67,1012.49,320.9
7199.0,23.79,44.81,1012.49,322.5
