timestamp,temperature,humidity,pressure,light
0.0,23.95,44.68,1012.61,320.4
1.0,23.89,45.11,1012.44,316.1
2.0,24.05,44.6,1012.24,318.6
3.0,24.1,45.11,1012.63,322.6
4.0,23.97,45.52,1012.46,324.4
5.0,24.03,44.66,1012.36,321.7
6.0,24.17,44.96,1012.53,318.9
7.0,24.1,45.1,1012.29,323.3
8.0,23.98,45.41,1012.57,317.8
9.0,24.03,45.15,1012.42,318.6
10.0,23.92,45.82,1012.48,321.1
11.0,23.97,45.02,1012.18,314.9
12.0,23.89,44.98,1012.49,316.1
13.0,24.02,45.04,1012.48,318.3
14.0,23.94,44.92,1012.46,323.7
15.0,24.08,45.32,1012.32,321.3
16.0,24.06,44.8,1012.21,314.9
17.0,24.15,44.75,1012.35,316.9
18.0,23.95,44.78,1012.42,317.7
19.0,23.96,45.58,1012.58,317.0
20.0,24.08,44.38,1012.28,318.1
21.0,23.97,44.79,1012.45,323.7
22.0,24.07,44.62,1012.4,320.1
23.0,23.9,44.97,1012.41,322.3
24.0,23.95,44.77,1012.5,315.5
25.0,23.95,45.06,1012.68,313.7
26.0,24.15,44.36,1012.45,318.3
27.0,23.9,45.36,1012.29,323.5
28.0,23.93,44.84,1012.76,319.2
29.0,24.11,45.26,1012.22,324.1
30.0,23.96,45.27,1012.56,319.4
31.0,24.04,45.49,1012.68,322.0
32.0,23.89,45.18,1012.17,315.4
33.0,24.08,45.36,1012.55,316.7
34.0,24.03,44.64,1012.4,322.7
35.0,24.01,45.02,1012.49,319.3
36.0,24.16,44.59,1012.59,317.6
37.0,23.97,45.14,1012.41,317.4
38.0,23.91,44.94,1012.64,319.8
39.0,23.93,45.15,1012.4,319.5
40.0,24.08,44.79,1012.45,322.7
41.0,24.07,44.06,1012.69,321.5
42.0,24.1,45.39,1012.39,320.4
43.0,24.08,44.67,1012.33,314.5
44.0,24.06,44.92,1012.18,326.4
45.0,24.04,44.53,1012.33,320.8
46.0,24.04,44.77,1012.35,317.8
47.0,24.0,44.78,1012.19,320.9
48.0,23.91,44.68,1012.35,321.2
49.0,24.03,44.59,1012.31,318.4
50.0,24.0,45.42,1012.4,321.0
51.0,23.77,45.47,1012.47,315.0
52.0,23.95,45.21,1012.51,315.9
53.0,23.97,44.97,1012.43,320.8
54.0,24.0,45.14,1012.6,316.7
55.0,24.0,45.48,1012.4,319.0
56.0,24.07,44.31,1012.57,317.9
57.0,24.07,44.93,1012.02,313.3
58.0,24.14,44.46,1012.29,322.3
59.0,24.07,44.36,1012.24,323.1
60.0,24.04,45.16,1012.52,314.1
61.0,23.99,44.62,1012.74,322.8
62.0,24.07,44.84,1012.38,326.2
63.0,24.02,44.19,1012.06,312.1
64.0,24.02,45.05,1012.38,324.5
65.0,24.12,44.69,1012.64,317.0
66.0,23.97,44.95,1012.39,321.5
67.0,24.0,44.56,1012.35,322.6
68.0,24.08,45.78,1012.23,316.1
69.0,24.0,44.63,1012.33,316.1
70.0,23.98,44.89,1012.45,320.9
71.0,23.98,43.86,1012.31,318.9
72.0,24.07,45.59,1012.46,323.8
73.0,24.02,44.64,1012.48,321.5
74.0,24.03,45.15,1012.13,325.6
75.0,23.89,44.84,1012.38,326.2
76.0,24.0,45.03,1012.4,318.6
77.0,23.98,45.36,1012.45,325.6
78.0,24.12,45.78,1012.35,320.0
79.0,23.9,44.71,1012.33,326.7
80.0,24.07,45.38,1012.29,317.8
81.0,24.02,44.52,1012.46,318.0
82.0,24.21,45.02,1012.31,316.8
83.0,24.09,45.44,1012.27,316.8
84.0,23.89,44.65,1012.39,316.6
85.0,24.04,44.76,1012.59,313.9
86.0,24.07,44.68,1012.52,320.6
87.0,23.98,44.85,1012.52,315.0
88.0,23.98,45.18,1012.39,319.1
89.0,23.94,45.13,1012.3,318.7
90.0,24.04,45.0,1012.32,321.9
91.0,24.09,45.17,1012.34,325.0
92.0,23.97,45.14,1012.42,323.0
93.0,23.96,44.95,1012.66,318.8
94.0,24.0,45.19,1012.27,319.4
95.0,23.98,44.94,1012.36,320.0
96.0,24.1,43.79,1012.17,318.4
97.0,23.86,45.36,1012.7,320.5
98.0,23.99,45.23,1012.38,322.7
99.0,24.07,44.8,1012.47,321.4
100.0,24.08,44.74,1012.37,318.8
101.0,24.05,44.96,1012.56,322.3
102.0,24.03,44.66,1012.47,316.3
103.0,24.08,45.16,1012.57,315.5
104.0,23.92,44.51,1012.66,323.2
105.0,23.87,45.01,1012.39,318.2
106.0,24.0,44.85,1012.41,323.4
107.0,24.06,45.59,1012.48,317.5
108.0,23.98,45.15,1012.33,318.6
109.0,24.02,45.15,1012.44,328.6
110.0,24.03,45.42,1012.44,316.8
111.0,23.98,44.56,1012.04,326.4
112.0,23.96,44.69,1012.37,316.1
113.0,24.08,44.59,1012.47,319.3
114.0,23.9,45.02,1012.39,321.2
115.0,24.05,45.01,1012.33,319.9
116.0,23.96,43.97,1012.53,320.3
117.0,23.89,45.45,1012.17,323.6
118.0,24.01,45.03,1012.32,323.5
119.0,24.04,44.79,1012.58,320.7
120.0,23.95,44.77,1012.33,318.5
121.0,23.9,44.52,1012.45,319.6
122.0,24.0,45.14,1012.32,317.7
123.0,24.0,44.52,1012.52,322.6
124.0,24.1,44.97,1012.54,322.2
125.0,23.95,44.99,1012.25,317.7
126.0,23.97,44.95,1012.57,319.6
127.0,23.99,44.93,1012.53,318.7
128.0,24.04,44.82,1012.62,320.4
129.0,23.86,45.3,1012.43,317.7
130.0,24.02,45.0,1012.52,321.2
131.0,23.9,45.06,1012.47,315.7
132.0,24.02,44.33,1012.44,324.2
133.0,24.13,45.33,1012.31,325.6
134.0,24.0,44.81,1012.4,322.3
135.0,24.0,45.19,1012.54,316.8
136.0,23.93,45.16,1012.34,318.5
137.0,23.97,44.89,1012.44,319.7
138.0,24.04,44.7,1012.53,318.3
139.0,24.12,44.74,1012.39,324.7
140.0,24.13,45.34,1012.6,322.5
141.0,23.89,45.04,1012.1,322.6
142.0,23.91,45.17,1012.39,324.8
143.0,24.02,44.13,1012.38,328.0
144.0,23.81,45.42,1012.38,318.1
145.0,23.95,44.99,1012.35,318.4
146.0,24.03,45.1,1012.53,317.8
147.0,24.0,44.63,1012.67,324.2
148.0,23.87,44.61,1012.42,317.8
149.0,23.86,44.42,1012.33,317.9
150.0,24.04,45.07,1012.23,326.0
151.0,23.98,45.65,1012.34,319.5
152.0,24.0,45.3,1012.49,322.9
153.0,23.82,44.88,1012.24,323.4
154.0,23.94,44.53,1012.66,319.3
155.0,23.97,45.44,1012.17,322.8
156.0,23.94,45.04,1012.41,318.1
157.0,23.96,44.0,1012.44,319.7
158.0,24.0,44.73,1012.48,318.2
159.0,23.96,44.93,1012.54,315.6
160.0,23.94,45.61,1012.31,321.4
161.0,24.03,44.72,1012.47,319.5
162.0,24.1,45.08,1012.27,322.0
163.0,23.98,45.35,1012.51,322.5
164.0,24.08,45.05,1012.3,323.8
165.0,23.98,44.51,1012.36,315.8
166.0,23.87,44.76,1012.47,321.2
167.0,24.01,44.88,1012.56,321.4
168.0,24.1,44.68,1012.76,324.1
169.0,24.03,45.44,1012.27,316.9
170.0,23.97,45.35,1012.62,323.6
171.0,24.06,45.41,1012.48,320.2
172.0,23.95,44.72,1012.48,321.4
173.0,24.06,45.56,1012.55,320.3
174.0,24.1,44.33,1012.3,319.4
175.0,24.08,44.36,1012.38,315.1
176.0,24.07,45.06,1012.45,324.3
177.0,23.88,44.44,1012.35,319.9
178.0,24.13,44.66,1012.33,320.1
179.0,23.95,44.81,1012.35,318.6
180.0,24.04,45.26,1012.68,318.9
181.0,23.95,44.83,1012.17,318.0
182.0,23.89,45.72,1012.45,325.0
183.0,23.96,45.25,1012.46,317.7
184.0,24.05,45.38,1012.49,326.7
185.0,23.98,44.61,1012.38,323.4
186.0,23.99,44.93,1012.35,324.1
187.0,23.93,44.35,1012.5,320.3
188.0,23.87,44.73,1012.44,323.4
189.0,23.89,45.21,1012.52,322.6
190.0,23.99,44.26,1012.29,325.8
191.0,23.89,44.84,1012.71,318.7
192.0,24.0,46.1,1012.44,317.3
193.0,24.01,45.18,1012.76,320.9
194.0,23.96,46.14,1012.42,321.2
195.0,24.07,44.9,1012.64,322.4
196.0,24.05,44.8,1012.43,317.6
197.0,24.04,45.13,1012.57,316.0
198.0,23.93,44.43,1012.36,315.8
199.0,23.96,45.79,1012.1,326.1
200.0,23.87,44.54,1012.27,318.1
201.0,24.09,45.4,1012.48,319.8
202.0,24.07,45.39,1012.4,315.8
203.0,24.11,44.52,1012.26,321.2
204.0,23.99,44.57,1012.48,320.1
205.0,24.16,44.66,1012.4,313.8
206.0,23.9,44.76,1012.51,316.4
207.0,23.99,44.62,1012.17,326.9
208.0,23.87,45.44,1012.24,320.3
209.0,24.07,45.35,1012.6,319.0
210.0,24.03,44.47,1012.21,320.1
211.0,24.04,44.92,1012.39,316.9
212.0,23.97,45.22,1012.53,316.5
213.0,24.04,45.18,1012.68,317.9
214.0,24.04,44.31,1012.23,319.0
215.0,24.02,45.95,1012.34,323.4
216.0,24.15,45.07,1012.13,319.7
217.0,24.01,45.46,1012.22,320.7
218.0,24.03,44.59,1012.34,317.9
219.0,24.03,44.95,1012.17,325.4
220.0,24.02,44.82,1012.43,318.0
221.0,24.15,44.45,1012.31,323.1
222.0,23.81,45.52,1012.55,318.9
223.0,23.93,45.03,1012.07,319.8
224.0,23.98,45.54,1012.37,325.1
225.0,23.91,44.64,1012.5,322.0
226.0,24.04,44.77,1012.44,318.6
227.0,24.05,44.24,1012.22,312.9
228.0,23.91,45.59,1012.22,320.3
229.0,24.0,44.66,1012.22,321.6
230.0,23.97,44.79,1012.34,323.9
231.0,24.14,45.25,1012.73,321.7
232.0,24.04,45.39,1012.45,319.2
233.0,24.0,45.24,1012.6,320.0
234.0,23.98,44.54,1012.18,317.6
235.0,23.95,45.2,1012.39,317.8
236.0,23.99,45.25,1012.34,317.7
237.0,23.97,44.74,1012.52,322.9
238.0,23.91,45.37,1012.47,320.7
239.0,23.98,45.85,1012.2,321.2
240.0,23.99,44.55,1012.34,315.6
241.0,24.79,41.33,1012.42,318.8
242.0,25.82,37.98,1012.47,326.0
243.0,26.71,34.26,1012.29,317.5
244.0,27.62,30.66,1012.42,321.8
245.0,28.67,26.42,1012.36,312.8
246.0,29.59,24.02,1012.41,319.4
247.0,29.47,23.09,1012.34,319.0
248.0,29.55,23.08,1012.55,316.3
249.0,29.38,22.15,1012.56,317.0
250.0,29.58,22.35,1012.58,320.7
251.0,29.44,22.73,1012.24,323.6
252.0,29.44,22.38,1012.59,321.5
253.0,29.54,23.15,1012.42,320.9
254.0,29.47,23.66,1012.37,317.3
255.0,29.5,23.02,1012.4,316.3
256.0,29.46,23.08,1012.38,321.0
257.0,29.61,22.35,1012.47,314.0
258.0,29.43,22.91,1012.41,317.5
259.0,29.59,23.0,1012.46,319.7
260.0,29.41,22.75,1012.41,313.5
261.0,29.57,22.94,1012.38,317.8
262.0,29.46,22.96,1012.18,317.5
263.0,29.42,22.89,1012.64,324.1
264.0,29.54,22.83,1012.5,319.7
265.0,29.42,23.83,1012.51,312.2
266.0,29.55,23.64,1012.59,324.8
267.0,29.47,23.26,1012.41,321.4
268.0,29.49,23.12,1012.48,321.7
269.0,29.59,23.21,1012.16,325.9
270.0,29.44,22.93,1012.56,323.6
271.0,29.5,22.78,1012.34,317.3
272.0,29.53,23.04,1012.47,318.3
273.0,29.62,23.46,1012.22,317.3
274.0,29.38,22.44,1012.53,319.5
275.0,29.49,23.2,1012.51,316.1
276.0,29.52,22.85,1012.44,324.9
277.0,29.41,22.97,1012.5,319.1
278.0,29.44,23.8,1012.22,320.1
279.0,29.5,22.69,1012.37,317.4
280.0,29.66,23.16,1012.0,323.9
281.0,29.5,23.7,1012.38,325.4
282.0,29.54,23.23,1012.7,316.1
283.0,29.57,23.34,1012.52,320.1
284.0,29.55,23.39,1012.4,326.4
285.0,29.49,22.51,1012.44,319.6
286.0,29.44,22.42,1012.51,322.3
287.0,29.47,22.55,1012.43,319.3
288.0,29.71,23.62,1012.27,324.4
289.0,29.53,23.32,1012.3,324.3
290.0,29.38,22.96,1012.56,325.7
291.0,29.41,22.47,1012.35,316.9
292.0,29.53,23.08,1012.6,319.3
293.0,29.36,22.82,1012.17,319.3
294.0,29.33,23.15,1012.38,321.2
295.0,29.55,22.53,1012.1,318.2
296.0,29.51,22.27,1012.21,326.1
297.0,29.43,23.54,1012.43,320.5
298.0,29.54,22.8,1012.52,320.3
299.0,29.48,23.06,1012.43,316.5
300.0,29.66,23.39,1012.37,323.0
301.0,29.5,22.69,1012.28,320.6
302.0,29.41,23.04,1012.61,317.2
303.0,29.57,22.72,1012.39,322.5
304.0,29.43,23.03,1012.18,317.6
305.0,29.66,23.15,1012.64,322.5
306.0,29.55,23.59,1012.26,317.0
307.0,29.44,23.01,1012.5,320.0
308.0,29.53,22.17,1012.28,316.3
309.0,29.55,22.78,1012.38,318.2
310.0,29.31,22.74,1012.37,317.4
311.0,29.51,23.64,1012.39,321.3
312.0,29.44,23.5,1012.36,322.4
313.0,29.48,23.09,1012.3,317.2
314.0,29.56,23.07,1012.65,324.3
315.0,29.51,22.23,1012.62,318.9
316.0,29.53,22.85,1012.46,317.4
317.0,29.4,22.42,1012.65,321.7
318.0,29.44,22.95,1012.38,319.5
319.0,29.47,22.92,1012.35,322.1
320.0,29.52,22.59,1012.19,327.7
321.0,29.64,23.22,1012.27,319.4
322.0,29.52,23.02,1012.41,320.8
323.0,29.41,23.36,1012.43,320.6
324.0,29.52,23.15,1012.5,320.6
325.0,29.47,23.0,1012.56,321.7
326.0,29.67,23.37,1012.47,315.3
327.0,29.44,23.19,1012.45,321.2
328.0,29.61,22.78,1012.47,316.7
329.0,29.53,23.33,1012.24,317.3
330.0,29.39,22.32,1012.48,318.4
331.0,29.47,22.96,1012.53,327.0
332.0,29.48,23.14,1012.49,320.1
333.0,29.36,23.01,1012.34,320.6
334.0,29.35,22.11,1012.61,326.4
335.0,29.56,22.84,1012.37,317.7
336.0,29.57,23.09,1012.23,321.0
337.0,29.61,23.27,1012.26,320.5
338.0,29.4,23.28,1012.29,320.4
339.0,29.6,22.98,1012.57,324.0
340.0,29.48,23.0,1012.34,316.8
341.0,29.65,23.62,1012.55,324.0
342.0,29.52,22.91,1012.56,320.6
343.0,29.5,22.37,1012.18,321.0
344.0,29.45,22.89,1012.56,322.3
345.0,29.43,23.7,1012.61,315.3
346.0,29.41,23.33,1012.45,319.0
347.0,29.47,23.1,1012.41,314.6
348.0,29.51,22.82,1012.35,322.0
349.0,29.67,23.21,1012.54,324.6
350.0,29.44,22.42,1012.61,323.5
351.0,29.49,23.55,1012.34,317.3
352.0,29.51,23.92,1012.34,319.2
353.0,29.47,22.63,1012.45,319.5
354.0,29.55,22.25,1012.34,326.3
355.0,29.44,22.7,1012.63,318.0
356.0,29.59,22.5,1012.44,314.0
357.0,29.63,23.46,1012.6,321.1
358.0,29.54,22.77,1012.24,319.7
359.0,29.44,23.43,1012.33,324.0
360.0,29.4,23.27,1012.29,320.9
361.0,29.42,22.53,1012.29,320.6
362.0,29.51,22.86,1012.31,315.9
363.0,29.48,22.94,1012.44,319.2
364.0,29.55,22.43,1012.5,322.8
365.0,29.5,22.51,1012.5,318.0
366.0,29.53,22.98,1012.57,319.7
367.0,29.47,22.6,1012.36,318.7
368.0,29.72,23.16,1012.64,315.4
369.0,29.43,22.74,1012.53,316.8
370.0,29.45,23.11,1012.48,320.7
371.0,29.51,22.47,1012.16,319.1
372.0,29.5,23.28,1012.44,323.1
373.0,29.53,22.7,1012.38,317.4
374.0,29.41,23.21,1012.58,320.2
375.0,29.51,22.58,1012.41,317.5
376.0,29.5,22.8,1012.34,322.2
377.0,29.45,22.79,1012.45,321.7
378.0,29.49,22.73,1012.36,319.4
379.0,29.42,23.09,1012.23,316.2
380.0,29.56,23.18,1012.19,326.5
381.0,29.57,22.71,1012.43,322.2
382.0,29.52,23.29,1012.49,325.5
383.0,29.56,23.63,1012.36,317.3
384.0,29.55,23.63,1012.46,323.5
385.0,29.7,22.84,1012.38,316.3
386.0,29.46,22.94,1012.29,320.8
387.0,29.47,22.72,1012.25,323.4
388.0,29.48,23.07,1012.46,323.8
389.0,29.49,23.11,1012.29,320.4
390.0,29.49,22.9,1012.5,320.6
391.0,29.54,23.76,1012.41,317.9
392.0,29.61,23.84,1012.57,316.5
393.0,29.5,23.18,1012.56,317.6
394.0,29.32,22.03,1012.46,324.8
395.0,29.49,22.92,1012.23,321.3
396.0,29.47,23.13,1012.33,317.6
397.0,29.38,23.05,1012.26,314.2
398.0,29.39,23.49,1012.34,318.5
399.0,29.26,23.65,1012.26,322.9
400.0,29.1,24.24,1012.49,319.3
401.0,29.17,24.57,1012.13,315.3
402.0,29.11,25.5,1012.42,317.8
403.0,28.95,24.91,1012.52,321.7
404.0,28.95,25.73,1012.17,325.0
405.0,28.74,26.19,1012.24,318.6
406.0,28.49,26.94,1012.23,319.3
407.0,28.46,27.46,1012.05,322.6
408.0,28.45,26.83,1012.59,319.7
409.0,28.3,27.22,1012.24,322.3
410.0,28.22,28.07,1012.53,315.1
411.0,28.1,27.85,1012.4,323.2
412.0,28.19,28.47,1012.4,320.5
413.0,27.98,29.72,1012.43,316.3
414.0,27.85,29.48,1012.22,321.8
415.0,27.88,30.12,1012.25,317.5
416.0,27.71,30.34,1012.28,317.7
417.0,27.45,30.69,1012.23,326.0
418.0,27.52,30.98,1012.29,320.4
419.0,27.46,31.62,1012.76,320.3
420.0,27.29,32.17,1012.18,318.3
421.0,27.23,31.8,1012.47,317.5
422.0,27.07,33.16,1012.32,319.0
423.0,27.08,33.1,1012.66,321.7
424.0,26.77,33.18,1012.31,324.6
425.0,26.95,33.59,1012.53,322.1
426.0,26.74,34.05,1012.41,318.5
427.0,26.74,34.62,1012.12,319.0
428.0,26.59,35.23,1012.4,320.3
429.0,26.35,35.17,1012.14,319.4
430.0,26.53,35.78,1012.43,316.5
431.0,26.26,35.22,1012.75,317.9
432.0,26.35,36.15,1012.06,328.2
433.0,26.2,36.52,1012.51,325.3
434.0,26.01,37.42,1012.32,323.1
435.0,25.88,37.79,1012.15,317.5
436.0,25.88,37.66,1012.2,321.8
437.0,25.73,38.6,1012.44,319.7
438.0,25.71,38.74,1012.28,316.8
439.0,25.5,38.78,1012.18,317.6
440.0,25.46,39.86,1012.39,324.8
441.0,25.48,39.34,1012.55,322.1
442.0,25.31,39.73,1012.45,319.8
443.0,25.13,39.85,1012.57,323.0
444.0,25.27,40.34,1012.24,320.2
445.0,24.92,41.35,1012.31,324.0
446.0,24.97,41.63,1012.24,321.6
447.0,24.9,41.47,1012.39,319.2
448.0,24.88,42.67,1012.41,319.3
449.0,24.59,42.99,1012.38,313.6
450.0,24.54,42.85,1012.48,323.2
451.0,24.48,42.2,1012.64,323.9
452.0,24.19,43.22,1012.55,321.8
453.0,24.22,44.12,1012.53,321.4
454.0,24.15,44.47,1012.23,316.2
455.0,24.1,44.48,1012.2,317.0
456.0,23.92,45.75,1012.33,322.0
457.0,24.08,45.16,1012.15,322.8
458.0,23.78,45.0,1012.55,316.2
459.0,24.02,45.13,1012.28,323.4
460.0,24.02,44.74,1012.38,320.8
461.0,23.93,44.9,1012.45,320.5
462.0,24.12,44.59,1012.57,323.0
463.0,23.99,44.62,1012.27,318.5
464.0,23.99,44.49,1012.34,320.6
465.0,23.99,44.16,1012.26,315.6
466.0,23.99,44.99,1012.46,317.2
467.0,23.99,45.05,1012.46,323.9
468.0,24.0,44.69,1012.65,322.3
469.0,23.97,45.19,1012.52,320.2
470.0,24.01,45.26,1012.38,323.1
471.0,24.21,44.75,1012.36,320.7
472.0,24.0,44.8,1012.32,321.5
473.0,24.06,44.81,1012.17,323.2
474.0,23.88,44.84,1012.26,320.9
475.0,23.87,45.29,1012.16,319.3
476.0,24.08,45.29,1012.08,319.4
477.0,24.03,44.92,1012.39,318.2
478.0,23.95,44.37,1012.45,315.2
479.0,24.04,44.05,1012.06,321.4
480.0,24.09,44.92,1012.3,320.8
481.0,24.0,45.62,1012.3,322.8
482.0,23.98,44.63,1012.48,327.1
483.0,23.95,44.39,1012.68,323.2
484.0,23.94,44.96,1012.43,323.3
485.0,24.02,45.07,1012.31,313.1
486.0,23.93,44.94,1012.31,320.1
487.0,24.0,45.13,1012.44,317.5
488.0,24.01,44.72,1012.45,318.4
489.0,23.99,45.08,1012.35,322.9
490.0,23.9,43.97,1012.33,314.7
491.0,24.04,44.5,1012.57,321.2
492.0,24.04,44.81,1012.28,314.0
493.0,24.0,45.47,1012.53,321.4
494.0,23.98,45.35,1012.2,324.0
495.0,24.02,44.62,1012.36,319.4
496.0,24.01,45.08,1012.37,318.1
497.0,23.94,45.49,1012.28,316.5
498.0,23.83,44.95,1012.26,318.7
499.0,23.95,45.18,1012.3,320.0
500.0,23.93,45.28,1012.44,317.3
501.0,23.97,44.79,1012.38,320.6
502.0,23.98,45.35,1012.26,319.8
503.0,23.9,45.04,1012.33,327.7
504.0,23.96,44.47,1012.28,322.6
505.0,23.9,44.8,1012.58,320.1
506.0,24.02,44.18,1012.32,318.4
507.0,24.01,44.51,1012.58,325.2
508.0,24.08,44.74,1012.52,319.1
509.0,24.0,45.09,1012.36,325.4
510.0,23.9,44.83,1012.45,321.5
511.0,23.94,45.43,1012.25,319.6
512.0,24.01,45.88,1012.48,319.1
513.0,24.0,45.31,1012.17,321.1
514.0,23.98,45.11,1012.62,317.5
515.0,24.01,45.25,1012.39,322.3
516.0,23.94,44.76,1012.34,324.1
517.0,23.9,45.33,1012.41,319.6
518.0,24.07,44.59,1012.4,319.2
519.0,24.01,45.46,1012.59,319.1
520.0,24.14,44.7,1012.21,324.3
521.0,23.92,45.12,1012.33,318.5
522.0,23.88,43.96,1012.4,320.0
523.0,24.09,45.21,1012.49,322.4
524.0,24.05,45.33,1012.56,318.6
525.0,23.95,44.6,1012.6,321.3
526.0,24.04,45.27,1012.33,314.2
527.0,24.11,44.68,1012.34,320.7
528.0,23.89,45.48,1012.35,326.6
529.0,23.96,44.45,1012.15,318.4
530.0,24.04,45.07,1012.08,319.9
531.0,24.13,44.23,1012.44,318.3
532.0,23.93,44.64,1012.63,325.0
533.0,23.91,45.6,1012.34,318.7
534.0,24.0,44.75,1012.33,317.2
535.0,24.07,45.48,1012.39,322.4
536.0,23.97,45.25,1012.15,320.0
537.0,23.95,43.95,1012.42,320.1
538.0,23.91,44.78,1012.09,319.5
539.0,24.08,44.59,1012.49,322.8
540.0,23.89,45.05,1012.44,316.5
541.0,23.9,45.45,1012.65,672.6
542.0,24.11,45.63,1012.45,666.0
543.0,23.93,44.77,1012.53,677.4
544.0,24.06,45.31,1012.67,668.8
545.0,24.0,44.15,1012.4,672.5
546.0,23.89,45.02,1012.43,668.2
547.0,24.06,45.13,1012.81,668.7
548.0,24.02,45.16,1012.67,673.2
549.0,23.87,45.19,1012.39,669.7
550.0,24.11,46.0,1012.39,666.6
551.0,23.92,45.29,1012.51,666.5
552.0,24.17,44.99,1012.48,670.2
553.0,23.96,45.48,1012.22,671.7
554.0,24.04,45.03,1012.52,673.3
555.0,23.85,44.83,1012.36,669.5
556.0,24.06,45.39,1012.57,671.8
557.0,23.96,44.63,1012.49,672.9
558.0,24.07,45.28,1012.23,670.7
559.0,24.13,44.46,1012.52,668.7
560.0,23.89,44.97,1012.36,675.9
561.0,23.98,44.41,1012.31,664.6
562.0,23.86,44.16,1012.45,666.8
563.0,24.11,44.76,1012.44,669.8
564.0,23.96,44.57,1012.2,665.9
565.0,24.0,44.63,1012.27,669.3
566.0,23.97,45.27,1012.28,668.2
567.0,24.14,44.66,1012.53,671.5
568.0,23.86,44.25,1012.37,666.5
569.0,24.06,44.7,1012.55,669.8
570.0,23.95,44.96,1012.43,671.6
571.0,23.85,44.86,1012.33,671.6
572.0,24.03,44.61,1012.44,663.1
573.0,23.92,44.54,1012.44,674.1
574.0,23.94,44.85,1012.35,671.5
575.0,23.87,44.83,1012.56,669.1
576.0,23.9,44.94,1012.35,672.8
577.0,23.92,44.45,1012.49,669.5
578.0,23.97,44.74,1012.34,669.6
579.0,24.03,45.44,1012.25,667.9
580.0,24.09,44.82,1012.44,669.6
581.0,23.98,44.61,1012.06,673.9
582.0,24.03,44.94,1012.48,672.6
583.0,23.98,44.32,1012.28,669.8
584.0,24.12,44.57,1012.35,668.9
585.0,24.12,44.73,1012.22,673.1
586.0,23.92,44.62,1012.52,666.3
587.0,24.09,45.08,1012.45,670.1
588.0,24.05,45.41,1012.49,669.5
589.0,23.99,45.61,1012.66,668.9
590.0,23.96,44.88,1012.69,672.7
591.0,23.92,44.3,1012.41,671.3
592.0,24.07,45.3,1012.38,668.1
593.0,24.1,44.72,1012.4,669.8
594.0,23.95,44.98,1012.5,675.2
595.0,23.95,44.57,1012.3,676.8
596.0,23.96,44.27,1012.56,669.3
597.0,23.89,44.53,1012.26,667.0
598.0,23.98,44.8,1012.33,664.2
599.0,23.97,44.73,1012.47,670.9
600.0,23.93,45.3,1012.35,674.5
601.0,24.0,44.84,1012.31,675.5
602.0,23.94,44.98,1012.58,668.5
603.0,24.11,44.79,1012.34,670.8
604.0,24.01,44.67,1012.66,673.5
605.0,24.04,44.84,1012.49,668.7
606.0,24.1,45.83,1012.35,667.9
607.0,24.06,44.7,1012.51,667.3
608.0,24.09,44.34,1012.39,674.6
609.0,23.94,45.38,1012.39,671.1
610.0,24.05,45.86,1012.36,666.5
611.0,23.95,45.25,1012.36,673.3
612.0,24.14,45.75,1012.33,668.8
613.0,24.03,45.1,1012.33,671.6
614.0,23.9,44.82,1012.68,674.9
615.0,23.78,44.78,1012.2,665.2
616.0,23.89,45.4,1012.29,674.1
617.0,24.1,45.35,1012.68,668.4
618.0,24.04,44.95,1012.41,669.1
619.0,24.01,45.29,1012.39,672.7
620.0,23.99,45.36,1012.41,667.1
621.0,24.01,44.78,1012.43,666.9
622.0,24.1,44.4,1012.17,322.8
623.0,24.06,44.91,1012.24,319.4
624.0,24.04,44.87,1012.3,318.8
625.0,24.03,45.37,1012.46,322.5
626.0,24.02,45.38,1012.54,318.9
627.0,23.98,45.14,1012.54,319.2
628.0,23.99,44.91,1012.23,318.3
629.0,23.96,45.16,1012.1,320.1
630.0,24.07,44.81,1012.42,320.9
631.0,24.04,44.96,1012.35,321.7
632.0,23.85,45.14,1012.33,321.5
633.0,24.09,45.32,1012.41,323.3
634.0,24.05,44.19,1012.48,318.2
635.0,24.08,45.15,1012.39,317.2
636.0,24.06,45.67,1012.16,319.4
637.0,24.09,44.66,1012.22,322.3
638.0,24.09,45.01,1012.42,318.6
639.0,24.1,45.37,1012.6,319.2
640.0,23.89,44.72,1012.32,319.3
641.0,24.04,45.11,1012.4,321.8
642.0,24.02,44.82,1012.44,321.4
643.0,24.01,45.03,1012.29,322.6
644.0,24.2,44.8,1012.46,320.5
645.0,23.89,45.52,1012.18,319.8
646.0,23.87,45.83,1012.71,320.3
647.0,24.2,45.77,1012.35,317.3
648.0,24.04,45.24,1012.31,318.1
649.0,23.92,45.62,1012.4,324.5
650.0,23.96,44.53,1012.39,324.2
651.0,24.06,45.26,1012.44,323.7
652.0,24.05,45.39,1012.49,321.3
653.0,24.05,44.61,1012.7,321.4
654.0,24.03,45.18,1012.36,324.5
655.0,24.03,44.5,1012.68,320.0
656.0,24.08,45.48,1012.32,323.0
657.0,23.85,45.0,1012.41,319.0
658.0,24.0,45.3,1012.66,318.8
659.0,23.95,44.47,1012.21,320.3
660.0,23.97,44.78,1012.59,319.9
661.0,24.03,45.09,1012.53,322.5
662.0,24.01,45.27,1012.44,319.0
663.0,24.09,45.31,1012.29,316.1
664.0,23.85,45.4,1012.32,314.4
665.0,23.97,45.3,1012.27,318.6
666.0,24.04,44.4,1012.22,316.2
667.0,23.95,45.4,1012.42,325.5
668.0,23.93,45.06,1012.18,324.9
669.0,23.96,44.39,1012.61,321.6
670.0,23.91,44.78,1012.53,317.7
671.0,23.97,45.13,1012.44,324.7
672.0,23.9,44.74,1012.4,319.1
673.0,24.11,45.31,1012.5,319.6
674.0,23.94,45.52,1012.41,315.7
675.0,24.04,44.54,1012.25,319.3
676.0,23.99,45.26,1012.25,325.7
677.0,23.94,45.09,1012.43,321.8
678.0,23.91,44.91,1012.27,318.4
679.0,24.12,45.02,1012.44,323.9
680.0,24.12,45.22,1012.32,318.1
681.0,24.14,44.86,1012.51,323.0
682.0,24.06,45.09,1012.54,319.1
683.0,23.99,45.06,1012.43,319.9
684.0,24.01,44.95,1012.63,315.6
685.0,23.96,45.34,1012.45,321.5
686.0,23.96,44.94,1012.71,317.2
687.0,24.15,45.41,1012.41,316.0
688.0,23.83,45.46,1012.48,313.2
689.0,23.98,44.82,1012.52,322.9
690.0,24.01,43.98,1012.61,321.6
691.0,24.11,45.72,1012.65,325.2
692.0,24.03,45.04,1012.51,321.7
693.0,23.97,45.33,1012.39,318.2
694.0,23.93,44.92,1012.6,319.6
695.0,24.0,44.69,1012.36,319.4
696.0,24.14,45.04,1012.4,320.0
697.0,23.97,44.5,1012.12,319.9
698.0,24.06,45.06,1012.32,319.5
699.0,24.1,43.72,1012.6,319.4
700.0,24.0,45.11,1012.34,318.4
701.0,23.96,44.4,1012.36,317.3
702.0,24.03,44.57,1012.43,318.0
703.0,23.84,45.33,1012.36,321.3
704.0,24.05,45.32,1012.62,316.6
705.0,23.88,44.81,1012.45,320.1
706.0,24.02,45.34,1012.35,316.8
707.0,23.98,44.32,1012.47,318.5
708.0,24.07,45.05,1012.3,323.9
709.0,24.05,44.88,1012.33,316.1
710.0,24.12,45.51,1012.33,321.5
711.0,24.11,44.97,1012.15,320.7
712.0,23.92,45.02,1012.34,324.3
713.0,23.89,45.28,1012.26,319.3
714.0,23.99,44.96,1012.29,322.3
715.0,24.01,45.76,1012.37,320.3
716.0,24.0,45.19,1012.45,322.4
717.0,23.97,45.33,1012.31,323.1
718.0,24.0,44.87,1012.56,316.7
719.0,24.13,44.61,1012.49,321.7
720.0,24.01,45.02,1012.22,321.9
721.0,24.01,45.46,1012.43,321.6
722.0,24.05,45.05,1012.56,317.7
723.0,24.05,44.5,1012.21,320.9
724.0,24.05,44.57,1012.44,324.2
725.0,23.96,44.51,1012.31,321.0
726.0,24.09,44.8,1012.46,320.0
727.0,23.96,44.88,1012.33,318.5
728.0,24.0,44.99,1012.31,322.4
729.0,23.94,45.44,1012.39,317.2
730.0,24.15,45.18,1012.35,325.6
731.0,23.92,45.0,1012.54,319.0
732.0,23.93,44.78,1012.47,323.1
733.0,24.03,44.66,1012.33,319.6
734.0,23.96,45.16,1012.43,316.8
735.0,23.91,44.74,1012.32,321.2
736.0,24.01,45.21,1012.47,316.2
737.0,24.09,45.01,1012.51,323.1
738.0,24.02,44.48,1012.59,317.6
739.0,24.03,44.7,1012.25,318.4
740.0,23.9,45.19,1012.23,318.6
741.0,24.02,44.82,1012.46,314.2
742.0,23.98,44.07,1012.4,317.2
743.0,24.12,45.53,1012.67,322.9
744.0,23.93,44.39,1012.63,318.0
745.0,23.98,44.69,1012.43,320.1
746.0,23.94,45.41,1012.21,322.2
747.0,23.9,45.15,1012.54,324.4
748.0,24.1,44.92,1012.5,313.3
749.0,24.09,44.99,1012.56,321.2
750.0,24.04,45.65,1012.51,319.0
751.0,24.1,45.33,1012.43,323.5
752.0,24.03,44.99,1012.39,318.1
753.0,23.95,44.84,1012.41,321.2
754.0,24.03,44.42,1012.44,320.3
755.0,23.86,44.97,1012.43,316.1
756.0,23.99,45.26,1012.37,320.4
757.0,24.05,45.09,1012.24,316.8
758.0,23.9,44.7,1012.2,318.7
759.0,24.16,44.61,1012.63,316.0
760.0,23.96,45.49,1012.62,331.8
761.0,23.94,45.06,1012.6,323.4
762.0,24.08,44.94,1012.43,322.9
763.0,23.9,44.91,1012.48,315.2
764.0,24.06,44.44,1012.55,317.4
765.0,24.01,44.72,1012.57,321.0
766.0,23.95,44.89,1012.42,322.3
767.0,23.95,44.96,1012.27,319.0
768.0,24.0,44.65,1012.61,320.0
769.0,24.0,43.92,1012.4,318.9
770.0,24.15,44.76,1012.54,314.5
771.0,24.12,44.23,1012.17,323.5
772.0,23.97,45.41,1012.25,320.2
773.0,23.81,45.22,1012.57,316.2
774.0,23.96,45.28,1012.33,322.1
775.0,23.99,45.0,1012.1,322.3
776.0,23.94,44.29,1012.47,322.0
777.0,24.01,44.88,1012.43,318.8
778.0,24.07,44.4,1012.45,319.7
779.0,23.89,44.47,1012.32,319.0
780.0,24.03,44.5,1012.65,318.9
781.0,24.61,42.45,1012.47,318.5
782.0,25.48,39.33,1012.49,317.4
783.0,26.07,36.69,1012.21,321.5
784.0,26.55,34.24,1012.32,321.9
785.0,27.38,31.21,1012.62,321.7
786.0,27.98,29.4,1012.25,322.5
787.0,27.96,29.17,1012.49,320.7
788.0,27.98,28.65,1012.44,322.3
789.0,28.0,28.94,1012.17,325.5
790.0,28.04,29.72,1012.4,326.3
791.0,28.13,29.35,1012.6,320.7
792.0,27.98,28.71,1012.2,320.9
793.0,28.02,28.93,1012.64,321.4
794.0,27.99,29.46,1012.62,320.4
795.0,27.96,28.76,1012.43,323.2
796.0,28.04,28.73,1012.44,321.4
797.0,27.98,29.55,1012.48,314.4
798.0,27.92,27.95,1012.71,318.9
799.0,28.01,28.84,1012.49,321.5
800.0,28.07,28.38,1012.47,320.4
801.0,28.03,27.86,1012.26,324.9
802.0,28.09,28.73,1012.42,322.6
803.0,27.92,29.35,1012.06,318.8
804.0,28.09,29.08,1012.52,315.7
805.0,27.98,28.53,1012.39,319.6
806.0,27.94,28.84,1012.28,319.4
807.0,27.95,29.2,1012.52,320.2
808.0,28.1,29.44,1012.23,325.1
809.0,27.83,28.82,1012.5,319.2
810.0,27.81,29.72,1012.44,325.4
811.0,28.01,29.12,1012.55,326.2
812.0,27.89,29.19,1012.59,317.1
813.0,27.91,28.82,1012.38,317.8
814.0,27.87,29.19,1012.48,318.6
815.0,27.94,29.59,1012.31,320.8
816.0,27.96,29.39,1012.51,319.2
817.0,28.03,28.84,1012.71,322.0
818.0,28.06,28.64,1012.36,323.0
819.0,28.04,28.08,1012.45,316.5
820.0,27.88,28.83,1012.55,319.6
821.0,28.07,29.15,1012.07,322.6
822.0,28.02,28.78,1012.6,318.7
823.0,27.94,28.77,1012.18,319.7
824.0,28.24,29.28,1012.61,318.9
825.0,27.93,28.2,1012.34,320.6
826.0,28.01,28.49,1012.71,314.3
827.0,28.01,28.69,1012.34,319.7
828.0,27.88,29.28,1012.63,315.8
829.0,27.91,28.65,1012.36,321.9
830.0,28.04,28.12,1012.42,316.2
831.0,28.1,28.53,1012.09,317.9
832.0,27.94,29.69,1012.42,322.9
833.0,27.96,29.07,1012.32,320.9
834.0,27.91,29.06,1012.54,319.5
835.0,27.89,28.47,1012.5,319.1
836.0,27.98,29.0,1012.29,325.2
837.0,27.87,28.56,1012.54,321.1
838.0,28.06,29.14,1012.67,316.4
839.0,27.9,28.98,1012.29,319.8
840.0,27.91,28.86,1012.53,318.4
841.0,27.94,29.11,1012.34,322.8
842.0,28.0,28.87,1012.6,318.8
843.0,28.07,28.9,1012.46,316.3
844.0,27.89,28.51,1012.48,319.6
845.0,28.08,29.1,1012.32,325.0
846.0,27.96,28.49,1012.24,318.1
847.0,27.96,28.74,1012.47,319.8
848.0,27.92,29.27,1012.3,319.1
849.0,27.89,28.59,1012.57,321.1
850.0,28.03,30.05,1012.45,316.7
851.0,27.85,28.55,1012.48,318.4
852.0,28.04,29.75,1012.23,316.5
853.0,28.02,28.52,1012.7,316.1
854.0,28.07,28.81,1012.53,322.5
855.0,27.98,28.75,1012.55,313.7
856.0,28.05,28.77,1012.34,321.4
857.0,28.1,29.16,1012.34,323.7
858.0,27.82,28.96,1012.41,318.6
859.0,28.15,29.03,1012.59,319.4
860.0,28.03,28.91,1012.35,319.7
861.0,28.03,28.85,1012.77,319.5
862.0,28.02,29.42,1012.31,322.8
863.0,27.9,28.84,1012.54,320.2
864.0,27.87,29.15,1012.49,315.8
865.0,27.97,29.75,1012.36,326.5
866.0,28.03,29.81,1012.39,313.2
867.0,28.02,28.7,1012.25,323.1
868.0,28.01,28.92,1012.38,323.5
869.0,28.09,28.24,1012.45,316.8
870.0,27.97,28.96,1012.63,315.2
871.0,27.84,29.78,1012.23,317.5
872.0,28.03,29.02,1012.46,316.2
873.0,27.99,29.07,1012.24,317.5
874.0,27.98,28.85,1012.59,318.8
875.0,28.23,28.93,1012.37,320.8
876.0,27.95,28.51,1012.53,322.2
877.0,27.86,29.25,1012.21,316.0
878.0,27.83,29.2,1012.4,316.5
879.0,27.77,29.89,1012.34,316.5
880.0,27.59,30.34,1012.43,317.0
881.0,27.53,30.28,1012.5,321.9
882.0,27.56,29.79,1012.4,319.1
883.0,27.43,29.98,1012.42,321.7
884.0,27.52,30.73,1012.19,323.2
885.0,27.36,31.53,1012.83,313.7
886.0,27.38,31.72,1012.48,317.9
887.0,27.3,31.85,1012.3,319.7
888.0,27.19,32.24,1012.49,319.7
889.0,27.01,32.86,1012.18,320.8
890.0,27.12,33.32,1012.32,316.0
891.0,27.02,32.79,1012.14,318.3
892.0,26.97,34.41,1012.4,324.4
893.0,26.96,33.07,1012.57,317.6
894.0,26.75,33.63,1012.47,320.7
895.0,26.81,33.98,1012.37,315.4
896.0,26.75,34.53,1012.42,322.4
897.0,26.58,34.46,1012.44,325.7
898.0,26.48,35.51,1012.36,319.7
899.0,26.57,35.12,1012.29,314.1
900.0,26.4,34.96,1012.21,326.3
901.0,26.36,35.26,1012.58,320.1
902.0,26.31,36.01,1012.16,317.4
903.0,26.18,35.95,1012.34,320.2
904.0,26.11,35.81,1012.32,318.3
905.0,26.11,36.02,1012.29,317.5
906.0,25.99,36.75,1012.32,314.8
907.0,26.08,37.48,1012.54,320.0
908.0,25.74,37.93,1012.07,323.9
909.0,25.85,38.0,1012.57,319.4
910.0,25.78,37.5,1012.5,318.1
911.0,25.69,38.72,1012.44,324.1
912.0,25.63,38.84,1012.29,315.8
913.0,25.47,39.29,1012.4,319.2
914.0,25.32,39.4,1012.39,321.8
915.0,25.46,39.17,1012.65,320.4
916.0,25.26,39.87,1012.78,319.6
917.0,25.14,40.13,1012.32,324.0
918.0,25.32,39.35,1012.41,319.8
919.0,25.16,40.78,1012.48,322.8
920.0,25.11,40.51,1012.43,322.3
921.0,24.99,40.97,1012.37,320.4
922.0,25.0,41.27,1012.66,316.5
923.0,25.02,41.57,1012.58,322.3
924.0,24.73,41.86,1012.28,315.0
925.0,24.79,42.05,1012.54,325.2
926.0,24.62,42.28,1012.59,315.8
927.0,24.66,42.79,1012.42,321.7
928.0,24.6,43.25,1012.25,318.0
929.0,24.48,43.23,1012.26,318.5
930.0,24.25,43.5,1012.76,317.6
931.0,24.3,43.37,1012.08,318.0
932.0,24.27,44.14,1012.53,319.8
933.0,24.2,44.8,1012.3,316.0
934.0,24.12,45.14,1012.46,320.0
935.0,24.04,44.82,1012.53,321.2
936.0,23.99,45.17,1012.34,323.4
937.0,24.04,45.52,1012.34,319.1
938.0,24.07,45.61,1012.3,316.4
939.0,24.09,45.2,1012.66,320.6
940.0,23.91,44.97,1012.4,317.9
941.0,24.09,44.48,1012.24,323.9
942.0,23.89,44.94,1012.34,317.0
943.0,24.02,45.21,1012.52,322.5
944.0,24.08,44.6,1012.43,319.2
945.0,24.01,44.67,1012.53,318.5
946.0,23.93,44.38,1012.15,318.4
947.0,23.98,44.59,1012.47,319.7
948.0,23.99,45.01,1012.42,318.8
949.0,23.92,44.77,1012.62,319.5
950.0,24.11,45.37,1012.37,320.2
951.0,23.97,44.81,1012.52,319.5
952.0,24.01,44.05,1012.31,321.7
953.0,24.27,44.84,1012.43,322.2
954.0,24.06,45.82,1012.5,323.8
955.0,24.05,45.67,1012.32,318.1
956.0,23.9,45.59,1012.31,319.4
957.0,23.89,45.08,1012.3,319.8
958.0,23.87,45.24,1012.39,320.1
959.0,23.98,45.18,1012.35,323.1
960.0,23.84,44.87,1012.31,321.6
961.0,23.96,44.93,1012.57,325.1
962.0,23.86,45.18,1012.42,316.3
963.0,24.03,45.58,1012.18,320.5
964.0,23.98,45.05,1012.33,321.6
965.0,23.93,44.79,1012.27,324.9
966.0,24.06,44.85,1012.32,316.7
967.0,24.08,45.36,1012.58,319.7
968.0,24.0,45.35,1012.37,324.6
969.0,24.04,44.46,1012.4,317.6
970.0,24.03,45.62,1012.36,317.6
971.0,24.04,44.81,1012.22,317.3
972.0,24.0,45.58,1012.25,317.8
973.0,24.07,44.97,1012.21,322.0
974.0,24.0,44.23,1012.37,320.0
975.0,24.0,44.67,1012.2,316.2
976.0,23.95,44.06,1012.34,319.4
977.0,23.89,45.56,1012.4,322.2
978.0,23.9,45.24,1012.48,320.2
979.0,24.03,44.75,1012.49,315.0
980.0,24.06,45.09,1012.3,322.7
981.0,23.89,44.88,1012.69,324.9
982.0,23.84,45.51,1012.39,318.8
983.0,23.96,44.9,1012.35,321.0
984.0,23.93,45.63,1012.48,322.1
985.0,24.05,44.99,1012.64,321.2
986.0,23.96,45.48,1012.66,321.7
987.0,23.94,44.9,1012.44,320.8
988.0,23.96,45.24,1012.49,318.9
989.0,24.07,44.81,1012.47,325.3
990.0,24.12,45.24,1012.42,322.4
991.0,24.04,45.41,1012.41,322.7
992.0,23.99,45.16,1012.41,319.4
993.0,24.01,45.19,1012.5,319.3
994.0,23.95,44.11,1012.54,320.1
995.0,23.98,44.62,1012.35,319.3
996.0,24.0,44.3,1012.36,320.2
997.0,23.96,45.62,1012.1,316.5
998.0,23.99,45.17,1012.49,320.3
999.0,23.97,44.89,1012.39,320.5
1000.0,23.89,44.31,1012.49,319.9
1001.0,24.06,45.01,1012.35,316.0
1002.0,23.98,44.86,1012.61,316.8
1003.0,24.12,44.22,1012.23,323.7
1004.0,24.04,45.11,1012.27,317.6
1005.0,24.05,44.75,1012.26,321.6
1006.0,24.04,44.65,1012.31,319.0
1007.0,23.99,44.84,1012.13,317.9
1008.0,23.98,44.9,1012.23,322.9
1009.0,23.94,45.17,1012.51,320.6
1010.0,23.88,45.01,1012.59,316.4
1011.0,23.99,45.2,1012.56,316.8
1012.0,23.94,44.68,1012.48,319.3
1013.0,23.89,45.77,1012.35,315.8
1014.0,24.02,44.9,1012.28,319.8
1015.0,23.84,45.46,1012.64,316.2
1016.0,24.06,44.33,1012.43,318.0
1017.0,23.84,45.24,1012.9,324.7
1018.0,24.01,45.43,1012.18,316.4
1019.0,24.1,45.47,1012.45,316.2
1020.0,23.82,45.03,1012.34,314.8
1021.0,23.95,45.39,1012.28,318.8
1022.0,24.0,44.94,1012.55,316.6
1023.0,24.17,45.47,1012.48,319.5
1024.0,23.85,44.68,1012.28,321.1
1025.0,24.04,45.78,1012.58,318.1
1026.0,24.09,44.83,1012.18,318.5
1027.0,23.9,44.75,1012.5,318.9
1028.0,23.93,46.12,1012.28,312.4
1029.0,23.96,44.56,1012.56,319.5
1030.0,23.98,45.7,1012.13,317.5
1031.0,23.96,45.71,1012.26,320.6
1032.0,23.94,45.16,1012.4,319.6
1033.0,24.1,45.04,1012.57,316.3
1034.0,23.98,44.92,1012.18,316.9
1035.0,23.98,45.57,1012.25,315.2
1036.0,24.09,44.9,1012.4,322.2
1037.0,24.12,44.91,1012.47,319.7
1038.0,23.97,44.67,1012.24,322.4
1039.0,24.2,45.35,1012.34,322.8
1040.0,23.95,45.57,1012.31,321.0
1041.0,24.04,44.88,1012.16,324.8
1042.0,24.15,45.46,1012.63,320.2
1043.0,23.98,44.98,1012.18,315.7
1044.0,24.0,45.4,1012.29,317.5
1045.0,24.15,44.58,1012.16,321.7
1046.0,23.89,44.55,1012.32,312.1
1047.0,23.9,44.57,1012.54,320.9
1048.0,24.01,44.91,1012.37,320.6
1049.0,23.81,45.45,1012.33,320.6
1050.0,24.07,45.23,1012.61,321.6
1051.0,24.05,44.78,1012.24,317.9
1052.0,24.13,44.99,1012.48,320.5
1053.0,24.0,45.02,1012.55,318.1
1054.0,24.0,44.95,1012.38,317.7
1055.0,24.01,45.27,1012.25,316.5
1056.0,24.07,45.37,1012.42,320.6
1057.0,23.97,44.41,1012.55,319.3
1058.0,24.05,45.42,1012.53,317.3
1059.0,24.08,45.42,1012.42,318.3
1060.0,24.01,45.38,1012.16,320.3
1061.0,24.0,45.57,1012.4,322.1
1062.0,23.98,45.02,1012.47,319.3
1063.0,24.07,45.57,1012.46,325.4
1064.0,24.11,44.6,1012.38,322.8
1065.0,24.14,45.02,1012.41,322.9
1066.0,23.91,46.02,1012.27,317.2
1067.0,23.87,44.77,1012.45,320.1
1068.0,23.87,44.48,1012.4,321.1
1069.0,23.88,44.87,1012.5,317.0
1070.0,24.02,44.98,1012.61,321.2
1071.0,24.01,44.51,1012.53,317.1
1072.0,24.08,44.83,1012.43,317.4
1073.0,24.11,45.2,1012.27,321.7
1074.0,24.01,45.04,1012.66,316.2
1075.0,24.12,44.86,1012.57,324.6
1076.0,23.98,44.61,1012.48,319.4
1077.0,23.87,45.1,1012.5,323.9
1078.0,23.94,45.43,1012.49,317.2
1079.0,24.1,44.61,1012.56,317.1
1080.0,24.05,45.51,1012.23,321.1
1081.0,23.91,45.23,1012.53,323.1
1082.0,24.09,44.39,1012.37,314.2
1083.0,23.98,44.97,1012.51,322.7
1084.0,24.05,44.76,1012.48,322.1
1085.0,23.99,44.35,1012.3,319.2
1086.0,23.96,44.53,1012.25,317.1
1087.0,24.03,44.32,1012.34,316.2
1088.0,23.95,45.44,1012.3,323.1
1089.0,23.98,44.84,1012.73,316.3
1090.0,24.11,44.95,1011.96,320.9
1091.0,23.91,44.96,1012.43,314.6
1092.0,24.03,45.48,1012.51,322.9
1093.0,23.88,45.53,1012.53,318.6
1094.0,24.04,45.65,1012.66,320.5
1095.0,23.97,45.47,1012.18,319.8
1096.0,24.01,44.74,1012.44,321.3
1097.0,23.85,44.41,1012.18,324.8
1098.0,23.9,45.5,1012.4,322.3
1099.0,24.0,45.12,1012.36,325.0
1100.0,23.91,45.36,1012.28,315.5
1101.0,23.95,45.43,1012.47,318.2
1102.0,24.11,45.2,1012.14,321.8
1103.0,24.08,45.31,1012.29,321.9
1104.0,24.03,45.2,1012.27,317.5
1105.0,24.02,45.63,1012.4,318.4
1106.0,23.95,44.86,1012.29,317.6
1107.0,24.04,45.09,1012.31,313.5
1108.0,23.99,44.77,1012.34,317.3
1109.0,23.83,45.17,1012.57,318.8
1110.0,24.03,45.22,1012.24,321.2
1111.0,23.95,45.49,1012.51,319.4
1112.0,23.98,45.17,1012.5,325.3
1113.0,24.09,45.38,1012.11,320.8
1114.0,23.94,45.04,1012.3,318.0
1115.0,24.06,44.79,1012.3,321.6
1116.0,24.05,45.03,1012.37,325.6
1117.0,23.87,45.76,1012.34,319.7
1118.0,24.12,44.67,1012.34,318.3
1119.0,24.03,44.81,1012.33,318.0
1120.0,23.95,44.32,1012.39,318.7
1121.0,24.01,44.84,1012.68,320.3
1122.0,24.08,44.84,1012.64,321.2
1123.0,23.95,45.15,1012.44,323.8
1124.0,23.92,45.08,1012.42,317.2
1125.0,24.07,45.78,1012.37,322.3
1126.0,23.9,44.82,1012.58,324.6
1127.0,24.02,44.57,1012.13,325.4
1128.0,23.9,45.14,1012.5,318.5
1129.0,24.07,44.74,1012.12,318.3
1130.0,23.93,44.88,1012.47,321.4
1131.0,23.88,44.99,1012.36,317.3
1132.0,23.9,45.65,1012.26,319.2
1133.0,24.02,44.41,1012.33,320.1
1134.0,23.93,45.28,1012.89,322.6
1135.0,24.02,44.57,1012.14,323.5
1136.0,24.0,45.31,1012.44,318.6
1137.0,24.07,45.25,1012.47,316.7
1138.0,23.87,44.42,1012.41,320.8
1139.0,23.93,45.23,1012.48,316.3
1140.0,23.98,44.81,1012.37,319.3
1141.0,23.95,45.19,1012.62,320.1
1142.0,23.92,44.68,1012.5,317.0
1143.0,23.97,44.97,1012.53,319.8
1144.0,23.95,45.22,1012.2,319.4
1145.0,24.11,44.75,1012.52,314.8
1146.0,24.08,44.53,1012.64,320.5
1147.0,23.99,44.88,1012.44,315.8
1148.0,23.92,44.58,1012.48,317.7
1149.0,23.98,45.5,1012.32,319.5
1150.0,23.95,44.65,1012.31,327.5
1151.0,24.02,45.2,1012.45,318.9
1152.0,24.11,45.16,1012.36,315.5
1153.0,24.08,44.18,1012.68,323.8
1154.0,24.03,44.65,1012.31,321.8
1155.0,24.03,44.32,1012.22,318.0
1156.0,24.09,44.39,1012.47,321.1
1157.0,24.03,44.97,1012.22,316.4
1158.0,24.05,45.36,1012.62,326.2
1159.0,24.19,44.73,1012.54,320.1
1160.0,24.02,45.23,1012.32,321.5
1161.0,23.99,45.24,1012.45,318.6
1162.0,24.1,45.57,1012.28,323.2
1163.0,24.02,45.0,1012.44,320.9
1164.0,23.83,45.2,1012.34,315.3
1165.0,24.01,45.17,1012.32,317.4
1166.0,24.07,45.25,1012.55,319.3
1167.0,24.04,44.8,1012.05,315.4
1168.0,23.91,44.69,1012.6,322.9
1169.0,23.98,44.73,1012.27,314.6
1170.0,24.18,44.99,1012.22,321.2
1171.0,23.96,44.99,1012.46,320.5
1172.0,23.99,44.56,1012.38,315.5
1173.0,24.04,45.14,1012.45,328.6
1174.0,23.97,44.39,1012.37,315.8
1175.0,24.09,45.2,1012.28,314.8
1176.0,23.98,45.28,1012.8,318.5
1177.0,24.03,45.0,1012.57,316.6
1178.0,23.91,45.2,1012.82,322.8
1179.0,23.97,44.26,1012.3,318.5
1180.0,24.04,45.26,1012.45,325.1
1181.0,23.98,44.88,1012.53,323.4
1182.0,23.97,44.93,1012.72,320.4
1183.0,24.14,45.15,1012.65,320.3
1184.0,23.98,44.29,1012.47,315.9
1185.0,23.78,45.17,1012.46,313.0
1186.0,24.07,45.47,1012.53,325.6
1187.0,23.97,45.6,1012.19,326.1
1188.0,23.82,45.27,1012.41,320.6
1189.0,23.98,45.26,1012.21,326.8
1190.0,23.91,44.85,1012.57,320.9
1191.0,23.94,45.07,1012.52,319.9
1192.0,23.94,45.37,1012.57,324.6
1193.0,23.98,44.41,1012.63,316.5
1194.0,23.89,44.66,1012.32,316.7
1195.0,24.01,44.49,1012.44,322.9
1196.0,23.95,44.88,1012.33,316.8
1197.0,24.14,44.83,1012.38,323.6
1198.0,23.97,44.88,1012.35,317.7
1199.0,23.83,44.72,1012.43,320.5
1200.0,23.85,44.43,1012.57,314.4
1201.0,24.97,41.39,1012.52,314.3
1202.0,25.56,38.55,1012.75,318.9
1203.0,26.55,34.63,1012.38,319.8
1204.0,27.31,31.15,1012.42,321.7
1205.0,28.05,27.84,1012.28,325.8
1206.0,28.99,25.33,1012.29,318.1
1207.0,28.85,25.05,1012.5,326.2
1208.0,29.05,25.43,1012.31,321.9
1209.0,29.06,25.02,1012.26,317.8
1210.0,29.01,24.63,1012.46,317.6
1211.0,28.88,24.67,1012.27,318.9
1212.0,28.77,23.79,1012.5,319.8
1213.0,29.0,25.04,1012.26,318.4
1214.0,28.9,25.09,1012.28,320.1
1215.0,28.98,24.96,1012.55,315.5
1216.0,29.02,24.82,1012.42,321.9
1217.0,29.06,25.44,1012.63,319.4
1218.0,28.92,25.02,1012.28,318.6
1219.0,29.04,25.68,1012.37,325.3
1220.0,29.04,25.59,1012.37,323.5
1221.0,28.95,25.27,1012.45,319.1
1222.0,29.06,25.6,1012.47,318.9
1223.0,28.87,25.02,1012.22,317.7
1224.0,29.03,24.48,1012.47,317.9
1225.0,29.16,24.63,1012.37,321.8
1226.0,28.97,25.32,1012.69,319.1
1227.0,28.87,25.52,1012.43,319.4
1228.0,28.96,25.15,1012.48,319.9
1229.0,28.94,24.9,1012.43,318.0
1230.0,29.05,24.9,1012.28,323.5
1231.0,28.9,24.85,1012.21,320.4
1232.0,29.03,25.16,1012.39,324.0
1233.0,28.91,24.95,1012.53,321.8
1234.0,28.89,24.76,1012.31,315.1
1235.0,29.0,25.05,1012.48,316.5
1236.0,29.08,25.86,1012.2,321.6
1237.0,28.87,24.75,1012.56,322.7
1238.0,28.91,25.89,1012.26,316.6
1239.0,28.93,25.1,1012.48,315.4
1240.0,29.04,24.98,1012.34,318.9
1241.0,28.96,25.46,1012.43,324.4
1242.0,28.93,24.76,1012.14,325.8
1243.0,28.89,24.6,1012.5,319.6
1244.0,28.9,26.0,1012.51,317.2
1245.0,29.05,24.6,1012.54,317.9
1246.0,29.08,25.18,1012.37,319.8
1247.0,29.0,24.9,1012.39,325.8
1248.0,28.98,24.86,1012.29,317.9
1249.0,28.94,25.03,1012.39,320.8
1250.0,28.89,24.51,1012.3,318.6
1251.0,29.04,25.2,1012.11,322.3
1252.0,28.9,25.01,1012.42,321.3
1253.0,28.96,25.22,1012.33,320.1
1254.0,29.11,24.23,1012.32,323.6
1255.0,29.04,25.38,1012.22,317.9
1256.0,29.02,24.71,1012.33,320.2
1257.0,28.82,24.32,1012.48,318.1
1258.0,29.0,25.25,1012.45,320.6
1259.0,28.98,25.48,1012.18,321.3
1260.0,29.01,24.96,1012.4,318.9
1261.0,28.97,25.77,1012.4,326.1
1262.0,29.05,24.63,1012.4,323.6
1263.0,29.3,24.79,1012.48,325.6
1264.0,28.89,24.51,1012.46,317.2
1265.0,28.93,24.99,1012.39,323.3
1266.0,29.03,24.85,1011.97,319.5
1267.0,28.85,25.3,1012.43,317.9
1268.0,29.04,24.69,1012.08,317.8
1269.0,28.98,24.69,1012.28,318.6
1270.0,28.83,25.99,1012.58,320.2
1271.0,28.95,25.03,1012.6,321.5
1272.0,28.95,25.2,1012.09,320.6
1273.0,28.95,24.93,1012.64,319.3
1274.0,28.96,24.88,1012.46,322.5
1275.0,28.91,25.33,1012.26,320.0
1276.0,28.95,25.28,1012.33,319.4
1277.0,29.02,24.94,1012.27,321.0
1278.0,28.91,25.22,1012.38,321.7
1279.0,28.95,25.24,1012.31,320.8
1280.0,28.96,25.1,1012.47,317.0
1281.0,29.01,24.65,1012.69,322.5
1282.0,29.09,24.73,1012.63,319.2
1283.0,28.92,24.46,1012.58,322.7
1284.0,28.82,24.56,1012.52,319.4
1285.0,28.93,24.96,1012.32,317.8
1286.0,28.98,24.6,1012.46,315.7
1287.0,28.84,25.21,1012.53,319.6
1288.0,29.04,25.17,1012.21,321.7
1289.0,28.94,25.83,1012.45,318.7
1290.0,29.05,24.74,1012.33,327.6
1291.0,29.11,25.19,1012.57,318.9
1292.0,29.03,25.32,1012.54,322.6
1293.0,29.13,25.22,1012.26,318.6
1294.0,29.03,24.09,1012.19,318.6
1295.0,29.06,24.86,1012.18,317.9
1296.0,29.06,25.0,1012.41,324.0
1297.0,29.07,24.73,1011.99,320.0
1298.0,28.99,24.92,1012.28,327.3
1299.0,29.06,25.23,1012.38,318.1
1300.0,28.97,24.96,1012.32,321.7
1301.0,29.12,25.13,1012.41,315.8
1302.0,28.92,25.03,1012.31,322.8
1303.0,29.03,25.31,1012.22,316.9
1304.0,29.0,25.62,1012.34,323.3
1305.0,29.01,24.66,1012.57,321.2
1306.0,28.96,24.82,1012.37,321.7
1307.0,29.03,24.84,1012.79,322.5
1308.0,29.03,24.06,1012.56,324.8
1309.0,29.13,25.9,1012.4,320.0
1310.0,29.01,25.81,1012.3,318.4
1311.0,28.93,25.2,1012.33,315.6
1312.0,29.01,25.08,1012.2,316.9
1313.0,29.09,24.89,1012.46,322.1
1314.0,29.12,24.39,1012.3,321.3
1315.0,28.91,24.93,1012.3,325.5
1316.0,28.97,25.04,1012.37,321.4
1317.0,28.79,25.13,1012.54,314.8
1318.0,28.95,24.71,1012.12,320.1
1319.0,29.0,25.16,1012.32,318.9
1320.0,29.06,24.47,1012.37,318.8
1321.0,29.1,24.72,1012.35,319.9
1322.0,28.95,24.54,1012.47,317.2
1323.0,29.02,25.43,1012.2,321.4
1324.0,29.02,25.5,1012.32,319.1
1325.0,29.18,25.25,1012.68,321.1
1326.0,28.99,25.0,1012.44,322.3
1327.0,28.83,26.06,1012.64,316.0
1328.0,28.89,25.61,1012.37,317.1
1329.0,28.66,26.37,1012.21,322.9
1330.0,28.63,25.98,1012.35,320.6
1331.0,28.65,26.3,1012.54,316.1
1332.0,28.49,26.94,1012.53,321.8
1333.0,28.61,28.31,1012.42,319.3
1334.0,28.29,27.49,1012.39,318.0
1335.0,28.3,28.1,1012.23,320.0
1336.0,28.21,28.04,1012.21,320.4
1337.0,28.06,28.75,1012.34,323.8
1338.0,27.91,29.47,1012.28,320.6
1339.0,28.04,29.13,1012.68,316.4
1340.0,27.73,29.76,1012.48,316.3
1341.0,27.76,30.12,1012.5,320.2
1342.0,27.67,30.14,1012.27,322.0
1343.0,27.64,30.63,1012.24,314.5
1344.0,27.57,30.8,1012.54,318.9
1345.0,27.43,31.7,1012.52,318.1
1346.0,27.39,30.96,1012.3,323.0
1347.0,27.24,32.43,1012.31,323.7
1348.0,27.13,31.87,1012.67,318.0
1349.0,27.04,31.96,1012.26,323.1
1350.0,27.04,32.88,1012.4,326.2
1351.0,26.8,33.08,1012.59,315.0
1352.0,26.81,33.99,1012.34,323.6
1353.0,26.67,34.07,1012.33,320.2
1354.0,26.61,34.65,1012.58,318.7
1355.0,26.56,34.47,1012.31,316.4
1356.0,26.53,34.8,1012.46,319.3
1357.0,26.39,35.55,1012.24,319.5
1358.0,26.42,36.07,1012.33,322.3
1359.0,26.2,35.74,1012.33,320.2
1360.0,26.16,36.76,1012.19,325.2
1361.0,26.16,35.89,1012.4,322.9
1362.0,26.02,37.26,1012.23,324.1
1363.0,25.95,37.56,1012.61,324.4
1364.0,25.85,37.2,1012.44,325.0
1365.0,25.57,38.4,1012.51,320.8
1366.0,25.73,38.53,1012.36,324.6
1367.0,25.61,38.67,1012.57,329.0
1368.0,25.41,38.89,1012.26,317.0
1369.0,25.31,39.62,1012.46,312.8
1370.0,25.27,39.5,1012.3,318.6
1371.0,25.26,40.55,1012.29,313.6
1372.0,25.11,39.78,1012.46,315.9
1373.0,24.94,40.31,1012.34,322.8
1374.0,24.86,40.97,1012.42,321.1
1375.0,25.02,41.49,1012.47,319.6
1376.0,24.72,42.04,1012.43,323.4
1377.0,24.65,42.45,1012.3,322.0
1378.0,24.72,41.78,1012.4,317.9
1379.0,24.62,42.8,1012.56,325.6
1380.0,24.44,43.4,1012.47,320.4
1381.0,24.36,43.07,1012.76,318.2
1382.0,24.19,44.08,1012.45,322.3
1383.0,24.28,44.13,1012.56,317.8
1384.0,24.05,44.92,1012.16,322.3
1385.0,24.04,45.17,1012.32,319.3
1386.0,23.88,44.94,1012.47,321.2
1387.0,23.98,45.25,1012.62,325.6
1388.0,24.13,45.48,1012.52,324.5
1389.0,24.07,43.93,1012.28,320.2
1390.0,23.94,45.01,1012.56,319.3
1391.0,24.09,44.96,1012.61,324.6
1392.0,24.01,45.41,1012.38,321.6
1393.0,24.05,45.32,1012.5,319.5
1394.0,24.06,45.27,1012.63,320.5
1395.0,23.91,44.27,1012.07,320.8
1396.0,24.06,44.28,1012.57,322.2
1397.0,24.04,44.69,1012.31,321.1
1398.0,24.04,44.3,1012.71,324.3
1399.0,24.03,45.11,1012.55,324.0
1400.0,23.93,44.94,1012.14,324.4
1401.0,23.96,44.5,1012.28,315.0
1402.0,24.13,44.59,1012.46,317.7
1403.0,24.0,44.59,1012.24,321.3
1404.0,24.15,44.69,1012.48,319.0
1405.0,23.99,45.01,1012.45,324.6
1406.0,24.1,45.59,1012.3,321.9
1407.0,23.96,45.31,1012.47,321.0
1408.0,24.05,44.59,1012.31,325.6
1409.0,24.04,44.89,1012.37,322.1
1410.0,24.01,44.8,1012.39,317.0
1411.0,24.16,45.23,1012.05,317.7
1412.0,23.98,44.31,1012.59,324.0
1413.0,23.99,44.81,1012.04,322.3
1414.0,24.03,44.78,1012.26,321.4
1415.0,23.98,46.09,1012.34,319.4
1416.0,23.94,45.15,1012.35,319.1
1417.0,23.95,44.23,1012.61,324.9
1418.0,24.04,44.78,1012.41,322.5
1419.0,24.1,44.47,1012.24,317.9
1420.0,23.95,45.23,1012.41,319.3
1421.0,24.03,44.77,1012.64,323.9
1422.0,23.84,45.19,1012.38,320.5
1423.0,23.82,44.47,1012.38,322.2
1424.0,24.02,45.38,1012.59,315.6
1425.0,23.93,45.39,1012.01,321.4
1426.0,24.09,44.06,1012.34,322.5
1427.0,24.07,44.98,1012.15,316.1
1428.0,23.92,45.41,1012.45,316.5
1429.0,23.9,45.4,1012.49,322.0
1430.0,24.04,44.86,1012.41,318.9
1431.0,23.92,44.37,1012.32,322.4
1432.0,23.94,45.54,1012.6,320.3
1433.0,24.07,44.91,1012.59,323.3
1434.0,24.08,45.15,1012.38,319.9
1435.0,24.05,45.46,1012.41,320.3
1436.0,24.04,44.86,1012.65,322.9
1437.0,23.98,44.31,1012.32,318.7
1438.0,23.99,45.94,1012.32,314.0
1439.0,24.02,45.38,1012.34,319.8
1440.0,23.98,45.31,1012.55,322.0
1441.0,24.07,45.67,1012.32,321.3
1442.0,23.92,45.3,1012.27,324.0
1443.0,24.08,44.87,1012.62,318.6
1444.0,23.9,45.42,1012.47,319.3
1445.0,24.13,44.87,1012.48,317.9
1446.0,24.03,44.87,1012.29,319.5
1447.0,23.99,44.46,1012.45,323.8
1448.0,23.94,45.01,1012.47,328.3
1449.0,24.01,45.2,1012.39,319.8
1450.0,24.09,44.98,1012.27,320.8
1451.0,24.04,45.66,1012.45,317.4
1452.0,23.93,44.88,1012.7,320.0
1453.0,24.05,44.58,1012.37,319.4
1454.0,23.93,46.0,1012.62,319.4
1455.0,23.99,45.07,1012.24,314.8
1456.0,24.04,44.26,1011.98,318.3
1457.0,24.03,44.6,1012.32,321.2
1458.0,24.04,44.92,1012.31,318.3
1459.0,23.92,44.76,1012.54,322.5
1460.0,24.0,44.92,1012.35,314.9
1461.0,23.98,45.69,1012.5,315.1
1462.0,24.08,44.94,1012.39,319.8
1463.0,24.0,44.6,1012.55,322.9
1464.0,23.97,44.53,1012.17,319.8
1465.0,23.79,45.71,1012.22,317.8
1466.0,23.94,44.3,1012.39,317.2
1467.0,23.9,44.85,1012.32,320.7
1468.0,24.11,45.38,1012.56,320.8
1469.0,23.89,45.17,1012.58,316.8
1470.0,24.12,45.38,1012.59,322.9
1471.0,23.98,44.51,1012.21,316.7
1472.0,24.12,45.01,1012.63,319.2
1473.0,24.0,44.21,1012.42,320.8
1474.0,23.8,45.64,1012.39,318.1
1475.0,23.84,44.83,1012.06,319.9
1476.0,23.97,43.96,1012.34,325.7
1477.0,24.03,44.96,1012.18,323.2
1478.0,24.18,44.83,1012.35,318.9
1479.0,24.09,44.76,1012.57,322.8
1480.0,24.09,44.92,1012.42,317.7
1481.0,23.91,44.91,1012.7,321.3
1482.0,24.03,44.56,1012.41,319.7
1483.0,24.1,45.23,1012.41,320.2
1484.0,23.92,44.87,1012.4,319.7
1485.0,23.99,44.65,1012.51,319.9
1486.0,23.94,44.97,1012.5,318.0
1487.0,23.91,45.67,1012.45,318.0
1488.0,24.01,44.82,1012.16,321.4
1489.0,23.96,45.81,1012.24,321.7
1490.0,24.0,44.93,1012.43,321.4
1491.0,23.85,44.74,1012.61,320.3
1492.0,23.99,44.48,1012.63,319.1
1493.0,24.07,45.33,1012.41,321.0
1494.0,23.97,45.26,1012.53,320.2
1495.0,23.97,45.94,1012.47,317.2
1496.0,24.01,44.43,1012.15,318.5
1497.0,23.94,44.98,1012.59,322.4
1498.0,24.09,44.82,1012.4,322.2
1499.0,23.96,44.12,1012.49,317.9
1500.0,24.11,45.46,1012.5,316.2
1501.0,23.99,44.65,1012.64,320.1
1502.0,23.87,45.57,1012.57,322.2
1503.0,23.83,45.3,1012.51,316.8
1504.0,23.82,45.08,1012.69,316.3
1505.0,23.98,44.77,1012.57,321.1
1506.0,23.95,45.79,1012.37,318.4
1507.0,23.91,44.69,1012.57,324.4
1508.0,24.12,44.75,1012.09,319.7
1509.0,24.05,44.95,1012.15,321.8
1510.0,23.88,44.83,1012.23,318.8
1511.0,24.06,44.87,1012.46,320.0
1512.0,23.93,45.51,1012.59,315.9
1513.0,24.01,45.05,1012.42,319.5
1514.0,23.99,45.23,1012.52,317.8
1515.0,23.93,45.26,1012.13,318.0
1516.0,24.0,45.04,1012.34,320.4
1517.0,23.91,45.59,1012.31,321.3
1518.0,23.92,44.88,1012.5,315.9
1519.0,24.03,44.32,1012.31,317.3
1520.0,23.99,44.96,1012.42,315.8
1521.0,24.08,45.18,1012.53,316.8
1522.0,23.94,45.27,1012.43,320.8
1523.0,24.15,45.23,1012.44,319.8
1524.0,23.99,44.46,1012.1,318.4
1525.0,24.13,45.14,1012.53,320.0
1526.0,23.95,45.23,1012.45,316.5
1527.0,23.92,45.05,1012.49,324.6
1528.0,24.0,44.86,1012.36,321.8
1529.0,24.0,44.61,1012.51,318.4
1530.0,24.01,45.2,1012.22,317.0
1531.0,23.86,45.23,1012.47,314.7
1532.0,24.13,45.42,1012.26,320.0
1533.0,24.09,45.38,1012.18,314.9
1534.0,23.9,45.01,1012.31,320.3
1535.0,23.92,44.57,1012.48,318.2
1536.0,23.99,44.71,1012.55,319.7
1537.0,23.98,45.07,1012.32,326.1
1538.0,24.04,45.55,1012.28,318.9
1539.0,23.89,44.94,1012.5,319.2
1540.0,23.93,45.17,1012.28,320.4
1541.0,23.92,44.86,1012.01,319.4
1542.0,24.08,45.19,1012.21,323.3
1543.0,23.96,44.76,1012.53,323.4
1544.0,23.97,45.54,1012.27,316.2
1545.0,23.96,44.46,1012.45,320.5
1546.0,23.94,45.11,1012.59,320.9
1547.0,23.96,45.36,1012.59,318.3
1548.0,23.97,45.16,1012.22,318.2
1549.0,24.07,44.99,1012.36,323.2
1550.0,24.18,45.45,1012.27,319.3
1551.0,24.0,45.19,1012.45,325.8
1552.0,23.95,44.87,1012.35,322.5
1553.0,24.02,44.49,1012.56,325.2
1554.0,24.03,45.18,1012.32,320.2
1555.0,24.01,44.44,1012.39,319.1
1556.0,24.01,45.44,1012.66,320.6
1557.0,23.96,45.43,1012.23,321.8
1558.0,23.91,44.4,1012.17,316.6
1559.0,24.11,45.32,1012.25,322.4
1560.0,23.95,44.93,1012.37,319.6
1561.0,23.86,44.92,1012.58,318.0
1562.0,24.05,44.64,1012.34,319.3
1563.0,23.99,45.13,1012.5,314.7
1564.0,24.11,45.4,1012.53,320.2
1565.0,24.01,45.4,1012.36,319.9
1566.0,23.95,45.07,1012.31,325.3
1567.0,23.95,44.98,1012.18,316.7
1568.0,24.09,44.46,1012.45,316.5
1569.0,23.89,44.96,1012.43,320.2
1570.0,24.13,45.04,1012.65,323.8
1571.0,24.13,45.4,1012.55,323.6
1572.0,23.92,44.98,1012.34,320.2
1573.0,24.01,44.86,1012.37,320.6
1574.0,24.04,45.32,1012.63,320.2
1575.0,24.03,45.25,1012.55,319.1
1576.0,23.96,45.52,1012.31,321.6
1577.0,24.14,44.43,1012.65,321.5
1578.0,23.8,45.2,1012.7,322.0
1579.0,24.06,45.68,1012.34,321.3
1580.0,23.99,44.63,1012.58,318.2
1581.0,24.05,44.01,1012.34,314.8
1582.0,24.11,44.85,1012.09,321.0
1583.0,23.93,45.07,1012.34,323.8
1584.0,24.03,44.61,1012.41,315.4
1585.0,24.07,44.66,1012.3,318.5
1586.0,24.11,44.68,1012.42,322.4
1587.0,23.98,44.29,1012.44,317.3
1588.0,24.07,44.68,1012.48,322.6
1589.0,23.95,45.57,1012.64,320.2
1590.0,23.94,45.29,1012.38,314.9
1591.0,23.93,44.21,1012.45,319.4
1592.0,24.04,44.88,1012.33,320.0
1593.0,24.13,45.41,1012.56,318.4
1594.0,24.08,45.06,1012.73,320.2
1595.0,23.95,44.69,1012.51,318.7
1596.0,24.1,44.19,1012.36,320.0
1597.0,23.96,44.84,1012.34,319.3
1598.0,24.11,45.43,1012.38,318.6
1599.0,24.04,44.65,1012.31,320.3
1600.0,23.96,45.59,1012.39,326.8
1601.0,24.0,44.88,1012.58,321.5
1602.0,23.91,45.05,1012.17,320.2
1603.0,23.99,44.42,1012.56,321.4
1604.0,23.91,44.63,1012.18,317.4
1605.0,24.04,45.45,1012.55,324.5
1606.0,23.92,45.29,1012.31,323.1
1607.0,23.94,45.06,1012.26,323.3
1608.0,24.07,45.06,1012.27,319.6
1609.0,24.09,45.84,1012.28,323.8
1610.0,24.04,44.88,1012.4,320.2
1611.0,23.89,44.65,1012.48,318.5
1612.0,23.95,45.25,1012.23,321.9
1613.0,24.11,44.36,1012.3,320.8
1614.0,23.94,44.7,1012.55,314.7
1615.0,23.99,44.82,1012.39,324.6
1616.0,24.07,45.03,1012.15,322.4
1617.0,24.03,44.7,1012.37,318.9
1618.0,24.01,45.12,1012.44,323.3
1619.0,23.9,45.15,1012.31,325.0
1620.0,24.08,45.04,1012.41,318.5
1621.0,24.02,44.71,1012.61,321.0
1622.0,23.94,44.82,1012.47,318.3
1623.0,24.02,44.21,1012.5,325.2
1624.0,24.11,45.28,1012.27,319.8
1625.0,24.08,44.67,1012.4,324.9
1626.0,23.97,44.9,1012.3,317.6
1627.0,23.98,44.69,1012.38,319.5
1628.0,24.04,45.33,1012.21,319.8
1629.0,24.02,44.77,1012.21,322.5
1630.0,24.07,44.92,1012.32,316.9
1631.0,24.08,45.57,1012.34,321.4
1632.0,24.06,45.74,1012.26,323.6
1633.0,24.04,44.69,1012.45,316.7
1634.0,24.01,44.77,1012.3,323.7
1635.0,23.98,45.07,1012.47,316.2
1636.0,24.06,45.13,1012.06,328.2
1637.0,23.98,44.73,1012.57,320.8
1638.0,24.0,45.08,1012.51,320.3
1639.0,23.93,45.53,1012.6,321.5
1640.0,23.99,45.08,1012.38,319.8
1641.0,23.97,45.05,1012.49,320.6
1642.0,23.92,44.98,1012.0,324.5
1643.0,24.07,44.99,1012.38,321.2
1644.0,23.95,45.13,1012.56,327.0
1645.0,23.91,45.41,1012.38,321.9
1646.0,24.02,44.96,1012.38,315.6
1647.0,24.08,44.67,1012.02,314.3
1648.0,23.94,45.02,1012.04,315.4
1649.0,24.02,44.68,1012.66,322.2
1650.0,23.91,44.84,1012.86,324.1
1651.0,24.0,45.49,1012.33,318.2
1652.0,23.95,45.09,1012.41,317.8
1653.0,24.04,45.17,1012.33,318.7
1654.0,24.02,45.72,1012.44,318.1
1655.0,24.03,44.97,1012.7,323.0
1656.0,24.18,44.93,1012.29,320.8
1657.0,23.8,45.16,1011.93,323.4
1658.0,24.0,45.71,1012.64,322.9
1659.0,24.02,45.35,1012.4,324.8
1660.0,23.96,45.43,1012.24,324.8
1661.0,23.95,44.37,1012.56,318.0
1662.0,23.89,45.31,1012.51,319.8
1663.0,23.98,44.74,1012.5,321.1
1664.0,23.95,45.37,1012.46,319.6
1665.0,24.0,45.58,1012.68,322.7
1666.0,23.98,46.09,1012.51,318.2
1667.0,23.99,45.83,1012.53,326.3
1668.0,24.02,44.71,1012.42,316.5
1669.0,24.07,44.52,1012.65,316.9
1670.0,24.14,45.53,1012.02,316.0
1671.0,24.02,44.41,1012.43,315.9
1672.0,24.1,45.66,1012.4,316.4
1673.0,24.02,45.68,1012.39,323.2
1674.0,24.02,45.11,1012.23,320.4
1675.0,23.99,44.65,1012.57,314.5
1676.0,23.97,44.85,1012.55,319.0
1677.0,23.97,44.67,1012.26,321.7
1678.0,23.95,44.67,1012.43,317.8
1679.0,24.1,45.27,1012.38,318.6
1680.0,23.95,45.04,1012.42,317.7
1681.0,23.87,45.87,1012.37,318.3
1682.0,23.95,45.77,1012.4,318.4
1683.0,24.03,45.06,1012.31,322.3
1684.0,24.04,45.11,1012.22,320.5
1685.0,24.0,45.29,1012.32,315.2
1686.0,24.0,45.11,1012.36,315.3
1687.0,23.85,44.74,1012.51,313.7
1688.0,24.01,45.14,1012.53,318.6
1689.0,24.01,44.91,1012.22,318.7
1690.0,24.03,45.37,1012.36,322.5
1691.0,23.99,44.59,1012.26,323.6
1692.0,23.97,45.02,1012.41,320.8
1693.0,23.93,45.42,1012.55,317.0
1694.0,24.01,45.05,1012.24,319.1
1695.0,24.0,45.45,1012.3,322.3
1696.0,23.98,45.37,1012.42,319.4
1697.0,23.94,45.13,1012.58,318.8
1698.0,23.9,45.1,1012.46,319.2
1699.0,24.0,44.99,1012.4,317.9
1700.0,23.85,45.58,1012.77,316.7
1701.0,24.0,45.29,1012.45,321.8
1702.0,23.9,45.04,1012.58,319.3
1703.0,23.96,45.41,1012.51,318.0
1704.0,24.11,44.68,1012.39,314.9
1705.0,23.92,44.79,1012.52,326.6
1706.0,24.02,44.79,1012.51,326.0
1707.0,23.92,45.03,1012.45,318.0
1708.0,23.92,45.16,1012.4,321.9
1709.0,23.9,44.78,1012.57,318.8
1710.0,23.9,44.35,1012.41,315.7
1711.0,23.91,45.46,1012.26,324.5
1712.0,24.01,45.52,1012.49,322.2
1713.0,24.11,44.16,1012.36,320.8
1714.0,24.02,44.26,1012.4,321.4
1715.0,23.92,44.58,1012.19,319.7
1716.0,24.12,45.19,1012.58,320.6
1717.0,24.03,44.33,1012.63,325.5
1718.0,24.12,44.4,1012.37,318.1
1719.0,24.03,44.97,1012.48,323.2
1720.0,24.05,44.71,1012.46,322.4
1721.0,23.96,45.09,1012.42,318.3
1722.0,23.95,45.48,1012.4,322.1
1723.0,24.05,45.26,1012.5,320.5
1724.0,24.05,44.93,1012.25,318.9
1725.0,23.88,44.43,1012.31,318.2
1726.0,24.12,45.3,1012.16,316.9
1727.0,24.0,45.18,1012.15,321.8
1728.0,24.04,44.38,1012.08,319.9
1729.0,24.07,44.41,1012.69,319.0
1730.0,24.09,44.55,1012.21,319.8
1731.0,23.89,45.63,1012.54,317.8
1732.0,23.98,44.73,1012.62,322.4
1733.0,24.04,44.05,1012.43,320.0
1734.0,24.08,45.66,1012.18,318.5
1735.0,24.0,44.74,1012.49,322.1
1736.0,24.13,46.04,1012.19,319.6
1737.0,24.07,45.6,1012.24,317.7
1738.0,24.0,45.09,1012.28,318.1
1739.0,24.03,45.11,1012.12,322.7
1740.0,23.97,45.01,1012.41,322.3
1741.0,23.94,44.53,1012.35,319.8
1742.0,23.93,45.49,1012.35,319.9
1743.0,24.07,45.18,1012.53,316.9
1744.0,23.97,45.19,1012.6,321.4
1745.0,24.1,44.76,1012.47,318.0
1746.0,24.03,45.32,1012.41,321.4
1747.0,24.1,45.09,1012.28,319.7
1748.0,23.89,45.35,1012.41,320.2
1749.0,24.01,44.98,1012.53,318.5
1750.0,24.11,44.41,1012.44,319.7
1751.0,23.92,44.64,1012.57,317.7
1752.0,23.98,45.73,1012.14,315.9
1753.0,24.23,45.86,1012.37,316.0
1754.0,23.99,46.07,1012.32,315.2
1755.0,24.02,45.12,1012.37,319.4
1756.0,24.04,44.64,1012.38,321.3
1757.0,24.1,45.26,1012.43,318.6
1758.0,24.07,45.2,1012.29,316.2
1759.0,23.86,45.45,1012.08,321.2
1760.0,24.1,45.45,1012.56,320.0
1761.0,23.95,45.02,1012.34,323.6
1762.0,23.98,44.96,1012.37,318.5
1763.0,23.99,45.13,1012.4,318.1
1764.0,24.06,44.84,1012.53,318.8
1765.0,24.03,44.61,1012.39,317.9
1766.0,24.03,44.93,1012.12,319.8
1767.0,23.89,45.29,1012.34,318.9
1768.0,24.05,44.79,1012.37,321.0
1769.0,24.02,44.59,1012.54,320.6
1770.0,23.95,45.55,1012.46,317.5
1771.0,23.99,44.93,1012.29,322.1
1772.0,24.03,44.62,1012.34,322.0
1773.0,24.04,45.14,1012.19,322.4
1774.0,24.06,45.27,1012.37,323.1
1775.0,23.85,45.26,1012.42,322.9
1776.0,24.14,45.29,1012.59,318.7
1777.0,23.93,45.16,1012.24,327.7
1778.0,24.05,45.7,1012.65,319.5
1779.0,24.03,45.19,1012.4,319.5
1780.0,24.03,45.63,1012.33,315.4
1781.0,23.92,44.84,1012.15,316.2
1782.0,23.78,44.83,1012.31,319.9
1783.0,23.87,44.36,1012.18,318.2
1784.0,23.86,44.71,1012.38,322.0
1785.0,24.04,45.19,1012.19,318.1
1786.0,23.94,44.85,1012.57,322.1
1787.0,23.9,45.09,1012.15,328.0
1788.0,24.09,44.58,1012.29,314.6
1789.0,23.96,44.58,1012.41,316.0
1790.0,24.08,44.71,1012.58,321.6
1791.0,24.03,44.76,1012.47,319.1
1792.0,24.1,45.17,1012.62,316.3
1793.0,23.85,44.9,1012.38,320.7
1794.0,23.94,45.32,1012.4,319.0
1795.0,23.94,45.32,1012.09,317.6
1796.0,24.03,45.66,1012.11,320.8
1797.0,24.11,44.65,1012.32,314.4
1798.0,23.97,45.25,1012.48,322.8
1799.0,23.94,44.82,1012.63,322.1
1800.0,24.04,44.61,1012.19,316.2
1801.0,23.99,45.38,1012.39,314.0
1802.0,24.12,44.79,1012.58,318.0
1803.0,24.07,44.67,1012.33,319.0
1804.0,23.84,45.38,1012.23,319.7
1805.0,24.0,44.74,1012.36,326.1
1806.0,23.93,45.21,1012.45,321.1
1807.0,24.0,45.48,1012.35,324.9
1808.0,23.83,44.91,1012.27,316.8
1809.0,24.05,44.46,1012.46,318.4
1810.0,24.01,44.66,1012.24,321.7
1811.0,23.95,45.24,1012.15,317.0
1812.0,24.01,45.22,1012.44,321.9
1813.0,24.04,45.72,1012.17,324.5
1814.0,24.08,45.42,1012.42,318.1
1815.0,24.11,44.38,1012.41,318.0
1816.0,24.05,45.32,1012.35,322.4
1817.0,23.9,45.33,1012.34,316.8
1818.0,24.16,44.32,1012.43,327.7
1819.0,23.97,44.83,1012.45,325.7
1820.0,24.09,45.11,1012.66,321.9
1821.0,24.08,44.9,1012.46,315.9
1822.0,23.96,44.96,1012.5,324.8
1823.0,24.02,44.83,1012.33,321.4
1824.0,24.05,44.69,1012.58,317.9
1825.0,24.15,44.38,1012.42,318.7
1826.0,23.98,45.42,1012.5,325.1
1827.0,24.07,45.45,1012.54,323.4
1828.0,23.99,44.2,1012.43,316.8
1829.0,24.1,45.29,1012.52,321.3
1830.0,23.94,45.81,1012.49,319.5
1831.0,23.89,44.47,1012.37,318.9
1832.0,23.84,45.48,1012.52,318.7
1833.0,24.06,45.06,1012.34,321.9
1834.0,23.97,45.09,1012.53,318.7
1835.0,24.08,45.16,1012.47,316.7
1836.0,23.94,45.07,1012.35,319.2
1837.0,23.98,45.57,1012.31,314.7
1838.0,23.94,45.08,1012.42,320.6
1839.0,24.24,44.96,1012.34,318.7
1840.0,23.91,45.29,1012.51,317.7
1841.0,24.02,44.14,1012.29,319.4
1842.0,24.07,44.36,1012.45,320.9
1843.0,24.01,45.27,1012.54,317.3
1844.0,24.0,45.1,1012.29,323.0
1845.0,24.07,45.4,1012.38,317.7
1846.0,24.07,45.14,1012.37,321.7
1847.0,23.91,45.18,1012.33,315.4
1848.0,24.01,44.35,1012.22,318.2
1849.0,24.06,45.0,1012.63,324.0
1850.0,23.98,44.23,1012.43,320.5
1851.0,24.04,45.25,1012.59,324.2
1852.0,23.9,44.35,1012.11,316.4
1853.0,23.97,44.88,1012.55,316.5
1854.0,24.03,44.99,1012.23,317.4
1855.0,24.12,45.18,1012.27,321.7
1856.0,23.87,45.21,1012.41,324.5
1857.0,24.11,44.73,1012.67,319.4
1858.0,23.9,44.86,1012.45,325.2
1859.0,23.91,44.67,1012.27,319.1
1860.0,23.96,44.69,1012.2,316.7
1861.0,24.78,42.39,1012.5,322.5
1862.0,25.48,38.93,1012.23,316.2
1863.0,26.41,35.83,1012.44,313.4
1864.0,27.0,32.6,1012.38,325.7
1865.0,27.7,29.86,1012.41,315.3
1866.0,28.54,26.76,1012.43,324.6
1867.0,28.51,27.58,1012.43,321.3
1868.0,28.39,26.99,1012.23,320.1
1869.0,28.46,27.38,1012.41,318.7
1870.0,28.59,26.98,1012.36,317.8
1871.0,28.48,26.77,1012.28,314.4
1872.0,28.5,26.97,1012.36,321.2
1873.0,28.46,27.44,1012.47,325.4
1874.0,28.67,26.61,1012.41,314.9
1875.0,28.51,27.03,1012.4,326.8
1876.0,28.74,27.84,1012.25,321.8
1877.0,28.46,26.75,1012.45,321.7
1878.0,28.47,26.71,1012.35,322.9
1879.0,28.6,26.57,1012.44,318.1
1880.0,28.67,26.51,1012.65,320.3
1881.0,28.6,27.18,1012.1,321.5
1882.0,28.63,27.51,1012.47,321.5
1883.0,28.57,26.93,1012.44,316.2
1884.0,28.6,27.35,1012.62,321.3
1885.0,28.47,27.06,1012.57,316.8
1886.0,28.37,27.18,1012.22,320.6
1887.0,28.61,26.43,1012.38,313.9
1888.0,28.34,26.69,1012.2,316.1
1889.0,28.56,26.96,1012.4,321.2
1890.0,28.49,26.05,1012.22,322.1
1891.0,28.51,26.72,1012.4,319.6
1892.0,28.4,26.91,1012.29,318.8
1893.0,28.44,26.86,1012.75,316.5
1894.0,28.6,27.04,1012.39,317.0
1895.0,28.56,27.3,1012.21,312.1
1896.0,28.5,26.83,1012.5,323.7
1897.0,28.59,26.73,1012.11,321.7
1898.0,28.51,26.2,1012.54,321.9
1899.0,28.43,27.01,1012.34,322.6
1900.0,28.59,26.99,1012.34,315.2
1901.0,28.53,26.85,1012.45,322.5
1902.0,28.42,25.97,1012.21,326.0
1903.0,28.41,27.46,1012.49,317.1
1904.0,28.57,27.26,1012.46,315.2
1905.0,28.66,26.51,1012.64,325.2
1906.0,28.46,27.52,1012.52,321.5
1907.0,28.42,26.62,1012.49,319.6
1908.0,28.52,26.66,1012.7,317.8
1909.0,28.52,26.68,1012.42,318.8
1910.0,28.54,27.07,1012.18,319.2
1911.0,28.45,26.95,1012.5,324.7
1912.0,28.5,27.27,1012.49,320.7
1913.0,28.34,27.24,1012.39,317.4
1914.0,28.47,27.48,1012.34,319.0
1915.0,28.47,27.6,1012.15,319.3
1916.0,28.53,26.98,1012.58,318.4
1917.0,28.55,26.32,1012.21,320.2
1918.0,28.44,27.58,1012.22,324.3
1919.0,28.46,26.01,1012.37,322.3
1920.0,28.49,27.31,1012.32,319.2
1921.0,28.55,26.76,1012.22,319.5
1922.0,28.39,26.47,1012.56,322.3
1923.0,28.52,27.54,1012.52,318.9
1924.0,28.49,26.81,1012.41,314.7
1925.0,28.53,26.1,1012.74,319.5
1926.0,28.58,26.67,1012.47,319.8
1927.0,28.5,27.41,1012.15,318.2
1928.0,28.58,26.49,1012.38,318.8
1929.0,28.31,26.71,1012.07,317.4
1930.0,28.45,27.32,1012.31,317.6
1931.0,28.44,26.55,1012.4,322.4
1932.0,28.48,26.86,1012.64,314.4
1933.0,28.65,26.41,1012.4,317.8
1934.0,28.46,26.43,1012.25,324.0
1935.0,28.5,27.16,1012.48,317.9
1936.0,28.39,26.85,1012.48,318.6
1937.0,28.49,26.88,1012.27,322.7
1938.0,28.39,28.2,1012.3,322.4
1939.0,28.56,26.68,1012.52,315.8
1940.0,28.53,26.54,1012.29,318.4
1941.0,28.44,27.06,1012.5,319.5
1942.0,28.48,26.31,1012.73,321.0
1943.0,28.62,26.39,1012.27,319.5
1944.0,28.41,26.88,1012.32,319.0
1945.0,28.7,26.61,1012.31,325.4
1946.0,28.45,26.7,1012.24,319.2
1947.0,28.5,26.88,1012.41,319.0
1948.0,28.43,27.23,1012.27,321.5
1949.0,28.49,27.73,1012.29,323.4
1950.0,28.43,26.72,1012.59,321.8
1951.0,28.46,27.06,1012.8,320.2
1952.0,28.61,27.54,1012.53,320.4
1953.0,28.54,26.94,1012.62,319.6
1954.0,28.39,26.9,1012.11,318.3
1955.0,28.56,26.21,1012.56,322.3
1956.0,28.52,27.1,1012.63,316.5
1957.0,28.6,26.17,1012.34,322.6
1958.0,28.52,26.74,1012.76,322.2
1959.0,28.53,27.45,1012.32,325.9
1960.0,28.46,27.48,1012.22,319.3
1961.0,28.55,26.16,1012.13,317.4
1962.0,28.33,27.07,1012.42,316.8
1963.0,28.48,27.35,1012.18,321.3
1964.0,28.37,27.12,1012.27,322.6
1965.0,28.47,27.36,1012.51,319.9
1966.0,28.44,27.06,1012.56,320.0
1967.0,28.4,26.96,1012.35,320.7
1968.0,28.44,27.49,1012.29,319.9
1969.0,28.33,27.73,1012.45,320.4
1970.0,28.15,28.24,1012.49,322.1
1971.0,28.05,28.55,1012.46,320.4
1972.0,28.0,28.77,1012.48,321.9
1973.0,27.92,29.03,1012.31,320.5
1974.0,27.87,29.78,1012.49,317.7
1975.0,27.77,29.32,1012.26,318.7
1976.0,27.93,30.12,1012.35,322.4
1977.0,27.64,30.86,1012.61,316.7
1978.0,27.52,30.55,1012.59,320.9
1979.0,27.63,31.04,1012.72,323.2
1980.0,27.63,31.25,1012.27,316.3
1981.0,27.4,32.0,1012.27,325.5
1982.0,27.2,31.32,1012.18,322.4
1983.0,27.2,32.19,1012.38,317.6
1984.0,27.15,32.74,1012.46,316.5
1985.0,27.02,33.32,1012.45,318.4
1986.0,26.88,32.99,1012.35,318.8
1987.0,27.01,33.12,1012.63,320.9
1988.0,26.9,33.84,1012.45,321.1
1989.0,26.82,33.67,1012.35,319.6
1990.0,26.64,34.22,1012.53,310.5
1991.0,26.69,34.4,1012.24,321.5
1992.0,26.71,35.29,1012.32,314.5
1993.0,26.61,35.77,1012.6,322.8
1994.0,26.48,35.76,1012.41,317.0
1995.0,26.33,36.33,1012.33,317.2
1996.0,26.11,36.66,1012.21,321.9
1997.0,26.11,36.19,1012.53,327.1
1998.0,26.19,36.89,1012.35,323.5
1999.0,26.03,36.7,1012.46,322.8
2000.0,25.99,36.73,1012.38,321.8
2001.0,25.92,37.34,1012.41,321.5
2002.0,25.86,37.58,1012.37,325.0
2003.0,25.65,38.25,1012.55,322.4
2004.0,25.6,38.08,1012.47,312.8
2005.0,25.64,39.47,1012.35,319.8
2006.0,25.62,38.95,1012.61,322.6
2007.0,25.49,39.12,1012.42,321.9
2008.0,25.26,39.19,1012.58,317.2
2009.0,25.18,39.72,1012.46,316.4
2010.0,25.22,40.62,1012.27,318.1
2011.0,25.11,40.85,1012.56,321.7
2012.0,25.01,41.43,1012.34,317.9
2013.0,24.95,41.57,1012.33,317.4
2014.0,24.83,41.03,1012.4,319.4
2015.0,24.78,41.62,1012.58,322.8
2016.0,24.79,42.39,1012.41,320.2
2017.0,24.67,43.0,1012.39,324.5
2018.0,24.68,42.91,1012.17,324.2
2019.0,24.43,42.74,1012.33,323.1
2020.0,24.43,42.4,1012.43,318.3
2021.0,24.29,43.55,1012.33,316.2
2022.0,24.38,43.61,1012.21,317.4
2023.0,24.2,44.09,1012.47,320.5
2024.0,24.21,44.47,1012.65,319.0
2025.0,24.25,44.86,1012.48,319.0
2026.0,23.97,44.61,1012.59,319.1
2027.0,23.97,45.16,1012.33,319.6
2028.0,24.03,46.08,1012.37,322.8
2029.0,24.1,45.21,1012.26,322.7
2030.0,24.04,44.5,1012.83,319.2
2031.0,23.98,45.35,1012.44,322.7
2032.0,24.16,45.44,1012.39,317.5
2033.0,24.02,45.6,1012.34,322.3
2034.0,24.1,45.18,1012.31,318.4
2035.0,23.94,45.03,1012.33,320.6
2036.0,24.07,44.77,1012.59,326.5
2037.0,23.9,44.48,1012.4,318.0
2038.0,23.93,45.24,1012.23,323.8
2039.0,23.9,44.6,1012.66,321.5
2040.0,23.99,44.87,1012.19,322.1
2041.0,24.05,44.52,1012.5,320.7
2042.0,23.96,44.6,1012.35,322.5
2043.0,23.92,44.48,1012.51,322.5
2044.0,24.09,45.03,1012.6,316.8
2045.0,24.04,44.89,1012.46,320.0
2046.0,24.08,45.31,1012.43,317.9
2047.0,23.93,45.08,1012.65,322.3
2048.0,24.22,44.57,1012.38,318.6
2049.0,23.9,44.07,1012.48,320.3
2050.0,23.94,45.46,1012.48,323.0
2051.0,23.93,45.39,1012.6,323.4
2052.0,23.95,44.89,1012.23,317.0
2053.0,23.93,45.23,1012.4,318.8
2054.0,23.94,44.99,1012.43,319.8
2055.0,24.0,44.94,1012.54,320.4
2056.0,23.98,45.4,1012.39,323.2
2057.0,23.9,44.66,1012.57,324.7
2058.0,23.99,44.63,1012.32,320.1
2059.0,24.01,44.78,1012.26,312.7
2060.0,23.96,44.29,1012.48,322.6
2061.0,23.93,44.82,1012.4,313.6
2062.0,23.75,44.87,1012.4,320.2
2063.0,23.89,45.1,1012.51,319.4
2064.0,23.99,45.18,1012.29,318.8
2065.0,23.97,45.11,1012.37,317.9
2066.0,23.96,44.53,1012.01,324.1
2067.0,24.03,45.39,1012.44,315.9
2068.0,23.98,44.98,1012.49,316.9
2069.0,24.1,45.35,1012.25,317.6
2070.0,24.01,45.46,1012.59,323.1
2071.0,23.87,44.66,1012.33,320.5
2072.0,24.15,44.87,1012.59,320.8
2073.0,24.03,45.07,1012.5,323.6
2074.0,24.07,44.85,1012.6,314.3
2075.0,23.88,44.58,1012.39,321.9
2076.0,23.93,44.34,1012.5,319.1
2077.0,23.86,44.92,1012.45,316.3
2078.0,24.07,44.97,1012.42,323.9
2079.0,23.94,45.75,1012.61,321.9
2080.0,24.13,45.04,1012.42,321.5
2081.0,23.94,45.59,1012.01,318.3
2082.0,24.03,44.72,1012.65,316.9
2083.0,24.0,44.99,1012.32,315.3
2084.0,24.14,44.96,1012.5,320.3
2085.0,24.12,45.08,1012.45,317.7
2086.0,23.98,44.53,1012.18,323.3
2087.0,23.99,45.27,1012.43,319.9
2088.0,23.93,44.28,1012.53,324.7
2089.0,24.02,45.01,1012.41,322.8
2090.0,24.02,45.35,1012.42,319.6
2091.0,23.96,45.35,1012.39,322.6
2092.0,24.08,44.99,1012.21,322.4
2093.0,23.95,44.55,1012.31,316.4
2094.0,24.03,45.3,1012.51,320.3
2095.0,23.99,45.51,1012.3,322.6
2096.0,24.05,44.88,1012.42,320.6
2097.0,23.94,44.78,1012.5,320.5
2098.0,23.93,45.38,1012.71,314.2
2099.0,23.93,45.41,1012.37,322.0
2100.0,23.93,44.65,1012.38,314.2
2101.0,23.88,44.62,1012.35,314.9
2102.0,24.0,44.47,1012.35,328.1
2103.0,24.12,45.23,1012.23,322.1
2104.0,24.05,45.1,1012.39,322.2
2105.0,23.98,45.05,1012.21,321.6
2106.0,24.02,44.61,1012.37,317.6
2107.0,24.06,45.24,1012.31,315.5
2108.0,23.91,44.44,1012.39,321.4
2109.0,24.06,44.65,1012.84,317.3
2110.0,23.88,45.07,1012.32,318.6
2111.0,23.94,44.89,1012.46,322.6
2112.0,24.04,44.76,1012.48,318.6
2113.0,24.01,44.48,1012.35,319.4
2114.0,24.04,44.51,1012.56,322.6
2115.0,24.08,45.55,1012.36,322.7
2116.0,23.88,44.7,1012.46,320.8
2117.0,23.88,45.17,1012.34,319.2
2118.0,24.0,45.04,1012.59,318.9
2119.0,23.96,44.81,1012.31,311.9
2120.0,24.02,45.22,1012.48,313.5
2121.0,23.94,44.83,1012.46,323.9
2122.0,23.96,44.39,1012.5,315.1
2123.0,23.95,44.73,1012.48,325.1
2124.0,24.07,44.74,1012.55,324.4
2125.0,24.02,44.98,1012.39,321.9
2126.0,24.05,45.11,1012.35,320.4
2127.0,23.99,44.44,1012.35,314.2
2128.0,23.82,45.01,1012.37,322.0
2129.0,24.01,44.37,1012.34,320.6
2130.0,23.93,45.21,1012.34,323.3
2131.0,24.02,45.38,1012.29,319.9
2132.0,24.04,45.52,1011.97,320.1
2133.0,24.05,44.49,1012.4,321.8
2134.0,24.1,45.62,1012.23,317.1
2135.0,24.04,44.59,1012.42,321.2
2136.0,24.0,44.84,1012.7,325.4
2137.0,24.0,45.43,1012.69,322.2
2138.0,23.8,44.26,1012.41,320.9
2139.0,24.06,44.3,1012.35,319.0
2140.0,24.08,44.81,1012.26,322.0
2141.0,24.17,45.86,1012.25,320.7
2142.0,24.04,45.27,1012.72,316.7
2143.0,24.04,45.04,1012.44,318.2
2144.0,24.14,45.15,1012.57,315.7
2145.0,23.97,44.03,1012.32,311.4
2146.0,24.08,44.73,1012.5,317.7
2147.0,24.08,45.53,1012.46,318.7
2148.0,24.03,44.08,1012.28,320.5
2149.0,23.94,45.77,1012.33,324.4
2150.0,23.93,45.47,1012.27,320.5
2151.0,23.95,45.17,1012.44,323.4
2152.0,23.93,44.97,1012.43,319.8
2153.0,24.0,44.8,1012.28,317.9
2154.0,24.1,44.46,1012.63,319.7
2155.0,23.96,44.23,1012.19,319.2
2156.0,24.08,45.06,1012.53,321.2
2157.0,24.04,45.39,1012.2,320.3
2158.0,24.01,45.66,1012.64,322.7
2159.0,24.1,44.62,1012.17,320.2
2160.0,24.0,45.52,1012.31,315.1
2161.0,23.94,44.83,1012.09,322.4
2162.0,24.16,45.83,1012.24,321.8
2163.0,23.96,44.82,1012.63,323.5
2164.0,24.02,45.01,1012.36,321.7
2165.0,23.96,44.46,1012.22,309.4
2166.0,23.92,44.83,1012.4,317.8
2167.0,23.89,45.15,1012.43,320.3
2168.0,24.04,44.24,1012.41,317.4
2169.0,23.97,45.52,1012.68,319.6
2170.0,23.94,44.51,1012.36,322.9
2171.0,23.97,44.45,1012.38,317.5
2172.0,23.99,45.04,1012.31,321.3
2173.0,24.01,44.85,1012.5,316.1
2174.0,23.85,44.81,1012.34,320.8
2175.0,24.07,44.87,1011.97,321.9
2176.0,23.95,45.02,1012.19,322.6
2177.0,23.9,45.2,1012.42,314.8
2178.0,24.02,45.63,1012.24,324.2
2179.0,23.93,44.52,1012.21,322.2
2180.0,24.08,45.16,1012.25,321.1
2181.0,23.89,44.81,1012.15,323.7
2182.0,23.81,44.65,1012.53,323.7
2183.0,23.94,44.43,1012.2,316.8
2184.0,24.01,44.59,1012.47,320.2
2185.0,23.93,45.08,1012.42,322.5
2186.0,23.98,45.47,1012.33,313.5
2187.0,23.97,45.77,1012.33,323.9
2188.0,24.05,45.15,1012.39,316.5
2189.0,24.1,45.13,1012.45,321.9
2190.0,24.0,45.23,1012.22,319.1
2191.0,24.06,45.3,1012.57,318.2
2192.0,24.04,44.79,1012.53,315.7
2193.0,24.04,45.66,1012.38,323.2
2194.0,24.09,44.89,1012.65,317.2
2195.0,24.0,44.77,1012.38,318.5
2196.0,23.92,44.8,1012.3,314.3
2197.0,23.97,45.01,1012.19,323.2
2198.0,24.0,45.12,1012.5,327.3
2199.0,23.85,45.33,1012.25,315.4
2200.0,24.05,44.79,1012.33,320.7
2201.0,24.05,44.37,1012.29,319.8
2202.0,24.11,45.19,1012.45,320.4
2203.0,23.97,44.92,1012.49,317.6
2204.0,24.02,45.05,1012.23,320.1
2205.0,24.07,45.3,1012.67,321.5
2206.0,24.01,44.46,1012.44,320.6
2207.0,24.04,44.97,1012.31,323.7
2208.0,23.91,45.75,1012.34,316.0
2209.0,23.97,44.3,1012.46,316.8
2210.0,24.05,45.33,1012.37,320.7
2211.0,23.89,45.39,1012.37,320.5
2212.0,24.04,43.92,1012.4,323.4
2213.0,23.96,45.2,1012.24,320.6
2214.0,24.06,45.33,1012.66,320.2
2215.0,23.82,45.22,1012.69,319.5
2216.0,23.98,44.9,1012.33,319.9
2217.0,24.05,44.31,1012.43,316.5
2218.0,23.93,44.55,1012.16,319.9
2219.0,23.98,45.35,1012.35,320.0
2220.0,24.03,45.06,1012.17,317.4
2221.0,24.06,44.98,1012.49,318.5
2222.0,23.95,44.5,1012.48,318.8
2223.0,23.86,44.67,1012.31,326.5
2224.0,23.96,44.58,1012.43,316.6
2225.0,24.01,44.85,1012.2,320.8
2226.0,23.91,44.97,1012.29,321.6
2227.0,23.99,45.18,1012.18,316.4
2228.0,23.88,44.9,1012.37,320.4
2229.0,24.03,45.64,1012.39,316.5
2230.0,24.01,44.95,1012.4,322.5
2231.0,23.98,45.68,1012.45,320.0
2232.0,23.92,45.24,1012.59,322.1
2233.0,23.99,45.23,1012.42,319.9
2234.0,24.07,44.46,1012.14,317.9
2235.0,24.0,44.77,1012.34,319.7
2236.0,24.01,44.6,1012.34,319.7
2237.0,24.06,46.0,1012.3,320.6
2238.0,24.11,44.44,1012.45,319.4
2239.0,24.01,45.0,1012.33,320.3
2240.0,24.12,45.0,1012.36,320.1
2241.0,23.71,44.88,1012.45,327.0
2242.0,23.91,44.34,1012.53,323.1
2243.0,23.98,45.31,1012.75,318.0
2244.0,24.05,45.07,1012.46,324.5
2245.0,24.03,45.77,1012.6,320.6
2246.0,24.03,44.94,1012.4,321.5
2247.0,23.94,45.63,1012.32,320.2
2248.0,24.1,45.2,1012.5,319.7
2249.0,23.91,44.21,1012.52,314.4
2250.0,23.88,45.65,1012.23,320.3
2251.0,24.0,44.51,1012.41,321.3
2252.0,23.87,44.81,1012.2,315.4
2253.0,23.94,44.95,1012.12,323.5
2254.0,24.09,45.27,1012.58,314.2
2255.0,24.05,45.02,1012.67,315.7
2256.0,23.89,44.58,1012.37,315.0
2257.0,23.87,44.57,1012.3,318.2
2258.0,24.1,45.35,1012.55,320.1
2259.0,24.07,44.64,1012.5,317.4
2260.0,23.96,45.82,1012.51,318.3
2261.0,23.94,45.51,1012.73,320.1
2262.0,23.99,45.31,1012.42,322.6
2263.0,23.97,44.77,1012.19,321.6
2264.0,23.9,44.81,1012.07,316.4
2265.0,23.92,45.14,1012.25,323.1
2266.0,24.04,44.81,1012.33,313.2
2267.0,24.01,45.21,1012.22,321.7
2268.0,24.01,44.69,1012.13,323.1
2269.0,23.98,44.64,1012.36,318.4
2270.0,23.96,44.91,1012.43,317.9
2271.0,23.97,44.45,1012.53,317.0
2272.0,24.01,45.72,1012.53,315.2
2273.0,23.99,44.55,1012.15,324.4
2274.0,23.93,44.89,1012.52,318.5
2275.0,24.07,44.55,1012.42,320.0
2276.0,23.97,45.86,1012.38,317.5
2277.0,24.07,45.11,1012.44,318.5
2278.0,24.01,45.13,1012.58,317.8
2279.0,23.95,45.31,1012.37,320.6
2280.0,24.07,45.58,1012.39,317.1
2281.0,23.97,45.01,1012.61,324.1
2282.0,23.97,43.92,1012.75,321.0
2283.0,23.96,45.15,1012.41,322.0
2284.0,23.88,44.75,1012.2,324.4
2285.0,23.92,45.14,1012.27,323.8
2286.0,23.85,44.18,1012.47,318.5
2287.0,24.1,44.91,1012.15,321.3
2288.0,24.12,45.75,1012.45,319.6
2289.0,24.04,45.61,1012.33,321.4
2290.0,24.02,44.84,1012.41,326.3
2291.0,23.88,44.7,1012.11,316.9
2292.0,23.93,44.88,1012.28,322.1
2293.0,23.95,44.88,1012.68,320.6
2294.0,23.84,44.57,1012.43,315.6
2295.0,24.05,45.05,1012.48,319.7
2296.0,24.07,45.07,1012.39,314.0
2297.0,24.1,45.62,1012.66,318.7
2298.0,24.1,45.33,1012.6,318.0
2299.0,23.93,44.41,1012.54,319.9
2300.0,23.99,44.45,1012.41,316.6
2301.0,24.02,45.1,1012.53,318.1
2302.0,24.09,44.93,1012.23,324.9
2303.0,23.97,45.34,1012.35,317.0
2304.0,24.07,45.64,1012.26,318.2
2305.0,24.07,44.24,1012.1,319.1
2306.0,23.96,45.07,1012.57,321.7
2307.0,24.06,45.11,1012.21,320.6
2308.0,23.93,44.82,1012.42,321.8
2309.0,23.98,45.07,1012.33,315.7
2310.0,23.99,44.51,1012.45,316.0
2311.0,24.02,45.3,1012.53,325.8
2312.0,23.99,44.34,1012.7,315.7
2313.0,23.94,45.32,1011.84,314.5
2314.0,24.05,44.76,1012.28,317.0
2315.0,23.84,45.46,1012.58,318.8
2316.0,23.95,44.96,1012.44,319.7
2317.0,23.89,44.97,1012.6,328.1
2318.0,24.05,45.51,1012.38,323.5
2319.0,24.04,45.25,1012.19,318.2
2320.0,24.09,44.4,1012.46,321.5
2321.0,23.99,45.08,1012.23,320.9
2322.0,23.95,44.18,1012.59,317.2
2323.0,24.19,44.83,1012.37,317.8
2324.0,23.94,44.88,1012.5,317.3
2325.0,23.92,45.1,1012.49,314.9
2326.0,23.96,44.73,1012.22,322.7
2327.0,23.99,45.53,1012.43,321.3
2328.0,23.98,44.79,1012.48,318.2
2329.0,23.96,43.97,1012.29,325.7
2330.0,23.95,44.86,1012.36,317.1
2331.0,23.93,46.35,1012.28,318.5
2332.0,24.0,44.63,1012.38,320.0
2333.0,24.04,44.78,1012.58,331.3
2334.0,23.97,45.24,1012.56,320.9
2335.0,23.91,45.26,1012.42,324.1
2336.0,24.11,45.33,1012.55,317.1
2337.0,23.99,45.03,1012.5,325.4
2338.0,23.99,45.88,1012.38,318.5
2339.0,24.08,44.97,1012.05,320.7
2340.0,23.92,44.59,1012.15,327.8
2341.0,23.99,45.2,1012.33,321.7
2342.0,24.1,45.29,1012.27,323.1
2343.0,23.92,45.23,1012.38,322.1
2344.0,23.95,44.99,1012.38,320.1
2345.0,24.0,44.57,1012.66,320.0
2346.0,24.05,45.23,1012.29,320.0
2347.0,23.95,45.32,1012.36,322.9
2348.0,23.99,44.84,1012.22,320.8
2349.0,23.94,44.95,1012.49,316.0
2350.0,23.93,44.58,1012.58,326.7
2351.0,24.04,44.38,1012.43,322.9
2352.0,24.11,45.0,1012.19,317.4
2353.0,24.02,45.03,1012.36,319.2
2354.0,23.92,44.16,1012.16,323.5
2355.0,24.1,44.93,1012.47,321.9
2356.0,24.11,45.9,1012.19,322.7
2357.0,23.97,45.05,1012.68,318.2
2358.0,23.89,44.82,1012.66,318.2
2359.0,24.03,45.52,1012.51,318.4
2360.0,23.93,44.58,1012.22,320.6
2361.0,23.96,44.89,1012.47,319.5
2362.0,24.05,44.43,1012.45,322.3
2363.0,24.02,44.72,1012.43,326.3
2364.0,24.04,44.75,1012.34,320.5
2365.0,24.01,45.06,1012.74,320.1
2366.0,24.0,45.46,1012.43,323.4
2367.0,24.02,45.18,1012.49,321.4
2368.0,24.06,45.56,1012.44,316.5
2369.0,24.05,44.96,1012.29,320.3
2370.0,23.93,44.82,1012.47,318.9
2371.0,23.98,44.69,1012.34,320.4
2372.0,24.06,44.86,1012.64,310.0
2373.0,24.07,45.34,1012.34,320.3
2374.0,23.97,45.16,1012.38,317.1
2375.0,24.01,44.98,1012.44,322.5
2376.0,23.99,44.25,1012.34,320.6
2377.0,23.89,44.83,1012.33,316.1
2378.0,23.93,44.69,1012.32,318.6
2379.0,23.98,44.15,1012.56,322.9
2380.0,24.11,44.62,1012.39,325.2
2381.0,24.01,45.61,1012.06,317.5
2382.0,23.89,44.75,1012.38,318.0
2383.0,24.02,45.37,1012.47,317.2
2384.0,23.94,44.52,1012.56,321.8
2385.0,24.11,45.22,1012.37,317.2
2386.0,24.06,45.0,1012.55,318.4
2387.0,24.05,45.41,1012.46,321.5
2388.0,24.12,45.25,1012.11,313.1
2389.0,24.09,44.39,1012.6,319.8
2390.0,24.09,44.46,1012.3,318.1
2391.0,23.97,45.25,1012.25,322.3
2392.0,24.02,45.06,1012.5,325.5
2393.0,23.99,45.25,1012.16,314.6
2394.0,23.83,44.9,1012.45,313.6
2395.0,23.94,45.4,1012.53,322.6
2396.0,24.04,45.68,1012.08,322.2
2397.0,24.0,44.87,1012.69,319.9
2398.0,24.05,44.62,1012.37,316.1
2399.0,23.97,44.55,1012.4,328.9
2400.0,24.06,44.42,1012.43,316.4
2401.0,24.91,41.02,1012.55,322.9
2402.0,25.74,38.31,1012.51,316.6
2403.0,26.69,34.93,1012.29,322.2
2404.0,27.51,30.97,1012.71,319.6
2405.0,28.48,27.04,1012.66,318.8
2406.0,29.11,24.48,1012.45,325.9
2407.0,29.19,24.06,1012.41,323.7
2408.0,29.23,24.41,1012.49,318.9
2409.0,29.1,23.97,1012.36,318.4
2410.0,29.22,24.12,1012.22,313.8
2411.0,29.09,24.01,1012.51,320.7
2412.0,29.22,24.1,1012.32,322.9
2413.0,29.31,24.16,1012.52,324.8
2414.0,29.18,24.51,1012.48,314.3
2415.0,29.18,24.06,1012.12,321.9
2416.0,29.24,24.27,1012.56,321.2
2417.0,29.08,23.37,1012.49,319.6
2418.0,29.28,24.36,1012.63,310.4
2419.0,29.27,25.33,1012.59,319.3
2420.0,29.23,24.53,1012.59,314.9
2421.0,29.33,24.13,1012.34,319.7
2422.0,29.27,24.56,1012.56,326.0
2423.0,29.27,23.82,1012.33,314.7
2424.0,29.32,24.15,1012.48,320.6
2425.0,29.34,23.69,1012.37,320.5
2426.0,29.26,23.66,1012.35,321.4
2427.0,29.38,24.07,1012.32,323.5
2428.0,29.15,24.11,1012.3,319.0
2429.0,29.23,24.57,1012.46,320.5
2430.0,29.22,24.15,1012.43,318.0
2431.0,29.19,24.98,1012.37,320.8
2432.0,29.2,24.13,1012.43,319.0
2433.0,29.05,24.07,1012.23,316.0
2434.0,28.92,24.92,1012.24,322.1
2435.0,29.28,24.89,1012.29,318.5
2436.0,29.3,24.38,1012.27,320.5
2437.0,29.25,24.39,1012.31,319.4
2438.0,29.06,24.59,1012.4,316.7
2439.0,29.19,24.12,1012.31,324.5
2440.0,29.26,24.1,1012.15,321.7
2441.0,29.09,24.42,1012.31,324.2
2442.0,29.05,24.0,1012.34,312.2
2443.0,29.21,23.71,1012.61,317.3
2444.0,29.11,23.3,1012.45,320.0
2445.0,29.12,24.16,1012.43,319.7
2446.0,29.13,23.69,1012.49,320.6
2447.0,29.05,24.41,1012.28,321.3
2448.0,29.24,24.23,1012.24,320.1
2449.0,29.01,24.02,1012.38,319.6
2450.0,29.29,24.27,1012.23,321.2
2451.0,29.17,23.55,1012.57,317.6
2452.0,29.31,24.32,1012.36,315.3
2453.0,29.14,23.74,1012.15,318.8
2454.0,29.33,24.77,1012.28,321.4
2455.0,29.29,23.71,1012.2,320.2
2456.0,29.33,23.94,1012.31,318.9
2457.0,29.23,24.31,1012.36,318.2
2458.0,29.24,23.33,1012.61,318.6
2459.0,29.22,24.44,1012.33,322.0
2460.0,29.23,24.12,1012.47,321.1
2461.0,29.22,24.2,1012.54,324.0
2462.0,29.2,24.47,1012.21,320.0
2463.0,29.16,23.68,1012.29,319.3
2464.0,28.97,24.12,1012.4,322.5
2465.0,29.13,23.97,1012.26,315.3
2466.0,29.15,23.74,1012.32,323.4
2467.0,29.01,24.6,1012.48,321.0
2468.0,29.18,23.61,1012.32,320.2
2469.0,29.35,24.25,1012.57,316.4
2470.0,29.22,24.18,1012.43,321.1
2471.0,29.23,24.37,1012.42,319.1
2472.0,29.17,24.34,1012.69,321.1
2473.0,29.26,24.31,1012.25,315.2
2474.0,29.18,24.15,1012.3,322.9
2475.0,29.25,24.24,1012.57,324.3
2476.0,29.09,24.09,1012.24,319.7
2477.0,29.18,24.46,1012.5,314.9
2478.0,29.03,24.76,1012.38,314.6
2479.0,29.26,24.22,1012.36,318.8
2480.0,28.96,23.25,1012.49,317.5
2481.0,29.1,23.58,1012.36,317.9
2482.0,29.16,24.58,1012.5,323.0
2483.0,29.27,24.38,1012.53,322.9
2484.0,29.04,24.17,1012.25,323.2
2485.0,29.25,23.96,1012.49,326.4
2486.0,29.18,24.11,1012.53,319.1
2487.0,29.12,24.0,1012.32,320.1
2488.0,29.3,24.49,1012.46,321.0
2489.0,29.19,24.37,1012.31,321.8
2490.0,29.27,23.82,1012.4,316.9
2491.0,29.21,24.55,1012.47,322.7
2492.0,29.09,24.55,1012.65,319.5
2493.0,29.2,24.76,1012.58,322.8
2494.0,29.25,23.84,1012.33,322.7
2495.0,29.09,24.37,1012.55,319.7
2496.0,29.05,24.44,1012.64,319.1
2497.0,29.19,23.74,1012.62,320.9
2498.0,29.17,24.36,1012.55,323.0
2499.0,29.18,24.12,1012.59,316.1
2500.0,29.22,24.0,1012.43,317.1
2501.0,29.2,23.61,1012.39,313.1
2502.0,29.2,24.57,1012.61,322.2
2503.0,29.38,23.6,1012.46,320.0
2504.0,29.22,23.75,1012.77,321.0
2505.0,29.15,23.78,1012.32,319.8
2506.0,29.14,23.68,1012.46,319.1
2507.0,29.32,24.49,1012.12,322.3
2508.0,29.18,24.01,1012.54,323.1
2509.0,29.29,24.05,1012.62,322.3
2510.0,29.23,24.04,1012.33,314.7
2511.0,29.22,24.25,1012.46,316.8
2512.0,29.31,24.06,1012.4,322.1
2513.0,29.14,24.23,1012.38,323.4
2514.0,29.31,24.18,1012.43,319.4
2515.0,29.14,24.17,1012.2,319.5
2516.0,29.23,24.1,1012.39,320.1
2517.0,29.14,24.0,1012.39,321.7
2518.0,29.27,24.65,1012.33,319.7
2519.0,29.28,24.16,1012.49,317.4
2520.0,29.25,24.28,1012.63,317.9
2521.0,29.22,24.2,1012.21,322.7
2522.0,29.19,24.44,1012.38,320.8
2523.0,29.28,24.19,1012.52,322.3
2524.0,29.13,23.88,1012.58,318.2
2525.0,29.24,24.11,1012.36,315.3
2526.0,29.22,24.3,1012.43,316.8
2527.0,29.27,23.7,1012.25,318.8
2528.0,29.09,23.99,1012.4,321.5
2529.0,29.09,23.72,1012.36,323.3
2530.0,29.28,24.31,1012.6,320.4
2531.0,29.2,24.1,1012.34,315.9
2532.0,29.1,24.27,1012.42,322.9
2533.0,29.39,24.82,1012.23,328.2
2534.0,29.11,24.43,1012.58,316.4
2535.0,29.05,24.24,1012.67,316.8
2536.0,29.23,24.81,1012.27,320.9
2537.0,29.05,24.27,1012.6,319.1
2538.0,29.28,24.01,1012.31,318.7
2539.0,29.2,24.27,1012.57,323.9
2540.0,29.21,24.25,1012.19,319.3
2541.0,29.39,24.83,1012.7,323.8
2542.0,29.08,23.9,1012.51,325.2
2543.0,29.13,24.55,1012.45,319.2
2544.0,29.17,23.75,1012.56,315.2
2545.0,29.28,23.67,1012.33,322.9
2546.0,29.21,24.1,1012.42,323.8
2547.0,29.28,24.6,1012.52,319.5
2548.0,28.87,24.79,1012.45,318.5
2549.0,28.95,25.36,1012.44,320.3
2550.0,28.92,26.19,1012.48,319.0
2551.0,28.7,25.64,1012.08,319.0
2552.0,28.66,26.13,1012.5,319.9
2553.0,28.58,26.75,1012.43,323.1
2554.0,28.55,27.09,1012.19,324.4
2555.0,28.59,27.45,1012.32,320.6
2556.0,28.24,27.05,1012.44,318.5
2557.0,28.36,28.49,1012.45,320.6
2558.0,28.12,28.28,1012.36,319.1
2559.0,28.16,28.55,1012.47,322.3
2560.0,27.94,28.73,1012.14,312.7
2561.0,27.72,29.59,1012.49,321.5
2562.0,27.86,29.99,1012.38,321.2
2563.0,27.66,29.95,1012.45,321.5
2564.0,27.67,30.88,1012.31,324.5
2565.0,27.58,30.65,1012.18,317.5
2566.0,27.47,30.67,1012.54,316.9
2567.0,27.35,31.58,1012.49,324.4
2568.0,27.23,31.77,1012.34,319.8
2569.0,27.27,31.77,1012.46,321.5
2570.0,27.09,32.15,1012.33,321.9
2571.0,26.99,32.75,1012.33,320.4
2572.0,26.86,33.26,1012.52,318.9
2573.0,26.84,33.5,1012.38,321.5
2574.0,26.68,34.31,1012.37,323.9
2575.0,26.65,33.66,1012.4,316.0
2576.0,26.62,35.2,1011.92,319.0
2577.0,26.54,34.7,1012.34,317.8
2578.0,26.38,35.58,1012.58,320.0
2579.0,26.39,36.0,1012.48,318.7
2580.0,26.19,35.86,1012.31,319.7
2581.0,26.27,36.29,1012.49,320.5
2582.0,26.24,36.5,1012.2,319.2
2583.0,25.86,37.03,1012.31,318.4
2584.0,25.99,36.61,1012.48,321.9
2585.0,25.77,37.55,1012.5,316.7
2586.0,25.63,38.13,1012.27,322.0
2587.0,25.57,37.88,1012.47,320.2
2588.0,25.53,38.67,1012.69,320.1
2589.0,25.53,38.95,1012.43,323.6
2590.0,25.29,39.06,1012.61,324.4
2591.0,25.21,39.4,1012.66,315.1
2592.0,25.16,40.81,1012.34,317.2
2593.0,25.14,41.2,1012.4,316.1
2594.0,24.98,41.33,1012.41,319.8
2595.0,24.8,41.63,1012.33,321.6
2596.0,24.81,41.83,1012.26,324.0
2597.0,24.87,41.77,1012.38,322.3
2598.0,24.63,42.19,1012.32,320.5
2599.0,24.73,42.09,1012.26,322.5
2600.0,24.62,42.77,1012.45,321.5
2601.0,24.44,43.22,1012.37,316.8
2602.0,24.23,44.11,1012.23,324.8
2603.0,24.25,44.24,1012.24,317.5
2604.0,24.2,45.33,1012.45,319.2
2605.0,24.13,44.35,1012.22,320.4
2606.0,23.98,45.48,1012.27,322.1
2607.0,24.04,45.12,1012.34,325.5
2608.0,23.91,45.11,1012.28,317.9
2609.0,24.0,44.91,1012.51,327.8
2610.0,23.99,45.62,1012.35,318.3
2611.0,23.99,45.34,1012.59,318.9
2612.0,24.05,45.43,1012.18,318.4
2613.0,23.87,44.38,1012.57,313.8
2614.0,24.05,45.93,1012.34,320.7
2615.0,24.03,44.53,1012.54,317.8
2616.0,24.05,45.1,1012.34,318.9
2617.0,24.02,45.55,1012.36,319.8
2618.0,23.95,44.6,1012.46,322.8
2619.0,24.0,45.11,1012.31,324.4
2620.0,24.01,45.19,1012.47,322.6
2621.0,24.11,44.74,1012.37,317.1
2622.0,24.1,44.25,1012.3,318.4
2623.0,23.94,44.62,1012.49,316.0
2624.0,23.99,44.71,1012.53,324.8
2625.0,23.95,44.89,1012.39,322.8
2626.0,24.11,45.42,1012.43,323.2
2627.0,23.91,44.73,1012.4,316.6
2628.0,24.02,45.49,1012.51,318.0
2629.0,24.11,45.25,1012.34,321.3
2630.0,23.93,44.98,1012.42,322.6
2631.0,24.01,44.8,1012.7,321.1
2632.0,23.96,44.32,1012.41,323.4
2633.0,23.99,45.24,1012.16,320.9
2634.0,24.09,44.74,1012.31,319.1
2635.0,24.03,45.42,1012.51,325.8
2636.0,24.0,45.74,1012.29,318.4
2637.0,23.91,45.36,1012.14,323.7
2638.0,23.97,44.9,1012.4,316.8
2639.0,23.77,45.14,1012.61,317.0
2640.0,23.93,44.89,1012.28,320.3
2641.0,23.98,45.18,1012.43,318.9
2642.0,23.98,45.71,1012.45,322.0
2643.0,24.09,45.27,1012.36,324.1
2644.0,23.95,43.97,1012.47,314.4
2645.0,23.97,45.16,1012.21,313.8
2646.0,23.97,44.51,1012.38,318.6
2647.0,23.99,44.22,1012.47,323.1
2648.0,23.86,44.57,1012.15,323.3
2649.0,23.91,45.53,1012.39,324.0
2650.0,24.04,44.6,1012.19,320.7
2651.0,23.99,45.33,1012.38,320.1
2652.0,23.93,44.35,1012.47,322.3
2653.0,23.9,45.98,1012.27,322.5
2654.0,24.02,45.04,1012.24,318.4
2655.0,24.15,45.84,1012.19,318.6
2656.0,24.03,44.74,1012.6,320.8
2657.0,24.02,45.04,1012.08,317.4
2658.0,24.04,45.32,1012.19,321.7
2659.0,23.95,44.98,1012.27,320.0
2660.0,23.89,44.94,1012.49,320.2
2661.0,24.16,44.28,1012.52,319.0
2662.0,23.99,45.01,1012.34,322.8
2663.0,24.02,45.14,1012.72,317.8
2664.0,23.95,45.06,1012.59,321.4
2665.0,23.96,44.75,1012.66,314.8
2666.0,23.92,44.79,1012.15,322.0
2667.0,24.04,44.64,1012.42,322.9
2668.0,24.02,44.99,1012.57,324.8
2669.0,24.05,44.74,1012.28,319.5
2670.0,24.0,45.16,1012.32,321.0
2671.0,23.93,45.52,1012.52,323.0
2672.0,23.98,45.18,1012.43,316.8
2673.0,23.95,45.06,1012.58,315.3
2674.0,24.08,44.85,1012.38,319.7
2675.0,23.9,44.71,1012.54,320.1
2676.0,23.97,45.87,1012.74,324.1
2677.0,23.91,45.49,1012.28,325.3
2678.0,24.01,44.82,1012.41,330.6
2679.0,24.11,45.62,1012.51,319.3
2680.0,23.86,44.54,1012.28,315.9
2681.0,24.04,44.7,1012.34,321.4
2682.0,23.97,44.88,1012.57,316.9
2683.0,24.05,45.4,1012.41,315.7
2684.0,24.14,44.61,1012.3,320.6
2685.0,24.06,44.88,1012.55,322.7
2686.0,23.89,45.79,1012.53,319.3
2687.0,23.98,44.67,1012.37,324.0
2688.0,23.94,45.48,1012.21,320.7
2689.0,24.13,45.1,1012.43,315.5
2690.0,23.96,44.88,1012.33,322.0
2691.0,24.0,45.88,1012.14,319.8
2692.0,23.93,44.18,1012.42,318.8
2693.0,23.98,45.97,1012.34,321.2
2694.0,23.9,45.09,1012.05,325.1
2695.0,23.96,45.07,1012.34,320.3
2696.0,24.04,44.45,1012.19,324.5
2697.0,24.21,45.18,1012.5,322.3
2698.0,24.03,44.52,1012.56,314.9
2699.0,24.05,45.58,1012.25,324.6
2700.0,23.95,44.37,1012.32,318.6
2701.0,24.0,45.53,1012.38,620.6
2702.0,23.98,44.71,1012.67,624.5
2703.0,23.96,44.34,1012.39,618.8
2704.0,23.91,44.53,1012.64,621.4
2705.0,23.92,44.79,1012.45,618.5
2706.0,24.18,44.9,1012.34,619.7
2707.0,23.98,45.08,1012.61,619.9
2708.0,24.12,44.73,1012.29,618.7
2709.0,24.15,44.7,1012.44,619.5
2710.0,24.0,44.86,1012.07,618.8
2711.0,24.06,45.11,1012.53,622.3
2712.0,23.95,44.82,1012.45,623.7
2713.0,24.07,44.65,1012.24,623.8
2714.0,24.02,45.52,1012.3,626.3
2715.0,24.15,44.67,1012.19,622.9
2716.0,24.12,44.64,1012.08,623.4
2717.0,23.95,45.08,1012.45,616.6
2718.0,24.04,45.72,1012.4,616.1
2719.0,24.04,44.24,1012.21,613.8
2720.0,24.07,45.09,1012.43,615.2
2721.0,23.97,45.35,1012.58,615.2
2722.0,23.95,44.34,1012.47,628.2
2723.0,24.0,45.02,1012.56,618.2
2724.0,23.98,44.53,1012.13,621.0
2725.0,24.1,44.81,1012.48,624.5
2726.0,24.06,44.89,1012.35,615.8
2727.0,23.99,45.53,1012.14,625.7
2728.0,23.97,45.12,1012.42,615.5
2729.0,24.0,45.83,1012.55,618.7
2730.0,23.97,45.34,1012.59,622.1
2731.0,23.97,44.32,1012.22,620.9
2732.0,23.91,44.62,1012.45,621.3
2733.0,24.12,44.98,1012.37,620.0
2734.0,23.91,44.84,1012.26,616.2
2735.0,23.92,45.23,1012.42,624.4
2736.0,24.06,44.69,1012.63,620.8
2737.0,23.95,44.88,1012.49,612.4
2738.0,23.98,44.65,1012.2,627.3
2739.0,23.9,45.38,1012.43,618.1
2740.0,23.92,45.04,1012.51,619.8
2741.0,23.99,44.91,1012.53,621.8
2742.0,23.96,45.99,1012.28,618.3
2743.0,23.98,45.15,1012.53,622.2
2744.0,24.12,45.33,1012.42,617.9
2745.0,24.0,44.88,1012.33,619.1
2746.0,24.05,45.45,1012.5,617.1
2747.0,24.07,44.98,1012.4,621.4
2748.0,23.97,44.82,1012.61,615.5
2749.0,23.97,44.97,1012.18,620.4
2750.0,24.02,44.87,1012.28,622.1
2751.0,23.95,44.68,1012.23,617.7
2752.0,24.03,45.09,1012.58,617.7
2753.0,23.97,45.87,1012.46,627.5
2754.0,23.94,44.46,1012.51,619.2
2755.0,23.96,44.81,1012.44,615.9
2756.0,24.09,45.14,1012.39,622.1
2757.0,24.01,44.7,1012.39,620.7
2758.0,24.01,44.84,1012.63,619.6
2759.0,23.98,44.81,1012.44,622.4
2760.0,24.01,44.97,1012.5,624.1
2761.0,24.01,45.0,1012.28,621.8
2762.0,23.97,45.98,1012.45,323.5
2763.0,23.98,44.91,1012.21,319.5
2764.0,23.98,44.13,1012.41,319.8
2765.0,24.05,44.52,1012.43,321.8
2766.0,23.98,45.38,1012.62,319.4
2767.0,23.86,44.67,1012.24,320.5
2768.0,24.08,44.6,1012.22,317.9
2769.0,24.09,45.04,1012.3,321.2
2770.0,24.08,45.07,1012.06,319.1
2771.0,24.1,46.06,1012.24,316.3
2772.0,24.01,44.38,1012.1,319.6
2773.0,23.92,45.46,1012.4,321.0
2774.0,24.1,44.76,1012.5,319.3
2775.0,24.02,45.38,1012.58,321.2
2776.0,24.01,44.72,1012.39,322.7
2777.0,24.0,44.67,1012.29,322.4
2778.0,24.01,44.8,1012.36,322.5
2779.0,24.03,45.49,1012.36,324.2
2780.0,23.8,45.16,1012.08,324.4
2781.0,24.03,44.9,1012.35,318.2
2782.0,24.0,44.87,1012.62,322.4
2783.0,24.02,44.61,1012.33,320.9
2784.0,24.11,45.65,1012.62,321.3
2785.0,23.96,44.82,1012.39,317.1
2786.0,23.96,44.69,1012.22,316.4
2787.0,23.91,44.99,1012.2,319.1
2788.0,23.98,44.64,1012.33,316.6
2789.0,24.11,45.43,1012.32,319.8
2790.0,23.94,45.55,1012.25,320.2
2791.0,24.03,45.07,1012.26,323.0
2792.0,24.03,44.5,1012.35,319.5
2793.0,23.98,45.3,1012.32,318.5
2794.0,23.9,44.97,1012.63,324.2
2795.0,23.98,44.43,1012.35,317.7
2796.0,23.99,45.35,1012.08,320.0
2797.0,24.15,43.95,1012.49,324.3
2798.0,24.06,44.88,1012.57,318.8
2799.0,24.04,44.76,1012.16,317.8
2800.0,24.13,45.24,1012.08,317.3
2801.0,24.06,45.24,1012.19,319.6
2802.0,23.86,44.97,1012.39,323.3
2803.0,24.06,44.36,1012.27,314.9
2804.0,23.95,45.2,1012.12,322.0
2805.0,23.92,45.44,1012.31,323.3
2806.0,24.02,44.86,1012.45,324.9
2807.0,23.98,45.16,1012.58,316.7
2808.0,24.06,45.91,1012.48,321.3
2809.0,24.08,44.93,1012.66,317.9
2810.0,23.89,44.03,1012.47,323.8
2811.0,24.03,44.77,1012.25,324.5
2812.0,24.02,44.81,1012.62,325.2
2813.0,24.07,44.63,1012.16,318.5
2814.0,24.01,44.2,1012.25,319.4
2815.0,24.05,44.93,1012.39,324.1
2816.0,23.95,44.64,1012.44,323.7
2817.0,24.0,44.13,1012.57,314.8
2818.0,24.1,44.94,1012.45,322.9
2819.0,24.0,45.47,1012.17,318.6
2820.0,24.08,45.36,1012.42,323.6
2821.0,23.98,44.76,1012.22,317.7
2822.0,23.99,45.46,1012.12,318.0
2823.0,23.95,44.54,1012.38,317.0
2824.0,24.08,45.2,1012.26,321.7
2825.0,24.11,44.93,1012.22,321.2
2826.0,23.95,44.32,1012.48,318.0
2827.0,24.15,45.53,1012.28,316.4
2828.0,24.09,45.39,1012.46,323.6
2829.0,23.97,44.72,1012.32,325.2
2830.0,24.01,44.97,1012.58,317.0
2831.0,23.97,44.53,1012.43,319.6
2832.0,24.01,45.15,1012.17,319.6
2833.0,24.07,45.14,1012.5,322.2
2834.0,24.03,45.47,1012.46,320.2
2835.0,24.09,44.93,1012.32,319.4
2836.0,23.99,45.11,1012.44,320.2
2837.0,23.9,44.46,1012.36,323.1
2838.0,23.96,45.42,1012.74,318.7
2839.0,23.99,45.28,1012.61,316.9
2840.0,23.94,45.09,1012.35,319.2
2841.0,24.02,44.49,1012.23,324.1
2842.0,23.88,44.93,1012.43,321.2
2843.0,23.99,44.63,1012.43,323.3
2844.0,24.02,44.71,1012.37,323.4
2845.0,24.14,44.0,1012.45,314.3
2846.0,23.89,44.89,1012.45,318.0
2847.0,23.98,45.27,1012.25,320.4
2848.0,23.96,45.31,1012.5,322.2
2849.0,24.0,44.72,1012.38,319.1
2850.0,24.09,44.45,1012.56,312.5
2851.0,23.93,45.02,1012.42,324.6
2852.0,24.0,44.98,1012.22,317.4
2853.0,23.9,44.84,1012.66,313.8
2854.0,23.88,44.59,1012.45,318.8
2855.0,24.05,44.86,1012.51,324.9
2856.0,23.94,44.97,1012.16,315.4
2857.0,24.05,44.39,1012.39,322.4
2858.0,23.91,45.54,1012.5,317.4
2859.0,23.94,44.93,1012.48,318.2
2860.0,24.01,45.31,1012.35,318.1
2861.0,23.94,44.93,1012.46,317.2
2862.0,24.11,44.85,1012.68,323.2
2863.0,24.06,44.99,1012.41,318.4
2864.0,24.1,44.46,1012.42,323.4
2865.0,23.94,45.42,1012.51,320.0
2866.0,23.93,44.05,1012.14,322.8
2867.0,24.08,45.59,1012.35,321.7
2868.0,24.0,45.08,1012.46,322.9
2869.0,24.03,45.85,1012.46,323.9
2870.0,24.08,44.49,1012.53,317.0
2871.0,23.93,44.87,1012.53,319.0
2872.0,24.21,45.55,1012.28,318.4
2873.0,23.97,45.04,1012.26,317.1
2874.0,24.04,45.68,1012.42,319.1
2875.0,23.99,45.28,1012.15,321.9
2876.0,24.08,45.33,1012.67,322.7
2877.0,23.84,45.28,1012.27,320.6
2878.0,23.97,44.61,1012.31,317.6
2879.0,24.07,44.43,1012.41,321.1
2880.0,23.94,44.76,1012.67,326.4
2881.0,23.95,45.42,1012.64,322.4
2882.0,24.01,45.2,1012.55,321.7
2883.0,24.16,45.35,1012.42,322.9
2884.0,23.87,44.09,1012.43,324.5
2885.0,23.99,44.99,1012.55,315.9
2886.0,23.95,44.64,1012.05,322.3
2887.0,24.01,45.13,1012.36,320.4
2888.0,24.13,45.3,1012.02,320.2
2889.0,23.92,45.25,1012.44,322.7
2890.0,24.02,44.38,1012.23,321.3
2891.0,24.01,45.18,1012.32,318.1
2892.0,23.93,45.35,1012.32,318.3
2893.0,24.11,45.48,1012.43,323.1
2894.0,24.05,45.23,1012.46,318.9
2895.0,24.08,45.55,1012.41,317.7
2896.0,23.98,45.82,1012.4,319.3
2897.0,24.14,45.48,1012.65,325.5
2898.0,23.99,44.71,1012.48,318.6
2899.0,23.91,44.81,1012.47,319.5
2900.0,24.07,44.81,1012.47,321.1
2901.0,23.93,45.63,1012.35,316.1
2902.0,24.06,44.95,1012.27,320.1
2903.0,23.96,45.91,1012.47,317.4
2904.0,23.92,44.31,1012.49,319.0
2905.0,23.91,45.5,1012.36,319.2
2906.0,24.03,45.4,1012.23,317.1
2907.0,24.32,44.72,1012.2,320.3
2908.0,24.02,44.65,1012.38,318.2
2909.0,24.0,45.13,1012.23,317.7
2910.0,23.98,45.31,1012.53,316.6
2911.0,23.98,45.73,1012.18,318.6
2912.0,23.99,45.15,1012.66,321.0
2913.0,24.01,45.01,1012.56,320.1
2914.0,23.89,44.37,1012.34,321.7
2915.0,23.91,45.09,1012.54,322.7
2916.0,23.92,45.22,1012.56,317.3
2917.0,24.07,45.4,1012.14,323.2
2918.0,24.03,44.77,1012.25,325.9
2919.0,23.99,44.44,1012.52,323.4
2920.0,24.09,44.88,1012.12,314.0
2921.0,23.78,45.17,1012.3,312.1
2922.0,24.01,44.93,1012.5,322.5
2923.0,23.98,44.99,1012.28,320.0
2924.0,23.93,44.52,1012.31,320.9
2925.0,23.99,44.55,1012.42,319.3
2926.0,24.19,45.03,1012.44,322.8
2927.0,24.01,44.77,1012.34,321.9
2928.0,24.05,45.09,1012.31,321.8
2929.0,23.98,45.1,1012.43,322.6
2930.0,24.01,44.41,1012.4,319.1
2931.0,24.07,44.89,1012.67,324.8
2932.0,23.96,45.01,1012.31,318.0
2933.0,24.1,45.53,1012.33,316.6
2934.0,23.99,44.69,1012.24,312.6
2935.0,23.98,45.08,1012.31,317.9
2936.0,23.88,45.29,1012.53,318.4
2937.0,24.18,44.99,1012.4,313.5
2938.0,24.03,45.17,1012.16,323.0
2939.0,24.06,45.23,1012.21,319.7
2940.0,23.95,45.37,1012.17,321.7
2941.0,23.95,45.09,1012.32,316.5
2942.0,24.08,44.67,1012.39,317.6
2943.0,23.96,44.47,1012.46,323.4
2944.0,23.97,45.28,1012.38,320.9
2945.0,23.93,44.53,1012.38,322.8
2946.0,23.88,45.28,1012.55,321.1
2947.0,24.16,44.93,1012.45,317.5
2948.0,24.03,44.69,1012.2,322.4
2949.0,23.96,44.72,1012.58,318.5
2950.0,23.99,45.13,1012.25,320.9
2951.0,23.87,45.34,1012.51,319.5
2952.0,23.97,44.81,1012.13,322.9
2953.0,23.99,44.99,1012.73,314.4
2954.0,23.99,44.73,1012.38,325.8
2955.0,24.02,45.42,1012.11,317.5
2956.0,23.97,45.42,1012.29,319.5
2957.0,23.93,45.2,1012.24,320.2
2958.0,23.95,45.16,1012.52,322.5
2959.0,23.91,45.9,1012.32,323.3
2960.0,23.88,45.55,1012.49,318.5
2961.0,24.0,45.15,1012.39,318.6
2962.0,24.07,45.32,1012.57,318.5
2963.0,24.02,43.99,1012.39,314.3
2964.0,23.94,45.31,1012.17,322.2
2965.0,24.03,45.53,1012.61,320.0
2966.0,24.1,45.34,1012.65,321.4
2967.0,24.0,45.0,1012.38,323.4
2968.0,23.99,44.77,1012.55,320.0
2969.0,23.95,45.38,1012.54,318.2
2970.0,24.02,44.5,1012.41,319.7
2971.0,24.14,45.44,1012.47,325.1
2972.0,23.83,44.76,1012.21,321.5
2973.0,24.02,45.63,1012.43,323.7
2974.0,24.0,45.16,1012.59,319.5
2975.0,23.84,44.86,1012.36,322.9
2976.0,24.03,45.32,1012.3,320.0
2977.0,24.07,44.88,1012.36,320.7
2978.0,24.0,44.49,1012.48,321.4
2979.0,24.13,44.6,1012.12,322.4
2980.0,24.04,44.81,1012.17,322.7
2981.0,23.92,45.69,1012.27,319.3
2982.0,24.02,45.23,1012.2,316.0
2983.0,24.08,44.12,1012.45,323.1
2984.0,23.97,45.17,1012.26,319.0
2985.0,24.07,44.68,1012.79,321.9
2986.0,24.12,44.86,1012.34,319.7
2987.0,24.1,45.44,1012.58,324.5
2988.0,24.07,45.08,1012.37,324.1
2989.0,24.04,44.14,1012.52,322.0
2990.0,23.98,44.46,1012.32,324.2
2991.0,24.0,45.38,1012.28,318.3
2992.0,24.19,45.08,1012.49,317.7
2993.0,24.04,45.13,1012.27,322.5
2994.0,23.92,44.8,1012.38,311.8
2995.0,23.9,44.29,1012.2,321.6
2996.0,23.94,44.47,1012.42,317.4
2997.0,24.0,45.17,1012.33,321.8
2998.0,23.87,44.82,1012.5,317.4
2999.0,23.99,44.85,1012.3,317.5
3000.0,23.97,45.07,1012.63,319.9
3001.0,23.92,44.46,1012.33,320.2
3002.0,23.91,45.11,1012.38,317.7
3003.0,24.04,44.95,1012.5,318.1
3004.0,23.92,45.17,1012.28,323.8
3005.0,24.01,45.27,1012.61,320.3
3006.0,24.04,45.49,1012.4,322.0
3007.0,23.93,44.55,1012.23,316.2
3008.0,24.1,44.84,1012.39,323.9
3009.0,24.08,44.98,1012.35,321.6
3010.0,23.96,44.9,1012.52,315.8
3011.0,23.93,45.19,1012.32,318.5
3012.0,23.92,44.94,1012.29,318.7
3013.0,23.99,45.31,1012.54,317.2
3014.0,23.99,44.62,1012.46,323.3
3015.0,24.09,44.58,1012.33,318.6
3016.0,23.87,44.83,1012.63,319.7
3017.0,24.07,44.84,1012.63,324.6
3018.0,24.16,45.13,1012.35,321.9
3019.0,24.01,44.82,1012.26,323.6
3020.0,24.03,44.52,1012.61,316.2
3021.0,23.92,44.59,1012.47,322.4
3022.0,24.02,44.45,1012.27,317.3
3023.0,23.91,45.51,1012.16,321.3
3024.0,24.06,44.77,1012.49,318.5
3025.0,23.96,45.04,1012.33,320.4
3026.0,23.94,44.59,1012.33,318.3
3027.0,24.01,45.1,1012.42,313.7
3028.0,24.03,44.95,1012.4,320.4
3029.0,24.04,44.92,1012.52,324.2
3030.0,24.1,44.44,1012.56,324.2
3031.0,23.89,44.2,1012.61,318.2
3032.0,23.95,44.79,1012.39,321.5
3033.0,23.99,44.69,1012.51,325.6
3034.0,23.86,45.45,1012.12,319.3
3035.0,23.94,44.96,1012.66,325.3
3036.0,24.0,45.12,1011.88,321.4
3037.0,23.86,45.65,1012.57,317.7
3038.0,24.01,44.96,1012.48,318.6
3039.0,23.97,45.34,1012.46,316.7
3040.0,24.01,44.96,1012.35,320.2
3041.0,24.14,44.96,1012.33,317.5
3042.0,24.0,44.38,1012.43,322.2
3043.0,24.03,45.4,1012.41,321.9
3044.0,24.03,44.71,1012.41,319.4
3045.0,23.92,44.89,1012.34,324.2
3046.0,24.13,45.06,1012.2,316.7
3047.0,24.02,44.73,1012.43,321.1
3048.0,23.95,45.02,1012.64,322.8
3049.0,23.95,44.37,1012.28,320.9
3050.0,23.9,45.07,1012.4,328.8
3051.0,24.17,44.71,1012.38,320.5
3052.0,23.98,45.41,1012.62,317.1
3053.0,23.9,44.52,1012.32,321.5
3054.0,24.06,44.79,1012.55,316.8
3055.0,24.16,44.81,1012.29,317.9
3056.0,24.11,45.54,1012.53,321.2
3057.0,24.06,45.25,1012.29,320.3
3058.0,24.16,45.11,1012.4,321.6
3059.0,23.86,44.57,1012.28,323.0
3060.0,24.05,44.53,1012.45,316.1
3061.0,24.72,42.25,1012.65,318.8
3062.0,25.44,39.65,1012.63,316.9
3063.0,26.13,36.2,1012.24,319.6
3064.0,26.84,33.38,1012.18,322.0
3065.0,27.47,30.91,1012.5,314.6
3066.0,28.22,28.2,1012.73,318.4
3067.0,28.15,28.4,1012.47,319.1
3068.0,28.35,28.05,1012.36,319.9
3069.0,28.21,27.86,1012.53,321.2
3070.0,28.12,27.86,1012.27,318.0
3071.0,28.26,28.47,1012.58,320.1
3072.0,28.26,28.14,1012.4,318.8
3073.0,28.18,28.51,1012.56,319.7
3074.0,28.17,28.17,1012.58,319.1
3075.0,28.18,28.12,1012.31,321.9
3076.0,28.15,27.85,1012.33,321.1
3077.0,28.07,28.07,1012.33,319.8
3078.0,28.3,28.13,1012.47,320.8
3079.0,28.33,28.26,1012.2,318.9
3080.0,28.26,28.62,1012.43,323.8
3081.0,28.28,28.3,1012.26,313.0
3082.0,28.19,28.2,1012.46,322.5
3083.0,28.26,27.93,1012.55,321.6
3084.0,28.3,28.44,1012.44,318.5
3085.0,28.15,28.29,1012.52,321.0
3086.0,28.17,28.31,1012.34,319.1
3087.0,28.22,28.93,1012.36,322.1
3088.0,28.18,28.16,1012.38,318.1
3089.0,28.16,28.07,1012.55,319.6
3090.0,28.34,27.92,1012.46,318.7
3091.0,28.22,28.44,1012.41,327.5
3092.0,28.14,28.74,1012.38,324.2
3093.0,28.16,28.53,1012.29,321.0
3094.0,28.21,28.08,1012.6,324.1
3095.0,28.23,28.31,1012.61,319.2
3096.0,28.21,28.13,1012.61,322.0
3097.0,28.27,28.62,1012.33,315.8
3098.0,28.28,28.39,1012.8,326.4
3099.0,28.16,28.39,1012.45,322.8
3100.0,28.17,27.74,1012.25,319.7
3101.0,28.2,27.47,1012.33,319.4
3102.0,28.19,27.36,1012.54,323.2
3103.0,28.26,28.12,1012.55,321.9
3104.0,28.14,28.0,1012.48,316.7
3105.0,28.25,28.6,1012.26,318.8
3106.0,28.21,27.86,1012.33,322.9
3107.0,28.17,27.92,1012.37,318.5
3108.0,28.21,28.35,1012.44,324.6
3109.0,28.24,27.2,1012.19,319.2
3110.0,28.13,27.99,1012.33,323.4
3111.0,28.14,28.03,1012.45,315.1
3112.0,28.24,27.89,1012.52,318.3
3113.0,28.08,27.84,1012.25,324.9
3114.0,28.19,27.76,1012.53,318.1
3115.0,28.32,28.28,1012.3,320.4
3116.0,28.27,28.83,1012.68,320.9
3117.0,28.16,28.18,1012.28,321.7
3118.0,28.11,27.22,1012.51,320.0
3119.0,28.16,28.84,1012.02,317.6
3120.0,28.08,29.3,1012.15,319.6
3121.0,28.17,28.39,1012.38,316.8
3122.0,28.3,28.28,1012.31,316.2
3123.0,28.19,28.19,1012.44,321.9
3124.0,28.09,28.57,1012.44,320.9
3125.0,28.07,27.9,1012.47,325.1
3126.0,28.17,27.93,1012.52,319.6
3127.0,28.26,28.02,1012.52,318.5
3128.0,28.2,29.23,1012.57,318.4
3129.0,28.34,28.55,1012.06,315.0
3130.0,28.13,28.54,1012.45,325.7
3131.0,28.17,28.15,1012.29,318.7
3132.0,28.22,27.84,1012.47,317.2
3133.0,28.21,27.87,1012.36,317.0
3134.0,28.33,28.54,1012.72,321.4
3135.0,28.18,27.84,1012.22,321.3
3136.0,28.19,27.69,1012.44,326.2
3137.0,28.16,27.59,1012.63,316.5
3138.0,28.21,28.24,1012.23,320.7
3139.0,28.27,28.02,1012.6,315.9
3140.0,28.11,28.08,1012.32,325.9
3141.0,28.16,28.22,1012.18,318.5
3142.0,28.29,28.07,1012.43,320.1
3143.0,28.2,27.75,1012.52,317.7
3144.0,28.03,28.43,1012.55,318.2
3145.0,28.31,28.33,1012.35,324.4
3146.0,28.07,28.15,1012.28,322.4
3147.0,28.04,28.83,1012.46,316.3
3148.0,27.87,28.71,1012.39,325.1
3149.0,27.91,29.36,1012.2,317.2
3150.0,27.84,29.24,1012.54,320.5
3151.0,27.79,29.44,1012.42,320.5
3152.0,27.65,28.89,1012.28,321.5
3153.0,27.72,30.48,1012.51,322.2
3154.0,27.57,30.36,1012.25,318.9
3155.0,27.44,30.64,1012.36,320.4
3156.0,27.39,31.05,1012.13,320.0
3157.0,27.35,31.34,1012.49,317.8
3158.0,27.45,32.3,1012.28,316.2
3159.0,27.39,31.6,1012.55,322.1
3160.0,27.08,32.23,1012.42,321.9
3161.0,27.25,32.62,1012.35,318.8
3162.0,27.11,33.34,1012.08,315.1
3163.0,27.03,33.61,1012.44,321.0
3164.0,26.95,32.86,1012.41,319.9
3165.0,26.79,33.63,1012.39,322.0
3166.0,26.77,34.13,1012.61,324.7
3167.0,26.64,33.74,1012.33,314.8
3168.0,26.67,34.16,1012.31,321.4
3169.0,26.64,34.75,1012.5,317.4
3170.0,26.52,34.8,1012.65,318.5
3171.0,26.46,35.41,1012.35,320.6
3172.0,26.46,35.8,1012.41,323.3
3173.0,26.41,35.08,1012.46,318.6
3174.0,26.4,35.51,1012.42,322.3
3175.0,26.2,36.0,1012.45,319.0
3176.0,26.12,36.47,1012.32,320.3
3177.0,26.08,37.03,1012.42,323.8
3178.0,26.04,36.46,1012.41,317.7
3179.0,25.85,37.02,1012.66,315.4
3180.0,25.83,37.74,1012.75,325.2
3181.0,25.67,37.84,1012.17,323.3
3182.0,25.57,38.77,1012.43,317.5
3183.0,25.5,39.02,1012.41,319.7
3184.0,25.55,38.49,1012.33,315.7
3185.0,25.36,38.89,1012.33,319.5
3186.0,25.42,39.4,1012.62,322.7
3187.0,25.44,38.28,1012.25,316.9
3188.0,25.18,39.27,1012.51,319.9
3189.0,25.04,40.25,1012.67,322.7
3190.0,25.03,40.33,1012.4,318.9
3191.0,25.0,40.85,1012.33,317.9
3192.0,25.06,40.75,1012.45,323.1
3193.0,24.93,41.82,1012.4,318.0
3194.0,24.91,41.97,1012.25,319.6
3195.0,24.79,42.5,1012.26,315.8
3196.0,24.66,42.11,1012.18,314.9
3197.0,24.65,42.07,1012.31,317.8
3198.0,24.88,42.53,1012.38,321.2
3199.0,24.49,42.44,1012.08,317.5
3200.0,24.35,43.87,1012.38,318.4
3201.0,24.48,43.78,1012.48,321.0
3202.0,24.24,44.07,1012.42,319.6
3203.0,24.15,43.93,1012.23,321.5
3204.0,23.96,44.02,1012.32,320.2
3205.0,24.16,44.74,1012.39,310.3
3206.0,24.0,44.8,1012.4,320.3
3207.0,23.97,44.67,1012.63,316.3
3208.0,24.06,44.55,1012.52,317.0
3209.0,23.92,45.41,1012.48,318.9
3210.0,23.84,45.01,1012.46,319.4
3211.0,24.1,45.04,1012.21,320.0
3212.0,24.06,45.03,1012.35,321.4
3213.0,23.9,44.93,1012.38,320.3
3214.0,24.04,45.07,1012.29,317.4
3215.0,23.98,45.2,1012.34,316.7
3216.0,24.03,45.43,1012.65,317.4
3217.0,24.03,44.74,1012.31,322.4
3218.0,23.95,44.7,1012.58,316.9
3219.0,23.97,44.38,1012.38,319.6
3220.0,24.02,44.8,1012.22,316.4
3221.0,24.04,44.61,1012.43,319.1
3222.0,24.03,44.95,1012.49,322.3
3223.0,24.12,45.6,1012.3,317.5
3224.0,23.9,44.93,1012.38,318.0
3225.0,24.17,45.46,1012.72,319.5
3226.0,24.09,45.23,1012.32,322.6
3227.0,23.86,45.38,1012.26,318.2
3228.0,24.19,45.05,1012.31,321.0
3229.0,24.06,44.83,1012.39,320.5
3230.0,23.95,45.4,1012.74,318.6
3231.0,24.0,45.22,1012.43,321.4
3232.0,23.79,44.14,1012.33,318.9
3233.0,24.17,44.35,1012.54,318.3
3234.0,23.93,46.3,1012.4,323.1
3235.0,24.06,45.33,1012.23,316.0
3236.0,24.06,45.06,1012.51,324.0
3237.0,24.1,44.88,1012.36,320.4
3238.0,24.0,45.89,1012.44,316.9
3239.0,24.02,44.72,1012.59,324.5
3240.0,24.0,45.21,1012.34,317.1
3241.0,24.01,45.82,1012.24,321.7
3242.0,23.81,44.68,1012.37,314.3
3243.0,24.03,44.26,1012.38,322.5
3244.0,24.06,45.11,1012.69,318.7
3245.0,23.99,45.36,1012.24,319.0
3246.0,24.01,44.34,1012.49,318.8
3247.0,24.0,44.45,1012.35,320.2
3248.0,24.04,44.97,1012.66,322.8
3249.0,23.97,44.24,1011.99,320.3
3250.0,24.03,44.74,1012.44,319.7
3251.0,23.94,45.2,1012.43,316.3
3252.0,24.05,44.78,1012.36,322.3
3253.0,23.98,45.23,1012.5,322.8
3254.0,23.92,45.62,1012.1,313.8
3255.0,24.0,44.67,1012.46,319.1
3256.0,24.06,44.92,1012.21,327.1
3257.0,23.84,45.52,1012.69,322.0
3258.0,23.97,44.09,1012.48,321.4
3259.0,24.11,44.69,1012.45,319.0
3260.0,23.9,45.0,1012.53,312.6
3261.0,23.97,44.77,1012.53,321.6
3262.0,23.9,45.63,1012.4,317.6
3263.0,24.03,45.38,1012.27,322.4
3264.0,24.03,45.4,1012.48,317.4
3265.0,23.91,45.51,1012.31,318.1
3266.0,24.03,45.05,1012.39,319.2
3267.0,23.95,44.98,1012.5,318.5
3268.0,23.94,45.37,1012.34,318.7
3269.0,24.02,44.58,1012.42,319.4
3270.0,23.97,44.8,1012.6,321.3
3271.0,23.95,45.52,1012.45,324.5
3272.0,24.01,45.52,1012.58,316.5
3273.0,23.84,45.43,1012.3,317.9
3274.0,23.85,44.68,1012.42,323.9
3275.0,24.16,45.03,1012.36,323.4
3276.0,24.03,45.56,1012.14,316.6
3277.0,23.87,44.69,1012.43,320.2
3278.0,24.0,45.3,1012.27,320.0
3279.0,24.06,44.67,1012.39,319.9
3280.0,23.99,44.66,1012.37,318.5
3281.0,24.0,45.64,1012.28,321.2
3282.0,24.04,44.96,1012.45,320.8
3283.0,23.96,45.18,1012.42,320.3
3284.0,24.0,45.59,1012.52,323.3
3285.0,23.9,44.29,1012.71,322.0
3286.0,24.05,44.84,1012.46,322.3
3287.0,23.95,45.31,1012.23,325.7
3288.0,24.01,45.17,1012.61,319.1
3289.0,23.98,45.08,1012.04,319.2
3290.0,23.91,44.7,1012.52,325.6
3291.0,23.97,44.82,1012.65,316.6
3292.0,24.12,44.53,1012.49,321.4
3293.0,24.01,44.62,1012.21,321.9
3294.0,23.99,44.92,1012.43,322.6
3295.0,24.05,44.6,1012.3,317.9
3296.0,24.02,45.56,1012.37,319.7
3297.0,24.06,44.83,1012.25,323.2
3298.0,24.05,45.0,1012.75,320.1
3299.0,24.1,44.97,1012.47,315.7
3300.0,24.11,44.16,1012.57,315.0
3301.0,24.0,45.0,1012.64,322.8
3302.0,24.0,44.44,1012.48,317.9
3303.0,23.97,45.17,1012.47,321.8
3304.0,24.05,45.09,1012.2,323.8
3305.0,24.0,44.95,1012.37,321.0
3306.0,23.89,44.6,1012.39,316.9
3307.0,23.96,45.25,1012.53,319.8
3308.0,23.87,45.88,1012.53,322.7
3309.0,23.76,44.76,1012.36,323.7
3310.0,23.98,44.93,1012.44,319.7
3311.0,24.07,45.25,1012.36,317.5
3312.0,23.87,44.42,1012.67,319.8
3313.0,24.0,45.28,1012.5,317.2
3314.0,23.85,44.76,1012.44,320.7
3315.0,23.98,44.99,1012.36,321.5
3316.0,24.0,44.94,1012.23,314.5
3317.0,24.05,45.03,1012.01,313.8
3318.0,24.08,44.95,1012.5,313.9
3319.0,24.04,44.36,1012.18,323.4
3320.0,23.96,45.34,1012.37,323.0
3321.0,24.02,44.85,1012.42,319.8
3322.0,24.04,45.09,1012.23,314.4
3323.0,23.93,44.67,1012.48,321.8
3324.0,23.92,45.16,1012.47,316.3
3325.0,23.98,45.15,1012.35,322.7
3326.0,23.98,44.57,1012.58,322.8
3327.0,24.05,44.12,1012.39,315.9
3328.0,24.02,44.89,1012.37,320.0
3329.0,24.13,44.73,1012.48,321.5
3330.0,24.13,44.68,1012.41,316.9
3331.0,23.99,45.67,1012.5,324.2
3332.0,24.09,45.92,1011.98,321.2
3333.0,23.99,44.81,1012.25,322.2
3334.0,24.06,44.83,1012.25,320.1
3335.0,24.06,44.39,1012.48,317.2
3336.0,24.15,45.88,1012.2,317.0
3337.0,23.94,45.6,1012.61,326.0
3338.0,24.24,43.94,1012.44,322.1
3339.0,23.86,44.56,1012.25,321.2
3340.0,23.97,45.63,1012.28,320.9
3341.0,24.01,45.32,1012.07,318.2
3342.0,23.99,44.82,1012.54,319.6
3343.0,24.1,44.85,1012.77,319.6
3344.0,24.04,44.87,1012.65,328.4
3345.0,24.08,45.29,1012.38,318.9
3346.0,24.05,44.97,1012.61,322.9
3347.0,24.01,44.76,1012.34,329.0
3348.0,24.0,44.37,1012.47,319.2
3349.0,24.06,45.05,1012.13,311.9
3350.0,24.02,44.91,1012.55,319.6
3351.0,24.05,44.65,1012.45,317.1
3352.0,23.95,45.02,1012.51,325.3
3353.0,23.91,44.96,1012.45,318.7
3354.0,24.02,44.72,1012.61,327.6
3355.0,24.01,45.23,1012.44,322.3
3356.0,23.95,45.4,1011.93,321.4
3357.0,24.03,44.47,1012.58,321.8
3358.0,24.01,45.39,1012.42,315.6
3359.0,23.91,44.95,1012.24,316.4
3360.0,23.93,45.3,1012.47,319.7
3361.0,23.98,44.7,1012.31,322.9
3362.0,23.96,45.32,1012.61,323.4
3363.0,23.99,44.55,1012.37,320.9
3364.0,23.98,44.63,1012.37,318.8
3365.0,23.95,44.86,1012.28,318.3
3366.0,24.18,44.99,1012.47,318.7
3367.0,23.97,45.41,1012.41,322.7
3368.0,24.02,44.78,1012.4,325.9
3369.0,24.16,45.7,1012.37,325.5
3370.0,23.95,44.73,1012.31,318.1
3371.0,23.91,45.34,1012.22,318.7
3372.0,24.02,45.04,1012.24,317.6
3373.0,24.08,44.95,1012.5,317.0
3374.0,23.91,45.24,1012.85,321.7
3375.0,23.95,44.99,1012.33,317.0
3376.0,23.97,44.5,1012.73,323.5
3377.0,23.95,44.65,1012.37,320.2
3378.0,24.08,45.01,1012.36,324.8
3379.0,24.01,45.12,1012.47,319.8
3380.0,24.06,45.69,1012.46,320.6
3381.0,23.97,45.11,1012.49,316.4
3382.0,23.99,44.56,1012.23,317.0
3383.0,23.88,45.5,1012.22,325.3
3384.0,23.91,45.72,1012.29,315.5
3385.0,24.05,44.46,1012.46,322.2
3386.0,23.9,45.06,1012.32,325.2
3387.0,23.96,45.13,1012.63,322.4
3388.0,24.09,45.79,1012.73,321.0
3389.0,24.04,45.03,1012.33,322.0
3390.0,24.07,45.23,1012.43,322.8
3391.0,24.01,44.68,1012.45,318.6
3392.0,24.13,45.14,1012.55,322.3
3393.0,23.98,45.35,1012.52,324.4
3394.0,24.03,45.36,1012.54,315.6
3395.0,24.05,44.88,1012.51,315.2
3396.0,24.0,44.94,1012.59,323.0
3397.0,24.02,45.02,1012.42,321.0
3398.0,23.83,45.44,1012.66,324.0
3399.0,23.96,44.98,1012.46,318.9
3400.0,23.83,44.99,1012.71,324.0
3401.0,24.15,45.37,1012.46,318.8
3402.0,24.06,45.42,1012.49,318.7
3403.0,24.21,45.43,1012.28,320.2
3404.0,24.02,44.75,1012.37,318.2
3405.0,24.07,45.31,1012.33,323.1
3406.0,23.9,44.51,1012.01,317.8
3407.0,24.1,45.04,1012.43,320.5
3408.0,23.76,45.07,1012.3,320.8
3409.0,24.18,45.36,1012.46,320.5
3410.0,24.02,44.59,1012.36,322.1
3411.0,24.0,45.24,1012.59,320.8
3412.0,24.12,44.96,1012.51,318.8
3413.0,23.86,45.07,1012.64,320.2
3414.0,24.17,44.6,1012.7,324.5
3415.0,24.0,44.77,1012.7,316.9
3416.0,23.99,44.77,1012.46,319.1
3417.0,23.87,44.88,1012.08,319.8
3418.0,24.13,45.01,1012.39,318.0
3419.0,24.04,44.9,1012.49,319.0
3420.0,23.89,45.27,1012.21,316.3
3421.0,24.03,45.19,1012.57,314.8
3422.0,24.08,45.29,1012.5,323.7
3423.0,24.16,44.09,1012.3,321.6
3424.0,23.94,44.65,1012.18,318.4
3425.0,24.09,44.72,1012.46,318.0
3426.0,24.01,44.87,1012.48,316.9
3427.0,23.94,45.85,1012.14,323.0
3428.0,23.92,45.35,1012.26,317.8
3429.0,24.05,44.78,1012.39,316.6
3430.0,23.92,44.98,1012.74,320.5
3431.0,24.25,44.95,1012.12,325.2
3432.0,24.07,44.83,1012.23,313.6
3433.0,24.09,45.37,1012.53,325.5
3434.0,23.82,44.63,1012.41,320.6
3435.0,24.14,45.13,1012.5,313.9
3436.0,24.03,45.21,1012.5,319.8
3437.0,23.95,44.35,1012.2,324.6
3438.0,24.01,44.55,1012.52,317.9
3439.0,24.06,45.8,1012.27,318.1
3440.0,24.01,45.05,1012.24,321.6
3441.0,23.97,44.86,1012.26,322.2
3442.0,24.06,45.44,1012.29,317.8
3443.0,23.91,45.39,1012.37,321.6
3444.0,24.12,45.35,1012.27,318.0
3445.0,23.95,44.73,1012.37,316.2
3446.0,23.88,44.6,1012.41,321.5
3447.0,24.05,44.89,1012.21,323.6
3448.0,23.88,44.98,1012.59,321.5
3449.0,24.03,44.58,1012.35,318.5
3450.0,23.89,45.2,1012.48,320.2
3451.0,23.91,44.8,1012.48,318.0
3452.0,24.15,44.62,1012.28,319.2
3453.0,24.08,45.6,1012.53,318.6
3454.0,24.08,45.47,1012.61,317.7
3455.0,23.98,45.09,1012.44,320.4
3456.0,23.87,44.55,1012.56,317.6
3457.0,23.98,45.1,1012.38,318.8
3458.0,24.02,44.6,1012.5,320.2
3459.0,24.03,45.2,1012.52,319.6
3460.0,23.81,44.24,1012.56,318.3
3461.0,23.98,45.06,1012.35,322.8
3462.0,24.02,44.42,1012.29,325.6
3463.0,24.01,44.72,1012.18,322.1
3464.0,23.99,45.28,1012.54,317.3
3465.0,24.17,45.75,1012.36,325.4
3466.0,24.1,44.91,1012.39,323.5
3467.0,24.09,45.44,1012.46,322.2
3468.0,24.06,44.9,1012.37,317.3
3469.0,24.04,44.44,1012.12,320.3
3470.0,24.03,44.75,1012.45,316.2
3471.0,23.88,45.03,1012.27,319.7
3472.0,23.97,45.17,1012.48,320.4
3473.0,24.04,45.18,1012.33,320.9
3474.0,23.91,45.28,1012.41,312.9
3475.0,24.08,45.07,1012.5,316.4
3476.0,23.94,45.38,1012.28,318.2
3477.0,23.96,45.43,1012.35,321.9
3478.0,23.9,45.46,1012.66,323.8
3479.0,24.06,45.0,1012.24,313.5
3480.0,24.0,45.12,1012.32,320.6
3481.0,24.01,44.63,1012.69,321.4
3482.0,24.0,44.94,1012.54,316.8
3483.0,23.94,44.36,1012.14,319.0
3484.0,23.87,44.82,1012.58,318.8
3485.0,23.95,44.77,1012.23,322.9
3486.0,23.93,44.8,1012.64,325.3
3487.0,24.0,45.34,1012.22,319.8
3488.0,24.04,44.76,1012.43,321.0
3489.0,23.9,45.31,1012.54,321.3
3490.0,24.03,45.38,1012.46,320.3
3491.0,24.1,44.65,1012.19,320.1
3492.0,24.1,45.17,1012.64,317.8
3493.0,23.98,44.74,1012.37,318.9
3494.0,23.9,44.99,1012.31,320.6
3495.0,23.91,44.37,1012.29,324.9
3496.0,24.06,45.08,1012.38,318.0
3497.0,23.96,44.96,1012.36,315.6
3498.0,24.0,44.87,1012.08,323.9
3499.0,24.05,45.32,1012.51,318.4
3500.0,24.08,45.53,1012.32,324.7
3501.0,24.08,44.72,1012.03,325.0
3502.0,24.0,44.94,1012.39,319.9
3503.0,24.02,45.03,1012.33,319.5
3504.0,23.85,44.95,1012.46,323.5
3505.0,23.91,45.64,1012.45,321.8
3506.0,24.0,45.53,1012.32,323.3
3507.0,24.01,44.98,1012.55,320.5
3508.0,24.06,45.09,1012.62,322.5
3509.0,23.94,45.72,1012.3,319.8
3510.0,24.05,44.78,1012.27,317.0
3511.0,24.02,44.81,1012.67,317.3
3512.0,24.04,44.93,1012.54,321.7
3513.0,23.92,44.4,1012.44,317.9
3514.0,24.04,45.07,1012.4,321.6
3515.0,24.08,45.04,1012.47,319.5
3516.0,24.03,44.93,1012.33,319.4
3517.0,24.02,45.44,1012.24,315.9
3518.0,23.95,44.73,1012.43,326.8
3519.0,23.91,45.44,1012.38,319.5
3520.0,24.06,45.48,1012.51,321.7
3521.0,23.94,44.88,1012.61,317.3
3522.0,23.85,45.31,1012.29,320.9
3523.0,24.15,45.55,1012.39,317.9
3524.0,23.95,43.82,1012.45,323.2
3525.0,24.02,44.87,1012.67,321.3
3526.0,23.98,45.4,1012.68,317.1
3527.0,24.07,44.57,1012.19,321.1
3528.0,24.09,45.65,1012.46,317.4
3529.0,23.88,45.43,1012.41,318.1
3530.0,24.02,45.24,1012.32,317.5
3531.0,23.96,45.18,1012.45,325.1
3532.0,24.02,44.98,1012.22,322.6
3533.0,24.07,45.09,1012.34,321.4
3534.0,24.04,45.4,1012.28,324.0
3535.0,23.94,45.44,1012.27,319.4
3536.0,24.09,45.09,1012.28,320.1
3537.0,23.99,44.75,1012.4,318.0
3538.0,24.13,45.2,1012.18,320.4
3539.0,24.2,44.95,1012.25,315.9
3540.0,24.09,45.32,1012.54,320.1
3541.0,23.93,44.83,1012.24,321.1
3542.0,24.1,45.1,1012.67,322.3
3543.0,24.07,44.89,1012.52,322.7
3544.0,24.1,45.39,1012.5,318.7
3545.0,24.0,44.73,1012.24,319.3
3546.0,24.0,44.07,1012.32,324.0
3547.0,24.01,44.41,1012.08,315.6
3548.0,24.03,44.91,1012.31,322.9
3549.0,23.94,45.46,1012.6,320.8
3550.0,24.03,45.53,1012.01,319.3
3551.0,23.94,44.6,1012.39,321.3
3552.0,24.09,45.33,1012.49,319.7
3553.0,24.12,44.6,1012.44,319.2
3554.0,24.12,44.28,1012.36,322.3
3555.0,24.01,45.77,1012.16,319.3
3556.0,23.98,44.9,1012.5,322.3
3557.0,23.86,45.07,1012.64,319.1
3558.0,23.98,44.18,1012.54,321.8
3559.0,24.15,45.21,1012.41,320.4
3560.0,23.88,44.92,1012.35,321.2
3561.0,23.86,44.41,1012.28,316.7
3562.0,24.01,43.99,1012.32,317.1
3563.0,23.82,44.62,1012.73,321.7
3564.0,23.97,45.2,1012.74,319.7
3565.0,23.94,45.9,1012.46,318.9
3566.0,23.96,45.23,1012.07,317.8
3567.0,24.17,45.46,1012.49,314.8
3568.0,23.88,45.34,1012.56,320.5
3569.0,24.03,44.68,1012.05,322.0
3570.0,23.98,44.57,1012.39,321.2
3571.0,23.99,44.22,1012.17,315.8
3572.0,23.83,45.23,1012.61,323.4
3573.0,24.1,44.35,1012.49,320.8
3574.0,24.01,45.07,1012.44,314.4
3575.0,23.91,45.19,1012.4,317.0
3576.0,23.95,44.89,1012.28,325.0
3577.0,23.98,44.47,1012.33,321.2
3578.0,24.1,45.06,1012.4,320.7
3579.0,23.82,45.44,1012.55,324.8
3580.0,24.01,45.41,1012.5,319.8
3581.0,24.03,45.11,1012.48,318.5
3582.0,23.97,45.54,1012.38,320.0
3583.0,24.09,45.29,1012.41,315.1
3584.0,23.96,45.33,1012.67,326.4
3585.0,24.02,44.59,1012.39,323.0
3586.0,23.99,45.06,1012.26,321.7
3587.0,24.01,45.15,1012.35,318.2
3588.0,24.0,44.78,1012.26,319.3
3589.0,24.1,45.38,1012.33,319.6
3590.0,24.05,45.37,1012.41,319.2
3591.0,23.88,45.39,1012.51,320.8
3592.0,24.11,45.2,1012.51,323.1
3593.0,24.1,45.07,1012.19,318.8
3594.0,24.07,45.31,1012.42,317.1
3595.0,24.02,45.37,1012.28,322.3
3596.0,24.0,45.37,1012.49,319.5
3597.0,23.92,44.89,1012.47,316.7
3598.0,23.98,44.61,1012.28,321.2
3599.0,24.05,45.06,1012.28,320.8
